:020000040800F2
:10000000000008247D060008C9060008C90600088B
:10001000C9060008C9060008C9060008000000005B
:10002000000000000000000000000000B50500080E
:10003000C9060008000000004F0600085F0600081F
:10004000C9060008C9060008C9060008C906000854
:10005000C9060008C9060008C9060008C906000844
:10006000C9060008C9060008C9060008C906000834
:10007000C9060008C9060008C9060008C906000824
:10008000C9060008C9060008C9060008C906000814
:10009000C9060008C9060008C9060008C906000804
:1000A000C9060008C9060008C9060008C9060008F4
:1000B000C9060008C9060008C9060008C9060008E4
:1000C000C9060008C9060008C9060008C9060008D4
:1000D000C9060008C9060008C9060008C9060008C4
:1000E000C9060008C906000800000000C90600088B
:1000F000C9060008C9060008C9060008C9060008A4
:10010000C9060008C9060008C9060008C906000893
:10011000C9060008C9060008C9060008C906000883
:10012000C9060008C9060008C9060008C906000873
:10013000C9060008C9060008C9060008C906000863
:10014000C9060008C9060008000000000000000001
:10015000C9060008C9060008C9060008C906000843
:10016000C9060008C9060008C9060008C906000833
:10017000C9060008C9060008C906000800000000FA
:10018000C9060008C9060008C9060008C906000813
:10019000C9060008C9060008C9060008C906000803
:1001A000C9060008C9060008C9060008C9060008F3
:1001B000C9060008C9060008C9060008C9060008E3
:1001C000C9060008C9060008C9060008C9060008D3
:1001D000C9060008C9060008C9060008C9060008C3
:1001E000C9060008C9060008C9060008C9060008B3
:1001F000C9060008C9060008C9060008C9060008A3
:10020000C9060008C9060008C9060008C906000892
:10021000C9060008C9060008C9060008C906000882
:10022000C9060008C9060008C9060008C906000872
:10023000C90600087D5B0008C9060008C906000859
:10024000C9060008C9060008C9060008C906000852
:10025000C9060008C9060008C9060008C906000842
:10026000C9060008C9060008C9060008C906000832
:10027000C9060008C9060008C9060008C906000822
:10028000C9060008C9060008C906000800000000E9
:10029000C9060008C90600080000000000000000B0
:1002A000000000000000000000000000000000004E
:1002B000000000000000000000000000000000003E
:1002C000000000000000000000000000000000002E
:1002D000000000000000000000000000000000001E
:1002E000000000000000000000000000000000000E
:1002F0004D4355626F6F742041726475696E6F0073
:10030000FFFFFFFFFFFFFFFFFFFFFFFFFFFFFFFFFD
:10031000FFFFFFFFFFFFFFFFFFFFFFFFFFFFFFFFED
:10032000FFFFFFFFFFFFFFFFFFFFFFFFFFFFFFFFDD
:10033000FFFFFFFFFFFFFFFFFFFFFFFFFFFFFFFFCD
:10034000FFFFFFFFFFFFFFFFFFFFFFFFFFFFFFFFBD
:10035000FFFFFFFFFFFFFFFFFFFFFFFFFFFFFFFFAD
:10036000FFFFFFFFFFFFFFFFFFFFFFFFFFFFFFFF9D
:10037000FFFFFFFFFFFFFFFFFFFFFFFFFFFFFFFF8D
:10038000FFFFFFFFFFFFFFFFFFFFFFFFFFFFFFFF7D
:10039000FFFFFFFFFFFFFFFFFFFFFFFFFFFFFFFF6D
:1003A000FFFFFFFFFFFFFFFFFFFFFFFFFFFFFFFF5D
:1003B000FFFFFFFFFFFFFFFFFFFFFFFFFFFFFFFF4D
:1003C000FFFFFFFFFFFFFFFFFFFFFFFFFFFFFFFF3D
:1003D000FFFFFFFFFFFFFFFFFFFFFFFFFFFFFFFF2D
:1003E000FFFFFFFFFFFFFFFFFFFFFFFFFFFFFFFF1D
:1003F000FFFFFFFFFFFFFFFFFFFFFFFFFFFFFFFF0D
:10040000FFFFFFFFFFFFFFFFFFFFFFFFFFFFFFFFFC
:10041000FFFFFFFFFFFFFFFFFFFFFFFFFFFFFFFFEC
:10042000FFFFFFFFFFFFFFFFFFFFFFFFFFFFFFFFDC
:10043000FFFFFFFFFFFFFFFFFFFFFFFFFFFFFFFFCC
:10044000FFFFFFFFFFFFFFFFFFFFFFFFFFFFFFFFBC
:10045000FFFFFFFFFFFFFFFFFFFFFFFFFFFFFFFFAC
:10046000FFFFFFFFFFFFFFFFFFFFFFFFFFFFFFFF9C
:10047000FFFFFFFFFFFFFFFFFFFFFFFFFFFFFFFF8C
:10048000FFFFFFFFFFFFFFFFFFFFFFFFFFFFFFFF7C
:10049000FFFFFFFFFFFFFFFFFFFFFFFFFFFFFFFF6C
:1004A000FFFFFFFFFFFFFFFFFFFFFFFFFFFFFFFF5C
:1004B000FFFFFFFFFFFFFFFFFFFFFFFFFFFFFFFF4C
:1004C000FFFFFFFFFFFFFFFFFFFFFFFFFFFFFFFF3C
:1004D000FFFFFFFFFFFFFFFFFFFFFFFFFFFFFFFF2C
:1004E000FFFFFFFFFFFFFFFFFFFFFFFFFFFFFFFF1C
:1004F000FFFFFFFFFFFFFFFFFFFFFFFFFFFFFFFF0C
:1005000010B5054C237833B9044B13B10448AFF34D
:1005100000800123237010BD20040024000000008F
:100520003CC1010808B5034B1BB103490348AFF3B5
:10053000008008BD00000000240400243CC1010824
:10054000154B002B08BF134B9D46A3F5803A0021A5
:100550008B460F461348144A121A18F097F90F4B9E
:10056000002B00D098470E4B002B00D0984700205E
:10057000002104000D000D48002802D00C480CF0AA
:100580005BFF17F07BFF2000290014F057F80DF0F7
:1005900021F900BF0000080000000824000000004E
:1005A000C14701082004002458A5022439D40008BA
:1005B000000000001EF0040F0CBFEFF30880EFF303
:1005C0000980816911F8021C002932D101B590E837
:1005D0000F10E047BDE800508CE80300244B93E87F
:1005E0000600914208BF70471A6041B91EF0100F13
:1005F00010D1204B186820F0010018600AE02CE9A7
:10060000F00F1EF0100F08BF2CED108A81F822E0C9
:10061000C1F838C0906B92F8221061F0FF0E1EF006
:10062000100F08BFB0EC108AB0E8F00F80F3098813
:100630007047114A13689942FAD801B552F821C09F
:100640000FC8E047BDE80050CCF80000704701B586
:1006500014F0EEFABDE80140EFF3098CBEE701B5F6
:1006600014F028FBBDE80140EFF3098CB6E7000069
:100670002C01002434EF00E0ACBE0108DFF830D0DC
:1006800005F0AEFA002103E00A4B5B5843500431F9
:1006900009480A4B42189A42F6D3094A02E000235D
:1006A00042F8043B074B9A42F9D3FFF749FF7047E2
:1006B0000000082414F0010800000024180400249D
:1006C0002004002458A50224FEE70000264B022245
:1006D00083F83E201B681A6A22F001021A621A6A25
:1006E00042F001021A62214A934219D002F5806257
:1006F000934215D002F57052934211D002F58062F8
:1007000093420DD002F58062934209D0B3F1804F3D
:100710000ED19968164A0A40062A21D10020704756
:100720005A6C42F400425A64104A9342EED1F0E708
:10073000104A9342EDD002F580629342E9D002F56F
:1007400080629342E5D002F578429342E1D0A2F56F
:100750006C429342DDD01A6842F001021A60DDE774
:10076000B2F5803FF7D1D9E76405002400000140CD
:10077000070001000004004008B5044B027853F85C
:10078000220003685B6B9847C0B208BD00000024DC
:1007900073B50E4600781146064A002452F8200030
:1007A0000268CDE90034234695693246A84702B075
:1007B00070BD00BF0000002410B5846802EB011278
:1007C00001312023A03C0C32A4EB4111FFF7E0FFE4
:1007D000003818BF012010BD024B6FF002021B68E9
:1007E0001A61704764050024034B1A68D36823F02C
:1007F0000203D360704700BF64050024064B6FF00E
:1008000002021B681A615A6942F002025A61DA68F0
:1008100042F00202DA60704764050024054B6FF075
:1008200002021B6858631A61DA6842F00202DA6059
:10083000704700BF64050024014B586A704700BF31
:10084000000C0040064A1168CB6823F00203CB601D
:1008500092F83E30012B01D1FFF738BF704700BF3F
:1008600064050024074B084A13601A69910708D5EC
:10087000DA68920705D56FF0020204481A610CF09D
:1008800097BE7047000C004064050024A4AC01082A
:100890000048704754AC01086AB101F00301074BEE
:1008A0000329596808D000F47060B0F5706F03D167
:1008B00021EA02025A6070470A43FBE7000400582D
:1008C00030B5114B114DD5F894409C42FBD14943B2
:1008D000012A01EB41034FEA41046FEA030304D00C
:1008E000022A0BD0C26813400BE0C26813401943C0
:1008F000C160064B4FF440725A6130BDC26813406C
:100900002343C360F5E700BF000300800064025882
:100910002DE9F04191F800E04B7874464E69012BC7
:10092000354F4FEA4414DFF8D4C044D100F51065C8
:100930002B19B6B91E6937401F611E6946F400269F
:100940001E611E6906EA0C06012A1E6122D10A698F
:1009500002B15A612B5943F004432B510020BDE8EA
:10096000F081D3F8108008EA0C0CC3F810C0D3F85B
:1009700010C00CEA07071F618F68BE421E6946F46B
:10098000002688BF4F611E614E691F69C6F31206BB
:100990003E43D9E72B5943F004432B514B69002BBD
:1009A000DCD00EF00F020123D0F8341893400B4333
:1009B000C0F83438D2E700F5306003191D6905EA44
:1009C0000C051D611D693D401D618D6806B14D61BD
:1009D0001E69C5F31205012A46F400261E611E6930
:1009E00045EA06051D6102D1CA6802B15A61035980
:1009F00043F004430351B1E7FFFF07E00000F8FFB5
:100A00004E4A70B5946A966AD36A16F07C7FC6F334
:100A10000551556C00F08D8007EE901AC3F300234A
:100A2000C5F3CC0104F00304F8EEE76A4B43012C54
:100A3000B7EE006A07EE903AFAEEE97A6BD0022C34
:100A40005BD0002C67D113689B0646D51168136CE8
:100A5000C1F3C1013A4AC3F30803CA4007EE102AA2
:100A6000F8EEC75A85EEA67A06EE903AF8EEE66AF8
:100A700076EEA77A77EE867A304A67EE877A136C3D
:100A8000C3F3462307EE103AB8EEC77A37EE067A7C
:100A9000C7EE876AFCEEE66AC0ED006A136CC3F32A
:100AA000064307EE103AB8EEC77A37EE067AC7EE7D
:100AB000876AFCEEE66AC0ED016A136CC3F3066355
:100AC00007EE103AB8EEC77A37EE066A87EE867AF6
:100AD000BCEEC77A80ED027A70BD136CDFED195A57
:100AE000C3F3080307EE103AB8EEC77A77EE277A19
:100AF00077EE867A85EEA67ABEE7136CDFED125AA2
:100B0000C3F3080307EE103AB8EEC77A77EE277AF8
:100B100077EE867AEEE7136CDFED0C5AC3F3080329
:100B200007EE103AB8EEC77A77EE277A77EE867A34
:100B3000E0E7C0E900118160CEE700BF0044025841
:100B40000090D0030024744C0024744B0024744A99
:100B50004E4A70B5946A966AD36A16F47C3FC6F31F
:100B60000531D56B00F08D8007EE901AC3F30013AA
:100B7000C5F3CC0104F00304F8EEE76A4B43012C03
:100B8000B7EE006A07EE903AFAEEE97A6BD0022CE3
:100B90005BD0002C67D113689B0646D51168936B18
:100BA000C1F3C1013A4AC3F30803CA4007EE102A51
:100BB000F8EEC75A85EEA67A06EE903AF8EEE66AA7
:100BC00076EEA77A77EE867A304A67EE877A936B6D
:100BD000C3F3462307EE103AB8EEC77A37EE067A2B
:100BE000C7EE876AFCEEE66AC0ED006A936BC3F35A
:100BF000064307EE103AB8EEC77A37EE067AC7EE2C
:100C0000876AFCEEE66AC0ED016A936BC3F3066384
:100C100007EE103AB8EEC77A37EE066A87EE867AA4
:100C2000BCEEC77A80ED027A70BD936BDFED195A86
:100C3000C3F3080307EE103AB8EEC77A77EE277AC7
:100C400077EE867A85EEA67ABEE7936BDFED125AD1
:100C5000C3F3080307EE103AB8EEC77A77EE277AA7
:100C600077EE867AEEE7936BDFED0C5AC3F3080359
:100C700007EE103AB8EEC77A77EE277A77EE867AE3
:100C8000E0E7C0E900118160CEE700BF00440258F0
:100C90000090D0030024744C0024744B0024744A48
:100CA000002070476FF0570070476FF05700704793
:100CB000036810B49C6C0023A4461A465DF8044BEC
:100CC00060476FF05700704743680A46196810B4D0
:100CD0008C6D8168184623465DF8044B18474368BD
:100CE00081681A681846526D1047436881681A680F
:100CF0001846126D1047436881681A681846D26C0E
:100D0000104730B4446813462268956C0A468168DF
:100D10002046AC4630BC6047436881681A68184674
:100D2000526C1047436881681A681846126C104765
:100D300030B4446813462268D56B0A468168204661
:100D4000AC4630BC604730B4446813462268956BAB
:100D50000A4681682046AC4630BC604710B5044660
:100D6000406830B10368A1685B6B984700236360FB
:100D700010BD6FF01500FBE738B50446FFF7EEFF36
:100D80000546236820465B689847284638BD70B5FD
:100D90000D464168044641B929680E6B00F108010F
:100DA0002846B04700B9656070BD6FF01500FBE7DD
:100DB000044B10B50360044643680BB1FFF7CEFF48
:100DC000204610BD28AB0108034B10B50446036054
:100DD000FFF7EEFF204610BDB4AB01084368816801
:100DE0001A681846526F1047436881681A68184697
:100DF000126F1047436881681A681846D26E104710
:100E000043680A46196810B48C6E816818462346F8
:100E10005DF8044B184710B50446406830B10368CC
:100E2000A1681B6E98470023636010BD6FF015002A
:100E3000FBE738B50446FFF7EEFF0546236820467A
:100E40005B689847284638BD38B5436804460D4668
:100E500043B90B6800F108012846DB6D984700B9DB
:100E6000656038BD6FF01500FBE70000044B10B55E
:100E70000360044643680BB1FFF7CDFF204610BD69
:100E8000FCAA0108034B10B504460360FFF7EEFF10
:100E9000204610BD88AB01080368013303600020C1
:100EA0007047F7B5089F0E4604681946C0690023CD
:100EB000256800970027E0FB0623204601976D690F
:100EC000A84703B0F0BDF7B5089F0E460468194661
:100ED000C0690023256800970027E0FB0623204611
:100EE0000197AD69A84703B0F0BD37B50468C36981
:100EF00000202268009301902046D569A1FB0323BE
:100F0000A84703B030BD006803681B691847002874
:100F100007DC10F1160F04DA10F1340F08BF6FF080
:100F2000890070470B4640F20112002170B504465B
:100F3000184617F0ABFC03466068A1680268556E5E
:100F40001A462B46BDE870401847000038B50C4BD8
:100F500004460C4D03600023C0E9013101230373F3
:100F6000284610F00BFF09F06FFD074B28461A6862
:100F70001C60626010F002FF09F046FD204638BD9B
:100F800008AC0108D8060024D406002413B50C468A
:100F9000A430019009F058FDA469019809F034FDCE
:100FA000204602B0BDE81040FFF7B1BF37B50D468F
:100FB000A430019009F048FDEB696C6913F4003F1F
:100FC000019803D02B6A9C4238BF1C4609F01CFDD7
:100FD000204603B0BDE83040FFF799BF13B50C467B
:100FE000A430019009F030FD246A019809F00CFD4D
:100FF000204602B0BDE81040FFF789BF10B5044697
:10100000FFF7E2FE204617F0D7FB204610BD10B5D3
:101010000446FFF737FF204617F0CEFB204610BDF1
:1010200010B50446FFF7C4FE204617F0C5FB204666
:1010300010BD10B50446FFF719FF204617F0BCFBA2
:10104000204610BD37B50546A4300C46019009F086
:10105000FBFC05F124026B6A01981BB19C420DD187
:101060002368136009F0D0FC14B1204617F0A4FBEC
:10107000002003B0BDE83040FFF749BF1A461B68A7
:10108000EBE700002DE9F04FE9B0054693460F4627
:101090004422002115A8984617F0F8FBEA6D42F2A9
:1010A00010735946073215A82393D2080DF0D6FFC6
:1010B0000446002840F0D18105F1340108F10C000C
:1010C0000DF03CFF002840F0A38005F128014046C8
:1010D0000DF034FFB0FA80F35B090593EB6DB3F5C7
:1010E000C07F2CBF052204220392059A12B1039AF5
:1010F00001320392039A934298BF0222013B02F10C
:10110000FF390392012202FA09F206929DF8182093
:101110000492039A1344B3FBF2F30293059B13B1B9
:101120006E6F002E5ED12421069818F053FE0646FD
:10113000002800F0958100244FF0240A0AFB046087
:1011400001340DF0C7FE049AE3B29A42F6D8414644
:1011500030460EF017FB044600286ED1029B8046F5
:1011600003FB09FA4FF00109D04553D10DF198095D
:1011700000220123484603EBC30101325B0006EB6A
:101180008101DBB240F8041B04999942F3D826A9E7
:10119000284610F041F8044600284ED14FF00108CF
:1011A00008EBC803C24606EB830352460AF1FF3A36
:1011B000002A6BD14FEA4808049B5FFA88F8434540
:1011C000EED824230132069991426DD14A1E284659
:1011D00026A910F021F8044678BB059B13B1069BA5
:1011E0006E67AB67002405F14C0801230DF124095B
:1011F000214640460E94C9F80840C9E90034CDE9BB
:101200000C340EF004F8012853D0A4F59F4414E0E8
:10121000059463E7029BB8FBF3F009FA00F124237D
:10122000C9B203FB0162029B03FB1080E8B11146C7
:1012300028460FF05DFB044628B315A80DF078FD95
:10124000442115A80CF0FAFF42F2107323936B6F40
:10125000B34202D0002E40F0128114B138460EF095
:101260001EF9204669B0BDE8F08F49081046079284
:1012700001EBC10106EB81010EF084FA079A0446E6
:101280000028D4D0D9E708F101086DE724222846C8
:10129000079302FB0AF1721819440FF06FFC079BC9
:1012A0000446002881D0C8E703FB026149F8041B0B
:1012B00088E7214658460DF0AAFFB0FA80FA594651
:1012C00048460EF033FA04464FEA5A1A00BB5A4613
:1012D00041460CA80EF0E7FE0446C8B952460CA9D8
:1012E00048460EF085F8044690B9029B0DF1980827
:1012F000014626A85A1CA34617F0C8FA4346029A8C
:101300005A454FD14FF0000E4FF0010CE34565D226
:101310000CA80EF0A3F809A80EF0A0F8002C8CD1B0
:101320000CA80DF198080DF0D5FD029B3246394608
:1013300018F8033028460093049B0EF0FBFE044689
:1013400088B9012107F118000DF0B2FF044650B929
:1013500015AB4D4A394628460FF060FA044610B9DD
:10136000029B002B5BD10CA80EF08BF8002C7FF4B5
:1013700064AF5246394628460EF0B8FE04460028AF
:101380007FF45BAF15AB404A394628460FF046FA6A
:10139000044600287FF451AF394628460FF0EEFE90
:1013A00004464AE75946002248460591CDE90632EF
:1013B0000DF02DFF079A069B9040029993F800C00C
:1013C00001324CEA00001870084605990144039860
:1013D0009042E9D80BF1010B013390E798F8010036
:1013E0000CF1010C98F8002080EA0E0300EA0E00D0
:1013F000D9435BB201F0010112FB01F252B203EAE0
:101400000209534008F8013F49EA000E18F8013C70
:101410005FFA8EFE43EAC11108F8011C76E7029BD1
:101420003A4639462846013B02930FF061FA90B9DB
:10143000029B32460CA9284613F808300093049BFF
:101440000EF078FE38B90CAB3A46394628460FF014
:1014500095FB002884D0044685E700260496ECE638
:101460000A4CEAE608FB056001350EF018F8EBB20D
:10147000049A9A42F6D8304617F09EF9EDE6002518
:101480004FF02408F3E700BF41EE000880B2FFFFF1
:101490002DE9F04F2DED028BBBB004460E46914670
:1014A00008EE103A0DF040FD022840F09D814422E4
:1014B000002129A820AD17F0E9F942F2107328465F
:1014C000012737930DF006FDE26D0023494629A858
:1014D00007320493D208CDE902730DF0BFFD034635
:1014E000002862D118EE101A02A80EF01FF9034668
:1014F00000285AD118EE101A28460EF043F9034678
:10150000002852D1394630460DF0D2FE034600285D
:101510004BD106F11807014638460DF0C9FE0346C7
:10152000002842D104F1040B06F10C000DF096FFE7
:10153000594628460DF002FD00282EDA29ABB34AA1
:10154000294620460FF020F9034670BB48464FF06D
:1015500001080DF0B7FD431E0093009B01333FD1FE
:1015600029ABAA4A314620460FF00EF90346E0B9EE
:101570005A46394638460FF02DFC0346A8B93B467B
:101580003246314620460FF003F8034668B9012180
:1015900038460DF08DFE034607E05A462946284698
:1015A0000EF04DFA03460028C2D029A800930DF092
:1015B000BFFB442129A80CF041FE42F2107220A882
:1015C00037920DF05EFF02A80DF048FF009B002B44
:1015D00000F00B8118463BB0BDEC028BBDE8F08FEC
:1015E000009948460DF013FE29465FFA80FA30460E
:1015F00052460DF0BFFE03460028D6D1524626A91A
:1016000038460DF0B7FE03460028CED13B461F906A
:10161000324605A9CDE90580CDE90708CDE90900E5
:10162000CDE90B80CDE90D08CDE90F00CDE91180A2
:10163000CDE91308CDE91500CDE91780CDE91908EA
:10164000CDE91B00CDE91D8020460EF0C9FD034603
:10165000002840F0938005AB08A920461A460EF0FA
:1016600097FF0346002840F089803B4632460BA98D
:1016700020460EF0C5FD034600287FD10BAB0EA916
:1016800020461A460EF084FF0346002876D10EABA2
:1016900008AA11A920460EF0B3FD034600286DD11B
:1016A00026AB2A4614A920460EF09AFD03460028D0
:1016B00064D126AB2A4617A920460EF0A1FD0346A9
:1016C00000285BD105AB17AA1AA920460EF060FFCF
:1016D0000346002852D10BAB14AA1DA920460EF0D8
:1016E00057FF0346002849D11DAB1AAA29462046B8
:1016F0000EF076FD0346002840D12B462A462946A7
:1017000020460EF045FF0346002837D11DAB1AAA2C
:1017100026A920460EF074FD034678BB26AB204672
:101720001A4619460EF034FF034638BB26AB02AA10
:10173000204619460EF02CFF0346F8B90EAB08AA56
:10174000314620460EF024FF0346B8B911AB04F130
:101750001002394620460EF01BFF034670B93B4687
:101760000EAA394620460EF03BFD034630B93B46F3
:1017700011AA394620460EF00BFF034605A8019337
:101780000DF06CFE08A80DF069FE0BA80DF066FECA
:101790000EA80DF063FE11A80DF060FE14A80DF068
:1017A0005DFE17A80DF05AFE1AA80DF057FE1DA8F1
:1017B0000DF054FE019B002B7FF4F7AE52462946F4
:1017C00030460DF0D7FD034600287FF4EEAE5246BA
:1017D00026A938460DF0CEFD009B013B0093034641
:1017E00000283FF4BAAEE0E6094B204600930DF026
:1017F0009BFB0128009B7FF4EDAE18EE103A4A46A1
:1018000031462046FFF73EFC0346E3E641EE000882
:1018100080B0FFFFF7B505460C461046012116467D
:101820001F460DF0CEFB30B93946204603B0BDE867
:10183000F0400DF0A7BF4FF0FF3130460DF0C1FB77
:10184000A0B9394620460DF09DFF10BB04F10C02F3
:101850000146104601920DF0B4FB019AC8B1291D52
:10186000104603B0BDE8F0400EF01DBC31462846DE
:101870000DF0DEFC68B9394628460EF0D5FE40B9B9
:101880003B4632462146284603B0BDE8F040FFF70C
:10189000FFBD03B0F0BD30B58FB00C461946139DA7
:1018A000FBB10023CDE906330893130F8DF82430E4
:1018B000130D8DF82530130B12098DF826308DF895
:1018C00027204FF48E72237802FB0300129B05AA97
:1018D00005930AAB0430009306ABCDE901550FF038
:1018E000E1FD0FB030BD37B50223154601AA04460D
:1018F0000FF066FD18B9019B1BB96FF0630003B0D0
:1019000030BD236893F90030002BF6DB019B3BB11F
:1019100022681178A1B1042BEFD801D10B06ECD4C9
:1019200000232B60019B5A1E0192002BE7D02368F5
:10193000296813F8012B42EA01222A602360F1E7AB
:101940000132013B22600193E0E70000F8B50A2371
:10195000684E05460C46036033681BB90FF0A2FFC2
:101960000123336005F108032A46214604F11000E3
:1019700042F8043F8B78043111F8034C1B0443EA0E
:10198000042311F8044C234311F8014C884243EA24
:10199000046342F8043FEDD12B680C2B2ED00E2BA4
:1019A0005DD00A2B28D128465349544D00F1A0069A
:1019B0004269103055F8044B50F8087CC2F30723F5
:1019C0007C40CB5C6340140E0C5D83EA0443D4B2CC
:1019D0000C5D83EA0463C2F307440C5D83EA0423CD
:1019E00050F8044C836063400468C3606340036143
:1019F000534043618642DBD10020F8BD28463F4C6E
:101A0000C0353D49C269183054F8046B50F8107C59
:101A1000C2F307237E40CB5C7340160E8E5D83EAD3
:101A20000643D6B28E5D83EA0663C2F307468E5D37
:101A300083EA062350F80C6C8360734050F8086CFE
:101A4000C360734050F8046C0361734006684361DF
:101A5000734083615340C3618542D3D1CCE72846AC
:101A60002549264D00F1E006446A203055F8042B44
:101A700050F8187CC4F307237A40CB5C50F8087CFC
:101A80005340220E8A5C83EA0243E2B28A5C83EA14
:101A90000263C4F307428A5C83EA022350F8142CE1
:101AA0008360534050F8102CC360534050F80C2C06
:101AB00003615340DAB243618A5C7A401F0ECF5D06
:101AC00082EA0762C3F30727C3F30743CF5DCB5C0A
:101AD00082EA072282EA034350F8042C83615340D0
:101AE0000268C36153400362634043628642BBD1D4
:101AF00082E700BF000700243C0400243C050024CA
:101B0000F8B5037890F801C0012B057F0279077BB7
:101B1000866844792ED0022B2FD0002B30D14FF481
:101B200080738B610023C1F800C04D614B63C1E934
:101B30000B333FB3CB61CB60037C012B45D0022B31
:101B400048D0002B4BD14FF480430B620123027E1F
:101B5000002A47D000230B620B61437F012B6AD020
:101B6000022B6BD0002B6CD14FF0807300204B62A6
:101B70008862F8BD4FF40073D3E74FF44073D0E7A9
:101B80000023CEE7012A4E600BD0022A0CD072B996
:101B90004FF48063CB61032C09D8DFE804F00B0D10
:101BA00010134FF40063F5E74FF44063F2E7274862
:101BB0000BF036FE0023BEE74FF48053BBE74FF433
:101BC0000053B8E74FF44053B5E74FF400430B62BE
:101BD0000223BCE74FF440430B620423B7E7002322
:101BE0000B62B4E77BB3427CB2FBF3F403FB142437
:101BF00014F0FF0F27D1561EF610741C042C22DCA3
:101C0000C2EBC40212F0FF0210D0B2FBF3F39D420C
:101C100019D3EB1A4B61436903FA02F28A60032E6F
:101C200007D82404A4F580340C6196E743698B60DF
:101C3000F5E70748BCE74FF0007397E74FF04073B4
:101C400094E7002392E74FF0FF3092E7B4A6010833
:101C5000DDA6010870B500F1A4060C460546304625
:101C600008F0F2FE04F11002214605F1140006F01E
:101C700049FD38B9236963606369A3600E23A361DA
:101C80001023E3603046BDE8704008F0BDBE2DE98A
:101C9000F041064600F1A4070C46154614363846B6
:101CA00008F0D2FE04F110022146304606F02AFD6B
:101CB000D0B9236904F12408A56163606369A36056
:101CC0001023E360216A21F000439D4201D8E560C2
:101CD0000AE00029A5EB030506DA42462146304614
:101CE00006F010FD0028EDD03846BDE8F04108F0C0
:101CF0008BBE00002DE9F04100F1A408C8B00E46EB
:101D000005464046174608F09FFE4FF484720021B6
:101D100006A816F0BBFDB36914350E2B22D1222381
:101D2000364908A88DF8183017F09CFB0F230124C2
:101D3000B361404608F068FE012C0DD19DF81830C3
:101D4000112B59D0222B14BF0023032308A9384696
:101D500087F8003117F086FB204648B0BDE8F04117
:101D6000FFF7D5B80F2B08D12223254908A88DF8F5
:101D7000183017F077FB1023D9E702AA314628461E
:101D800007F094F8044618B1821C08BF0024D0E77D
:101D90009DF80C3003F07F02112A01D0222AECD1E9
:101DA0001B060CD504A9284607F0F0F8041EC0DB7A
:101DB000E3D19DF80C3003F07F038DF80C309DF8D3
:101DC0000C302846029A112B8DF8183002F10402CB
:101DD0009DF80E1004BF059B07939DF80D301A4423
:101DE0009DF80F300A440093716808AB06F07DFC43
:101DF000041E08BF01249CE70523A7E7F5A60108F8
:101E0000F4A6010830B500F1A40585B004462846C3
:101E10000193CDE9022108F017FE039904F11400A3
:101E2000DDE9013206F080FE0446284608F0ECFDAC
:101E3000204605B0BDE83040FFF769B82DE9F04114
:101E400000F1A40805460E46144640461F4608F019
:101E5000FBFD05F11400314606F0FCFD054670B9A6
:101E60003FB1012F336A01D11C4402E0022F0ED092
:101E70001C46002CAABF25466FF01505346240466B
:101E800008F0C2FD2846BDE8F041FFF740B873698D
:101E9000EAE737B500F1A40504460191284608F0A9
:101EA000D3FD019904F1140007F012FB0446284603
:101EB00008F0AAFD204603B0BDE83040FFF727B880
:101EC000F8B500F1A40705460C46384608F0BCFDFD
:101ED000214605F1140007F0FBFA05F12002064641
:101EE0002B6A1BB19C4216D123681360A3690BB106
:101EF0001B682BB96B695B6B13B9606B16F05CFCEC
:101F0000384608F081FD204616F056FC3046BDE804
:101F1000F840FEF7FCBF1A461B68E2E730B500F157
:101F2000A40585B0044628460193CDE9022108F0B6
:101F30008BFD039904F11400DDE9013206F027FF5F
:101F40000446284608F060FD204605B0BDE8304054
:101F5000FEF7DDBF2DE9F341064614460021282295
:101F600006F1A4072046002516F090FC384606F13D
:101F70001408019508F068FD06F1180006F0ABFBA7
:101F800028B901AA0D49404606F022FC054638460C
:101F900008F03AFD6DB9736F019AC4E90033B36F6D
:101FA000C4E902359B1AC4E90435C4E90635FF23A8
:101FB0006362284602B0BDE8F08100BF990E0008B8
:101FC0002DE9F041804600F1A406D4B00C4608F19A
:101FD00014073046154608F037FD02AB03AA07A9DF
:101FE0003846029407F0AEFA0446C0B901464FF4F1
:101FF000847212A816F04AFC9DF8103008F11801FE
:1020000005A8112B8DF8483004BF069B139306F0EA
:1020100051FB0446C0B9174914A817F023FA3046FB
:1020200008F0F2FC139B2B619DF84830112B1DD05A
:10203000222B44F2FF1318BF002320466B6054B0DC
:10204000BDE8F041FEF763BF039B38469DF81110D1
:1020500004339DF8122019449DF813300A4400936C
:10206000089914AB06F041FB0446D8E748F2FF1389
:10207000E3E700BFF7A60108F0B500F1A4060546A6
:102080009FB00C46304605F1140708F0DDFC95F8CA
:1020900054300394002B43D003AB04AA08A938465C
:1020A00007F050FA831C044649D12F21039818F0F9
:1020B00013F800283AD16B6913A938461B6AEB6400
:1020C00007F0F0FA0446002830D1119B024613A90C
:1020D0001C93129B1D930346384607F020F80446D4
:1020E00020BB40F622038DF81600ADF81430039B98
:1020F0001846019317F0BEF91499159A8DF8170038
:10210000384606910792019BCDE9111204AA08A94D
:1021100007F0F4FA044648B96B691B6AEB6405E002
:10212000384606F06BFF04460028B5D0304608F06C
:102130006BFC20461FB0BDE8F040FEF7E8BE00286B
:1021400008BF6FF01004F1E7F0B500F1A4050446F4
:102150009DB00F46284604F1140608F075FC94F86B
:102160005430019783B101AB02AA06A9304607F0AB
:10217000E9F9044678B1284608F046FC20461DB02F
:10218000BDE8F040FEF7C3BE304606F037FF044618
:102190000028E8D0EFE79DF80C30222B1ED002AAD1
:1021A00006A9304607F007F904460028E3D19DF858
:1021B0000C30222BDFD106AA12A9304606F04BFEC6
:1021C000041ED8DB1A9B06A930460F931B9B109365
:1021D00000231A4606F0A3FF0446CCE704AA11A97F
:1021E000304606F08FFA04460028C4D1199B142B00
:1021F000D5D06FF02604BEE72DE9F04300F1A40529
:102200008046B3B00F462846144608F01DFC98F8E7
:10221000543008F11406CDE90274002B4DD0029B16
:1022200005AA11A93046049304AB07F08BF90446C4
:10223000002848D19DF8183005AA11A963F07F0342
:102240008DF818300346304607F029F90446002877
:1022500039D10DF1240903AB1CA930464A4607F0D9
:1022600071F90746002837D0821C40F085802F2165
:10227000039817F031FF00287ED10DAC99E80F00CC
:1022800084E80F0006AA0EAB07CA83E807009DF892
:10229000383003F07F038DF83830039B18460193E4
:1022A00017F0E8F8BB1C8DF83B00019B2CD12246AF
:1022B0001CA9304607F022FA2BE0304606F09EFEBD
:1022C00004460028ABD0284608F09EFB204633B0D9
:1022D000BDE8F043FEF71BBE9DF818309DF828209E
:1022E00003F07F039A4249D1222AC6D10BAA27A91B
:1022F000304606F007FA04460028E4D12F9B142B41
:10230000BBD06FF02604DEE722461CA9304607F05A
:10231000C6F804460028D6D1012305AA11A93046E3
:1023200088F8553002AB07F00DF904460028CAD1F1
:1023300088F85500814605AA11A9304607F03BF8F8
:1023400004460028BFD10237BDD09DF82830222B8B
:10235000B9D11CAA28A9304606F07DFD041EB2DBC7
:10236000309B4A461CA930462593319B26934B4609
:1023700006F0D5FE0446A6E73C46A4E76FF0140439
:10238000A1E700002DE9F04F00F1A4080646C3B014
:102390000D46404608F058FBD6F8903063B1002D4A
:1023A00008BF1D46336830469B6A9847044668B1AB
:1023B000404608F029FB05E045B96FF0120440469D
:1023C00008F022FB204643B0BDE8F08F2B6828467A
:1023D0009B68D6E925BAD6E927979847044600288E
:1023E000E6D12422014628A816F050FA6A4B284666
:1023F00023952493694B2593694B2693694B279327
:102400002B685B6A98472B6858452CBF2890CDF8FD
:10241000A0B028469B6A98472B6850452CBF29904E
:10242000CDF8A4A02846DB6A98472B6848452CBF06
:102430002A90CDF8A89028469B6B984723462A9A65
:1024400018F000F92B901F3023A920F01F00B8428C
:1024500094BF2C902C9731A806F0F1F80446002880
:1024600040F08680319B014640985A6AD20816F0A7
:102470000DFA319A0DA931A83C94D2E90832CDE980
:102480003E439A4294BF3D923D9307F00BF90446B8
:10249000002869D118A931A807F004F904460028DA
:1024A00062D10346024618A931A806F038FE044658
:1024B000002859D141F22E438DF816001A9F4FF093
:1024C0001009ADF814300823DDF864C08DF817301A
:1024D000319B3397DA691B6A089209934FF0011315
:1024E000314A0A930BAB106851686A46CDF8C8C0F0
:1024F000CDF81090CDF8009003C334230DA931A876
:1025000015932023CDE906C7CDE916C705AF019382
:10251000CDE90273012306F002FE4B4620B110F113
:10252000340F02D004461FE00124009320236A46A2
:102530000DA9039331A8CDE90137012306F0EFFD82
:1025400020B110F1340FEDD1002CEBD0002201238B
:102550000DA931A8CDE900236A4606F0D3F8044658
:1025600010B9319B1B6A3F9331A806F051F86CB14A
:102570002046FEF7CCFC044600287FF419AF3368F0
:10258000294630465B6A9847044611E72B6828467F
:10259000DB689847EFE700BFA30E0008C70E0008EE
:1025A000EB0E0008070F0008F9A6010870B500F14E
:1025B000A4060546304608F047FAD5F8904064B1C5
:1025C00005F1140006F024F8D5F890000368DB68E4
:1025D000984700230446C5F89030304608F014FAB6
:1025E000204670BD2DE9F04300F1A4070D460446D6
:1025F00099B0384608F028FAC4F890502B6828465D
:102600009B689847064648B10023C4F89030384686
:1026100008F0FAF9304619B0BDE8F08324220146EB
:1026200004F16C0004F1580916F030F9404BA5652F
:102630002846E36504F114083E4B23663E4B63666F
:102640003E4BA3662B685B6A9847D4F8943083426C
:102650002CBFE366E06628462B689B6A9847D4F84F
:10266000983083422CBF2367206728462B68DB6A9B
:102670009847D4F89C3083422CBF63676067284634
:102680002B689B6B9847626F334617F0DBFFA067A0
:102690001F30D4F8A030494620F01F00834294BF79
:1026A000E367E067404605F0CAFF0546002833D1DE
:1026B000636902AA0DA940461B6AA664E36401236C
:1026C00002960393C4E9106606F01CF8054600BBA9
:1026D000202310220E994046009305AB06F005F822
:1026E0000546B0B9069B082215490BA8A361079BB4
:1026F000E36117F025FC064648B90A9B1A0C012A2B
:1027000002D19BB2012B82D96FF0150501E06FF069
:102710003305404605F07CFF00233846C4F890306E
:1027200008F072F9284619B0BDE8F043FEF7EFBB98
:10273000A30E0008C70E0008EB0E0008070F0008E4
:10274000F9A601080C4B03F10802883310B50446C2
:1027500002604360FFF72AFFD4F8A40012F086FB62
:10276000064B204603F108023433226040F8043F50
:102770000FF0FCFB204610BD64AA0108FCA901086B
:10278000A0F10400FFF7DEBF10B50446FFF7DAFF43
:10279000204616F011F8204610BDA0F10400FFF706
:1027A000F3BF0000F0B57D4D85B015F0D5F97C4B39
:1027B000002128607B4800247B4A83F820401A606F
:1027C0005C62C3E904014FF4F0100021C3E9014445
:1027D000C3E9060113F058FE68B9744C23781BB99D
:1027E00014F0A2FE01232370714B93F82520002AD8
:1027F00000F0B8805C6B6F4B14202A68C3E9012499
:102800000AF0D4FD4FF6FF71831E00F1120223F887
:10281000021F9342FBD1684B0025684C00261860CC
:10282000002767480BF080FC8C21664803F07AF99A
:102830009D21654803F076F94321644803F072F95D
:102840006348644BA0612360C4E90267C4E904558E
:102850000BF0F6FA0AF01CFE5F4A604B1A600AF0B1
:1028600003FE0123656384F838305D4BC4E90867D3
:10287000236013F023FE5B4B5B4C186015F06CF982
:102880005A4B256118605A4B236004F144030293AC
:102890001023CDE900550393EFF30583002B63D09C
:1028A0000020544B0025544E00931C23206468469E
:1028B00003930B2365670193029612F01BFB4422DE
:1028C0006065294606F1200015F0E0FF0123202273
:1028D0002946A387A6F13C00656115F0D7FF4FF4A8
:1028E000805328214FF4D060C4E90B31434BA361DE
:1028F000434CA56515F058FF064670B3C21C22F084
:102900000302131A2846E260C3F5D06323F00303E1
:102910001946C4E904556F1C002931D100B1256165
:1029200000252262C4E9065325600BF05DFB0FF021
:1029300067F8344B60600093334B2581029310237A
:10294000A57284F8245001950393C4E90A55EFF366
:102950000583CBB10020206366612C480BF0E4FBBB
:1029600005B0F0BD9C6B46E711F06AFE01460028F9
:1029700096D14FF6FF706A46DFF894C000DF90E70B
:1029800049083D460120C6E711F05AFE0028E1D172
:102990006846DFF880C000DFDDE700BF480B022497
:1029A000A80600240000020808A90108A0060024C7
:1029B000B005002400000024D0060024B00B02243F
:1029C00060060024740B0224280B02240407002450
:1029D000A4AC01085CA9010871CB0008F00A02242C
:1029E0007CAB0108700B022480130224E80A022445
:1029F00018AC010802A70108D81302241CA701087B
:102A00002413022437A701085813022420060024A7
:102A10005D3201081D34010808B57246064B0125D8
:102A2000D3E84F4FC3E8465FE4B2002EF8D10CB9AB
:102A30000AF08CFD0AF0D4FE440B02240B4B10B5B7
:102A4000044640F8043BFEF781FA094B002104F1EB
:102A5000140003F10802943322603822636015F0F9
:102A600015FF4FF0FF332046236510BD40AA010833
:102A700060A90108144B10B5044640F8043BFEF76A
:102A800065FA124B002104F1140003F108028833A7
:102A900022604422636015F0F9FE0021382204F11F
:102AA000580015F0F3FE0022402304F1A400C4E90D
:102AB0002423C4F898304FF40073C4E9273308F096
:102AC000B7F9204610BD00BF40AA010864AA01085A
:102AD00010B50446802112F0B4FA00212046BDE86A
:102AE000104012F0AEBA08B5026500220B4600F1A4
:102AF0003C0142654FF48072836482870269012A37
:102B0000D2B208BFC3640068FDF702FF002008BD11
:102B100008B5C0F8102200220B4600F5FE71C0F87F
:102B20001422A0F8FC210269C0F80832012AD2B2AE
:102B300008BFC0F80C320068FDF7EAFE002008BDAF
:102B40000F4B00F16040DB6800F56140C3F30223E6
:102B500010B5C3F107041A1D042C28BF0424062A4B
:102B60004FF0FF328CBF033B0023A24021EA020159
:102B700001FA03F31B01DBB280F8003310BD00BF84
:102B800000ED00E02DE9F04F4FF00A0C0024012584
:102B900003260F274FF0020E0A6832FA04F301D120
:102BA000BDE8F08F05FA04F313422FD04FEA440832
:102BB000826806FA08F922EA090ACA6802FA08F2E3
:102BC00042EA0A024FEAD40A826000EB8A0A4268AB
:102BD00022EA03034360C36823EA0903C36004F0E5
:102BE0000703DAF820209B0007FA03FB22EA0B0B0D
:102BF0000CFA03F242EA0B02CAF82020036823EA27
:102C000009090EFA08F343EA090303600134C3E734
:102C10000D4B19884FF6FD734A1E92B29A4297BF28
:102C20000A4B4FF0026303EA812303F100638342FE
:102C300007D9B0F1006F34BF4FF0FF304FF40030D0
:102C400070474FF0FF30704780E8F11F00FC3F00F5
:102C5000064B4FF6FD711A88531E9BB28B429ABFEA
:102C6000034800EA82204FF40010704780E8F11F0B
:102C700000FC3F0038B50C460546012120460CF00B
:102C800075FA28B921462846BDE838400DF09FB9AD
:102C900038BD000070B505460E4609B9114870BD33
:102CA0000028FBD000240160C0E901440B79053BFA
:102CB000012BF3D86C21012017F08CF8686060B10B
:102CC0006C22214615F0E2FDB179022017F082F85E
:102CD000A86020B928460CF02BF80348DFE720460F
:102CE000DDE700BF00AFFFFF80AEFFFF38B50D4648
:102CF00006490446FFF7CEFF30B929462046202278
:102D0000BDE838400BF0B4BF38BD00BF9CAC010833
:102D1000034653E8000F013843E80002002AF8D1C7
:102D2000704770B5056BE0B00446B5F5C07F1DD89F
:102D30004FF4C0720021684615F0A8FDE36B2A46E7
:102D40006946206C9847A0B9266B694620463246F2
:102D50000CF011F8054608B90123E3621EB13146B3
:102D600068460BF06BFA284660B070BD6FF0040542
:102D7000F9E76FF00805F6E7074B5A6890235343CD
:102D8000064AD358DA69120701D508221A62D869AF
:102D9000C0F34010704700BF900B0224F40C0224D3
:102DA00010B586B004466846039180E80C0006A87A
:102DB00000E90C0010E90700034B84E807002046F7
:102DC000E36006B010BD00BFDB78000870B50023DB
:102DD00085680446066803619DB93378022B01D9E2
:102DE000B36A6BB933890BB9022070BDB36AA361B2
:102DF000A3696561002BF7D0736B0020E361F4E7F2
:102E00001D467389B2895A430CD12946206806F0C1
:102E10002CFD431C05460BD00128E5D9B369984227
:102E2000F3D3E1E72946304606F0D5FCA061DFE7A1
:102E30000120DAE738B5044605680420A169F9B134
:102E4000284606F0FAFCC0B9E3691A78DAB1DB7AF1
:102E5000E52A03F03F03A37109D02E2A07D00F2BD8
:102E600005D023F02003082B01D0002038BD00211D
:102E7000204607F00BFB0028E0D00023A361F5E714
:102E80000028F2D0F9E70420F7E72DE9F04F87B0EA
:102E900006468B4617464FF001090DF1170ADDE98A
:102EA00010452544A3EB0408AC4201D1012011E0F8
:102EB00008EB040300225946304600933B46CDE917
:102EC00001A905F0D3FA28B914F8013B9DF81720A1
:102ED0009A42E9D007B0BDE8F08F2DE9F04F89B0F4
:102EE00006468846DDF84C9005924BB94FF0FF320C
:102EF000C9F80020149A0020136009B0BDE8F08FD3
:102F0000013B07A900684FF0040A079305F0E6F9B2
:102F100012A9054630680DF1140B05F0DFF90746DC
:102F2000AF42059B03D3C9F80030129BE2E7EC1BCC
:102F300095FAA5F241463046B4FA84F4B2FA82F228
:102F4000C4F11F04944228BF1446A200CDE901BA7F
:102F50000092002205F08AFA0028CED1012303FA5C
:102F600004F42D1BDCE72DE9F04700F1A4060D4623
:102F7000814686B03046904607F066FDEA6909F161
:102F8000140902F00303012B5AD092036B6903D595
:102F90002A6A934238BF1346984524D229464846A8
:102FA00005F058FD0446A8B905AB059005F12C01C4
:102FB0004846029305F11003CDE90083D5E90423C7
:102FC000FFF78BFF044628B9EB69C5F8148043F47A
:102FD0008033EB61304607F017FD204606B0BDE8B0
:102FE000F047FDF794BF2ED92F6ABB4209D029467E
:102FF000484605F02FFD041E15D16B69002B24DB1C
:103000002B624FF0000A2B6A98450ED82946484695
:1030100005F020FD20B9381EB4BF6FF015002862FE
:1030200000EAE074D6E7D5DBEBE7012305AA2946E1
:1030300048468DF814A005F077FD041EE3DAC9E7D1
:103040006FF00804C6E70024C4E76FF01504C1E779
:10305000184B2DE9F74353F8206000230C46174620
:103060001D4698460B6033683046D3F83C905B6A47
:1030700098472A464346CDE900013046C847A8B1E3
:1030800023682A46304647F833503368196B434665
:10309000884723682D1807EBC30348EB01085860E5
:1030A00021680131B1F5707F2160DCD3002003B0CD
:1030B000BDE8F0830000002408B5044B027853F803
:1030C000220003689B6A9847C0B208BD0000002434
:1030D0002DE9F0431D4689B006460F466C1E90460A
:1030E000FFF7EAFF044440420440E4B2202C1AD81F
:1030F0003046FDF741FB81462A464146684615F0B9
:10310000B7FB621B49460DEB050015F0BFFB2346DC
:103110006A4639463046FDF73BFB003818BF0120B0
:1031200009B0BDE8F0834FF0FF30F9E707B58DF83F
:103130000710012381680DF107028039FFF7C8FFEE
:1031400003B05DF804FB07B58168012301AA40398B
:103150008DF80430FFF7BCFF03B05DF804FB0000FE
:1031600013B5064B007853F8200000230468CDE91E
:1031700000230A46E469A04702B010BD0000002405
:103180002DE9F843037807460BB1012B20D1114AF2
:103190002C214FF434664FF0000801FB0323926E9C
:1031A0009D6A56431C46013DE036636A384603EB90
:1031B000C50253F835101B68013DD2F80490C91AB6
:1031C000C8444A46FFF7CCFFB045EED3BDE8F883CC
:1031D0000120FBE7200700242DE9F04385B01E46BF
:1031E0001B4B4FF000080392074602780D4653F838
:1031F00022400A4623682046CDE90068D3F83C9077
:103200004346C847039958B9124B1B782BB1334634
:103210002A463978104807F031FE4FF0FF3413E0AA
:10322000236820462A46CDE90068D3F81490434627
:10323000C847044640B1074B1B782BB133462A469A
:103240003978064807F01AFE204605B0BDE8F0833D
:1032500000000024E40A02243EA701086DA701082B
:103260002DE9F7430446174699460E4629B94FF013
:10327000FF38404603B0BDE8F083002AF7D00B6961
:1032800038468D681D44042329460DEB0302FFF7E1
:10329000A3FF80460028EAD1BDF8041046F60812C4
:1032A000F368914222D1BDF806109942DFD1042380
:1032B000294438460DEB0302FFF78EFF0028D6D1D4
:1032C000BDF8042046F607139A42D0D10023BDF87A
:1032D0000620A4F80890A372F3682B440435E36039
:1032E000134425616361C4E90067C2E7002BE7D09E
:1032F000BDE700002DE9F04FDFF830B10746884602
:103300000026DFF820910BF16C0A2DED028B85B0C1
:10331000CDE90223109BB34201D8002011E0109B9D
:103320003846404A9D1B029BB5F5003F06EB03045F
:1033300028BF4FF4003521462B46FFF74DFF28B13B
:10334000012005B0BDEC028BBDE8F08F3B78022B6D
:10335000039B334408EE103A48D19BF8A432002B6B
:103360003CD198F80030012B25D1039C5846436985
:1033700013F00C0F1FD0344481688C4205EB040E0F
:1033800049D28E4517D9AEEB0103A1EB040C002204
:1033900000690844864503D9844234BF031B0023D7
:1033A000641A09EB0C015046CDE9002104EB0C0234
:1033B0003946FEF770FA98F80030022B1DD19BF8C1
:1033C000A432D3B1002318EE102A41465046009390
:1033D0002B46CDF80490FEF75EFA0EE0CDE9000929
:1033E0002B46224639465046FEF755FA3B78012BCC
:1033F000B7D198F80030012B0AD12B464A4618EE77
:10340000101A4046FDF7C4F9002899D12E4481E7EF
:10341000029C0548ABE7621A2B464FF0000C02F005
:103420000F02B5E7E40A00244C070024200700241B
:103430002DE9F74304460F4690461E464FF6FF79A6
:10344000D4E904239A4215D22368DB6823B1E368E8
:10345000934204BF043323610423216960680DEBA8
:103460000302FFF7B9FE18BBA37A256933B1E368FD
:10347000AB4203D8012003B0BDE8F0832189BDF839
:103480000630494503F1040203D0BDF804C08C4561
:103490000BD116B1BDF80410318004353D60A8F899
:1034A0000030236913442361E5E715442561C7E72C
:1034B0004FF0FF30DFE700002DE9F04FADF5557D0F
:1034C00017780D46144604934FF48E737B43C65C05
:1034D00000EB030C002E40F00F824FF48C7231464B
:1034E0000CF1040015F0D2F932232246294611A826
:1034F000FFF7B6FE10B14FF0FF3009E1119B002B32
:10350000F9D0129B002BF6D033460DF11A0207A911
:1035100011A8FFF78DFF002840F0FA80BDF81A309F
:10352000712BE8D143AA07992046FFF755FE0028E2
:10353000E1D1A64C30232FAA08A808948A3421464A
:103540000DF03EFF0028D6D108992F9B1944A142C7
:1035500040F0FA8037AA08A83796FEF7C4F9379BDF
:10356000034340F0EE808EAB60AA214608A80DF020
:103570003BFF002840F0E280619A072A40F0DB80A0
:103580009349629816F0DCFC002840F0D4808F9AB2
:10359000082A40F0CD808F49909816F0D1FC002881
:1035A00040F0C68004232FAA214608A80DF008FF8A
:1035B000002840F0BA8030232FAA214608A80DF039
:1035C000FFFE002840F0AE80379037AA214608A8B9
:1035D000FEF789F9002840F0A280379B012B40F0CC
:1035E0009E8004232FAA214608A80DF0E9FE00289A
:1035F00040F09280DDF8BC80B8F1200F40F086806A
:10360000089B1FAC03F120051868083353F8041C0D
:103610002246AB4203C21446F6D10023012260A821
:10362000CDE98823CDE98A32CDE98C330BF05EFCFD
:103630007FA80BF04FFC60A80BF035FF60A80BF0E3
:1036400055FC032360A88DF880310BF057FD28B19D
:1036500060A80BF028FF7FA80BF013FF412343AABB
:103660007FA960A80BF0BCFF002870D060A84FF0C5
:10367000FF340BF018FF7FA80BF003FF8BA80BF0B3
:10368000EDFE88A80BF0EAFE60A80BF00CFF7FA807
:103690000BF0F7FE002C7FF42EAF0DF19C092146B4
:1036A00020220F944846CDE90D4415F0EFF8494625
:1036B0000DA8FFF71BFB28BB202217A90DA80BF0B4
:1036C000C7FAF8B92FA90DA80BF098FAD0B90123C1
:1036D0003025A246DFF804B18DF828302FA90DA8B7
:1036E0000593CDF83CA0CDE90DAAFFF7FFFA48B944
:1036F000059B002B62D0102259460DA80BF0A8FAAA
:1037000000286DD00DA80BF013FBF4E66FF00B0052
:103710000DF5557DBDE8F08F6FF00A00F8E76FF00A
:103720000900F5E76FF00800F2E76FF00700EFE738
:103730006FF00600ECE76FF00500E9E76FF00400BA
:10374000E6E76FF00200E3E76FF00100E0E77FA932
:1037500060A80CF069FF002888D120221FA98BA83F
:103760000BF008FF8EA80BF0B5FB8BA960A80BF03F
:103770005FFD0446B8B97FA960A80CF055FF044668
:1037800088B97FAB8BAA8EA960A8FDF781FE04469D
:1037900048B9014694A80BF014FC68B18EA988A81A
:1037A0000BF0C4FF04468EA80BF06BFE202217A975
:1037B00088A80BF01BFC61E7074CF4E720228EA9D8
:1037C0000DA80BF045FA002895D09BE700040008EF
:1037D00030AC010840AC010880B0FFFF9BA7010896
:1037E00001220AA90DA80BF033FA00288AD18EA96C
:1037F0000DA80BF003FA0346002883D137AA202D29
:1038000002EB040028D90DF50E7C03460DF5167E5B
:103810006246083303CA724543F8080C43F8041C97
:103820009446F5D1203DADB29DF8283020340133C7
:10383000A4B28DF828300023002D7FF44FAF0DA8DF
:103840000BF076FA3BA90AA80C95CDE90A55FFF7CB
:103850004DFA48B10AA856E72A468EA9059315F0F5
:1038600007F8059B1D46DFE70DF26D1410220AA82C
:1038700021460BF0EDF90028ECD12FA90AA80BF096
:10388000BDF90028E6D12FAB53A913F8012BB8F1ED
:10389000010811F8010F82EA000246EA0206F4D19B
:1038A000002ED7D10AA80BF043FA31464FF48C72A0
:1038B0008EA814F0EBFF37A98EA8FEF747F8002872
:1038C0007FF419AE102531460DA82A4614F0DEFF0C
:1038D000049B09AA294605FB07378EA80DABCDF836
:1038E00000900C370996CDE901470DF0DBFD00385B
:1038F00018BF012040420BE7012009E72DE9F04FF6
:103900001378ADF50F7D82460D46012B93460DD100
:103910004B6913F00C0F09D090F81C3133B94FF0FC
:10392000FF3108460DF50F7DBDE8F08F40220021E4
:103930006DA8DFF8A88214F0A9FFA14AA14B0024CA
:10394000AF682E69DFF898923E44DFF898E2DFF81E
:1039500098C29D489D497D94CDE96B23EB68F3188F
:10396000CDE96598CDE90239CDE9048E954BDFF8B4
:1039700064820A93CDE96344CDE967ECCDE969013E
:10398000CDE906C0CDE90812029BA34242D829A97D
:1039900063A80BF039F829464FF6FF735A4623A85F
:1039A000FFF75EFC01460028BBD14FF0FF35884E83
:1039B0000746DFF838922C4606F15B08239B002B64
:1039C000ADD0249B002BAAD00DA90DF132030CAA77
:1039D00023A8FFF72DFD011EA3DB40F05682BDF8A2
:1039E0003230102B59D1BDF83070202F97D10D995E
:1039F0003B4643AA5846FFF7EFFB0146002890D10B
:103A000043A93A4629A816F09BFA0146002888D116
:103A10000127D3E7029BA3EB0409B9F5807F28BFF8
:103A20004FF48079A74205D904EB09039F4238BFC0
:103A3000A7EB0409A64205D904EB09039E4238BF4F
:103A4000A6EB040921464B46624A5846FFF7C4FBE1
:103A5000014600287FF465AF9BF80030012B12D19E
:103A60006B6913F00C0F0ED0A7420CD8A6420AD9EE
:103A7000E21B59465046CDF8048002F00F03009334
:103A80004B46FDF708FFB9F1000F04D04A46414606
:103A900063A80AF053FF4C4476E7012B3DD1BDF8F3
:103AA0003030202B3FF63BAF0D9943AA5846FFF725
:103AB00093FB014600287FF434AF9DF83050202D51
:103AC0007BD8402202906DA814F0E0FE039B02997F
:103AD0005B22659363A8049B7D916693059B679326
:103AE000069B6893079B6993089B6A93099B6B935A
:103AF0000A9BCDE9631131466C930AF01FFF3AA986
:103B000063A80AF081FF2A4643A93AA816F018FADA
:103B1000003818BF0120454250E7222B7FF44EAFFA
:103B2000002D7FF44BAFBDF83030802B3FF6F7AE61
:103B300043AC0D9958462246FFF74EFB014600283C
:103B40007FF4EFAE302331AA41460EA8BDF830A075
:103B50000E960DF035FC70BB319B3AAA0E9D0EA857
:103B60001D4463AB29460DF03FFC20BB3B9A072A5E
:103B700021D149463C9816F0E3F9E0B9649A082A45
:103B800019D11549659816F0DBF9A0B9032331AABC
:103B900029460EA80DF014FC68B9319A5AB1511E8D
:103BA0000E9B3191187830B9581C13449D420E90E9
:103BB00001D141291CD04FF0FF344FF0FF35FDE615
:103BC000ABD9831F19CDE05B7F520E518C68059BEA
:103BD00000030008F00B022449AC010885AE67BB66
:103BE00067E6096A72F36E3C3AF54FA538AC0108F6
:103BF00063A801250BF07AF9002385A88493CDE909
:103C000082530BF067F90E99A24B63A80B915B1AD4
:103C100002930BF048FC63A80BF068F9032263A839
:103C20008DF88C210BF06AFA029B0B9958B14FF07A
:103C3000FF3463A80BF037FC82A80BF00FFC85A8BB
:103C40000BF01FFCB9E70A4663A885A90BF0C8FC76
:103C50000028ECD185A963A80CF0E6FC0028E6D189
:103C6000A244302310AA0F945146CDE91150CDE95A
:103C70001305CDE915000FA80DF0A2FB60B1A0F56A
:103C80009F4411A80BF0EAFB14A80BF0E7FB201EE1
:103C900018BF01204442CCE7DDE90F3213449A45B6
:103CA00040F0F18011AA51460FA80DF0E8FB044640
:103CB00030B914AA51460FA80DF0E1FB044610B12B
:103CC000A4F59F44DDE731A80BF004F99DF88C3191
:103CD000092BCDE91754CDE91945CDE91B44CDE9B0
:103CE0001D54CDE91F45CDE9214401D16A4CC8E7F7
:103CF000789B002BFAD0012111A80BF062F9002863
:103D000017DA664C31A80BF0BCFB17A80BF0A6FB2A
:103D10001AA80BF0A3FB1DA80BF0A0FB20A80BF02A
:103D20009DFB002CADD10F9A5D4B924518BF1C46F0
:103D3000A7E776A911A80BF001F90028E1DA012123
:103D400014A80BF03EF90028DBDB76A914A80BF0D1
:103D5000F5F80028D5DA7A9D29A917A80735ED08C6
:103D6000202D28BF20252A460BF004FC04460028FD
:103D7000C8D17A9BE900B3EBC50F3DD376A917A84C
:103D80000BF0DCF8002807DB17A976AA08460CF030
:103D90008AF904460028B5D176AA14A91AA80DF00C
:103DA00019F804460028ADD11AAA17A91DA80BF0CE
:103DB000FFFC04460028A5D11DA976AA08460CF0F0
:103DC0003CFA044600289DD11AAA11A920A80BF09C
:103DD000EFFC0446002895D120A976AA08460CF0ED
:103DE0002CFA044600288DD163A80BF09DF8012819
:103DF0000AD0A4F59D4485E7C91A17A80BF080FAEC
:103E000004460028BAD07DE73AA80BF063F86DAB02
:103E10001DAA3AA963A8FDF7FDFC0446A0B985AB2D
:103E200020AA31A963A8FDF7F5FC044660B931ABBF
:103E30003AAA63A819460CF0A1FE044620B931A99C
:103E400063A80DF09BF904463AA80BF01AFB002C6E
:103E50007FF458AF214637A80BF0B3F800283FF4A1
:103E600050AF31A976AA08460CF0E7F904460028BD
:103E70007FF448AF11A931A80BF060F80446002880
:103E80003FF440AF3DE7074CFBE6002F14BF21464F
:103E9000012146E55B03000880B0FFFF00B2FFFF91
:103EA00000B4FFFF1AB0FFFF0278074951F8223033
:103EB0004BB1013B41F822302BB9044B53F822009F
:103EC0000368DB6818477047F005002400000024F1
:103ED000224B00EB4002012803EB82022DE9F04166
:103EE00004460A6025D0022826D048BB1C4A5A60E6
:103EF0001C4F002557F82420013247F824200C22BB
:103F0000624303EB02089C54174B88F8015053F8A6
:103F10002460336830469B6B984757F82430C8F8C4
:103F20000800012B17D1336830469B68BDE8F0418B
:103F3000184700221A61DBE74FF01062DA61D7E719
:103F40000A4B1B781BB10146094806F097FF4FF05A
:103F5000FF30BDE8F0812846FBE700BFFC050024E8
:103F600000000208F005002400000024E40A0224F6
:103F7000ACA7010873B5044601A9C0B2FFF7A8FFBA
:103F8000054620B14FF0FF35284602B070BD0198BC
:103F9000FCF7F2FB06460198FFF786FF2C23064844
:103FA00003FB0404631E0334A342EDD013F8012F76
:103FB000B242F9D0E6E700BF2007002413B5002085
:103FC00001A9FFF785FF014610BB2023134A019882
:103FD000FFF702F9041E18BF01240198FFF764FFE0
:103FE000D4B901A90120FFF773FF98B92146202316
:103FF0000B4A0198FFF7F0F8041E18BF012401983E
:10400000FFF752FF0CB184F00104204602B010BD4E
:104010000124E2E70124F2E70024F4E7200700246A
:104020004C07002413B5002001A9FFF751FF90B9F8
:10403000019801236A4681688DF80030403921F0EB
:104040001F012039FFF744F804460198FFF72CFFC1
:10405000204602B010BD0124FAE70000F7B504467F
:104060000F46C0B26946FFF733FF30B10125009813
:10407000FFF71AFF284603B0F0BD1B482C2303FBB3
:10408000040400982369A6681E44042331460DEBFE
:104090000302FFF7A1F805460028E7D1BDF8042088
:1040A00046F60813E4689A421AD1BDF806309C42DD
:1040B00001D00325DBE70423311900980DEB03023F
:1040C000FFF78AF80028D1D1BDF8042046F607137F
:1040D0009A42EED1BDF80630234433443B60C6E734
:1040E000002CF1D0E5E700BF200700242DE9F041C6
:1040F00086B002230546002601AFDFF85880ADF8F0
:104100000430294617F8010BFFF7E2FE044658B9C0
:104110002868102302AA81682039FFF75DF8044659
:1041200040B12868FFF7C0FE204606B0BDE8F08128
:104130000126E6E71022414602A815F001FF0446D9
:104140000028F1D02868FFF7AFFE002EF0D04FF026
:10415000FF34E9E720AC010838B54FF48E7405460A
:104160004C4302EB011120440C310430FDF7EEFB0F
:104170000028034613BF0022012203464FF0FF33FD
:104180002A55184638BD00002DE9F74304460F466E
:10419000C0B201A9FFF79CFE002863D12046FFF7BB
:1041A000E9FE30B1314E2C2505FB04656B69DA065A
:1041B0000DD50CB9012503E025460198FEF7E0FF77
:1041C0000198FFF771FE284603B0BDE8F083DDF8E3
:1041D000048098F80090B9F1010F2AD024482946AC
:1041E0004246FFF78BFB05462C2301986343F158A9
:1041F000F218204B99420AD113699268D1438B423D
:1042000005D813448268934201D2002DD8D01CB146
:1042100082680021FEF7A4FF174B1B78002BC9D042
:10422000164B17491748002C18BF194606F026FEF2
:10423000C0E713F00C0FD1D03B464246294606F1A9
:104240006C00FFF739F9002802DA4FF0FF35CBE7B1
:10425000C4D13A46494606F16C00FFF77DFF0028BD
:10426000BCD0F2E74FF0FF35ADE700BF20070024D8
:104270008C0700243DB8F396E40A0224D6A701086F
:10428000CEA70108E0A7010838B50C461546FCF793
:1042900073FA2544214611F8013B984203D1A94203
:1042A000F9D1012038BD0020FCE738B50C460123C8
:1042B000114605462246FEF78FFF002810DB4CB161
:1042C000012221462846FFF7DFFF18B10323002013
:1042D000237038BD2378012B0CBF01230223F6E79E
:1042E0000120F6E78168F0B589B0A1F12006054606
:1042F000FCF742FA0B4B07466C460FCB84E80F00E5
:10430000102239460DEB020014F0C0FA2023224699
:1043100031462846FCF73CFA003818BF012009B0A6
:10432000F0BD00BF20AC010830B5002387B00D46BA
:104330008168059302AA20390446CDE90333FF239F
:1043400002931023FEF748FF002811DB102202A978
:104350002046FFF799FF68B103232B700DF1070288
:10436000A168012320468039FEF736FF00280BDACA
:1043700001202CE01022174902A815F0E1FD0028C9
:1043800014BF02230123E8E79DF807300DF1070170
:10439000204603F00F021B096A7001222B71FFF700
:1043A00073FF10B96B78042B03D901236B700023C2
:1043B0002B71A268A91C2046603AFFF776FF0028FF
:1043C000D6D1A268E91C2046403AFFF76EFF07B03D
:1043D00030BD00BF20AC01081FB5002001A9FFF7C8
:1043E00077FDA8B902A90198FFF79EFF044668B9B6
:1043F0009DF80B30032B03D10198FEF7A4FE044671
:104400000198FFF751FD204604B010BD0124F7E7E5
:104410000124F8E713B50C46C0B201A9FFF758FD17
:1044200050B921460198FFF77FFF04460198FFF736
:104430003BFD204602B010BD0124FAE730B585B03F
:104440000D460446012002A9FFF7E4FFE97901299E
:1044500002D02046FEF76AFE9DF80B30012B02D1F8
:104460002046FEF770FEAB682046A1680193042346
:10447000A0390DEB0302FEF72BFE2A460021204651
:10448000FCF79AF92A4601212046FCF795F92046C7
:10449000FFF728FF002005B030BD042809D005280B
:1044A00003D1481E18BF01207047431A5842584193
:1044B00070470120704710B50446FEF7FDFD4FF42C
:1044C0003462A368E03B02FB103010BD30B5837945
:1044D0008DB00546002B03A914BF02200020FFF772
:1044E000F7FC60BB0398FFF7E6FF164B29799A6E3D
:1044F00001392B6802EB4204013B4A4304FB0323CE
:104500001C180398FEF7D8FD01900398FCF734F9C6
:104510002022014604A814F0B9F92A792146019B0A
:104520008DF8102004AA0398FCF732F9041E18BF76
:1045300001240398FFF7B8FC20460DB030BD0124DC
:10454000F7E700BF200700242DE9F04F04468DB0A7
:1045500000206379012BCDE9040040F093812368AA
:10456000012B40F08F812379012B40F08B81B94DD5
:10457000B94E2A68B24202D105A9FFF76FFD6B69F7
:1045800013F00C0F00F0B981B24923462A6A01F1F9
:104590006C00FEF791FF014618B92246AF48FFF7BD
:1045A000DBFDEB6AB34203D104A90120FFF756FDFE
:1045B0002B6C13F00C0F00F0A781A9492346EA6C7D
:1045C00001F14000FEF778FF20B922460121A348FF
:1045D000FFF7C2FD95F88831ABB104F12C0204F16C
:1045E0001C03114653F8040B934241F8040BF9D114
:1045F0004FF48C7200219B4814F048F922460221A6
:104600009648FFF7A9FDDDE90432934288BF059380
:10461000059BA3608F4D002305996E6A1A462F6D86
:1046200018469A46A846914201D89A4205D206EB0E
:10463000CA050AF1010A6D682A44994202D89342D8
:1046400080F08D8107EBC005914200F101006D689B
:104650002B44ECD89942E6D89A42E4D1D1464FF0A7
:10466000000B814B5D460BF1010B1B782BB10AF15E
:10467000010259467D4806F001FCD8F85830D8F8B8
:10468000242099680023101D1F4650F839303B4400
:10469000994203D3B9F10109F6D21F4621684B1E96
:1046A000AB4200F24A8109F101001368D8F8685062
:1046B00052F83060D8F82800F61A013807EB060CDB
:1046C00052F83020D31A9C4540F225814FF43463D0
:1046D0006FF0DF02012903FB15253D4440F01C81EA
:1046E0007B1B18BF0123A37106A90020FFF7F0FB75
:1046F00007A90120FFF7ECFB08A90220FFF7E8FB60
:104700002379012B40F00A81089800218268FEF786
:1047100027FD2368012B13D121460898FFF78EFE51
:10472000A3796BB906980393FEF72AFD21460698F4
:10473000FFF784FE0898039B82681946FEF710FD78
:10474000002332460095DDE90701FEF7D3FD204640
:10475000FFF7BCFE0223237118B1454A13680133E9
:1047600013603A4631460798FEF7FAFC3346324664
:104770000095DDE90601FEF7BDFD2368012B04D19C
:10478000A37913B90798FEF7FBFC2046FFF79EFEBE
:104790000323237118B1364A1368013313603A4674
:1047A00031460698FEF7DCFC33460022069908984D
:1047B0000095FEF79FFDA379002B39D00898FFF7ED
:1047C0007AFED8F86830024606995B000898009394
:1047D0007319FEF78FFD18B1254A13680133136072
:1047E0000AA90898FFF7A0FD9DF82B30012B02D1F4
:1047F0000698FEF7A8FC9DF82910012902D006981A
:10480000FEF794FC069809AAA3688168099304231B
:10481000A039FEF75DFC224600210698FBF7CCFF8D
:10482000224601210698FBF7C7FF0698FFF75AFDBD
:104830000023A5792046A371FFF748FE23680133C2
:10484000236001232371A8B1094A1368013313605F
:1048500010E000BF200700243DB8F3968C07002429
:104860004C070024C8090024E40A022406A8010811
:10487000E00A0024002D57D03A4600210898FEF7A0
:104880006FFC51E00AA8FFF731FC50B90A980423E5
:1048900004F108028168A039FEF79EFC0A98FFF730
:1048A00003FB04F11C05A3680026394FA94604F157
:1048B0002C0805930AA85FFA86FAA5F1100BFFF7FA
:1048C00015FC68B90A9810235A468168A1F1A00C1A
:1048D000711CACEB4111FEF77FFC0A98FFF7E4FA7C
:1048E0005A4612F8013BFF2B3DD19542F9D11035C4
:1048F000002E7FF48FAE0126DCE71022FF2104F1A9
:104900000C0013F0C3FF4CE61022FF2104F11C0041
:1049100013F0BCFF77E63D460023E4E6022B3FF4AC
:1049200020AF032B3FF43BAF0698FFF7BDFA079883
:10493000FFF7BAFA0898FFF7B7FAB9F1FF3F7FF42B
:1049400090AE144B1968002905DD134B1B7813B189
:10495000124806F093FA00200DB0BDE8F08F9142A6
:104960007FF67AAE63E6224651463846FFF7F4FBFF
:10497000002EBCD04B46424653F8041B434542F838
:10498000041BF9D1224602213846FFF7E5FBAEE7CA
:104990008C070024E00A0024E40A02241EA801086F
:1049A00010B508F075FD134B1348144A596A146882
:1049B000038811601B1B0B440146B3F5803F16D3DF
:1049C0004FF47A71B3FBF1F201FB1233038006E07E
:1049D0000132A3F57A73B3F57A7FF9D20B80084CD4
:1049E00023681A44226008F03FFD206810BD0022B1
:1049F000F1E700BF000C0040680B02246C0B02249E
:104A0000F00C02242DE9F8430546294F3C69FFF7D5
:104A1000C7FF022D0646274B26D1D7F81041264F57
:104A20001C4044F00044DFF888804CF25039042FD9
:104A30001DD1D8F81000C0F3800070B934F00041E7
:104A400022D01E4A002C936943EA04039361184B59
:104A500017DB5C610120BDE8F883FFF7A1FF801B35
:104A60004845E4D90320F6E71C400427DBE7D8F8E3
:104A7000103127EA030313F0040F0CBF01200020BC
:104A8000DBE7C3F81411E5E7012D094B06D11A69DC
:104A9000D103E0D54FF480325A61DCE7D3F810211E
:104AA000D203D8D54FF48032C3F81421D3E700BF26
:104AB000002000520000EE17040000804C0B02247E
:104AC00070B504460D4616462368DB6935EA0303D4
:104AD00001D1002017E0FFF763FF801B2368B0F1CE
:104AE000007F1A6810D322F4D0721A609A6822F0FC
:104AF00001029A602023C4F88430C4F8883000236F
:104B0000032084F8803070BD5107DDD5DA691205C5
:104B1000DAD54FF400621A621A6822F4D0721A6071
:104B20009A6822F001029A602023C4F88430C4F805
:104B30008830C4F88C30E2E7F8B53E4C06460D46A6
:104B4000A36A03F00303032B71D0236823F080537F
:104B50002360FFF725FF074623689A005AD4A36A0B
:104B6000012D326823F07C7343EA0253A362B368D9
:104B7000F26803F1FF3302F1FF324FEA43234FEAB9
:104B800002429BB202F4FE0243EA0203726802F19F
:104B9000FF32C2F3080243EA0203326902F1FF3234
:104BA0004FEA026202F0FE4243EA02032364E36A30
:104BB000726923F4406343EA0203E362E36AB26981
:104BC00023F4007343EA0203E362E36A23F480738D
:104BD000E362636CF26923F47F4323F0F80343EA52
:104BE000C2036364E36A43F48073E362E36A0CBF65
:104BF00043F4000343F08073E3620E4C236843F0F8
:104C000080532360FFF7CCFE054623689B0008D540
:104C1000002005E0FFF7C4FEC01B02289CD903203A
:104C2000F8BDFFF7BDFE401B0228EED9F7E70120D3
:104C3000F6E700BF00440258F8B53E4C06460D4664
:104C4000A36A03F00303032B71D0236823F080636E
:104C50002360FFF7A5FE074623681A015AD4A36A0A
:104C6000012D326823F47C3343EA0233A362B36834
:104C7000F26803F1FF3302F1FF324FEA43234FEAB8
:104C800002429BB202F4FE0243EA0203726802F19E
:104C9000FF32C2F3080243EA0203326902F1FF3233
:104CA0004FEA026202F0FE4243EA0203A363E36AB0
:104CB000726923F0C00343EA0203E362E36AB26964
:104CC00023F0200343EA0203E362E36A23F01003C4
:104CD000E362E36BF26923F47F4323F0F80343EAD2
:104CE000C203E363E36A43F01003E362E36A0CBFC9
:104CF00043F4801343F40013E3620E4C236843F043
:104D000080632360FFF74CFE054623681B0108D52E
:104D1000002005E0FFF744FEC01B02289CD90320B9
:104D2000F8BDFFF73DFE401B0228EED9F7E7012052
:104D3000F6E700BF00440258F8B503680446D807F8
:104D40005FD42368990700F1B1802368DA0628D57B
:104D5000AC4B1A69996A02F03802082A07D0182A5F
:104D600040F0118101F00302012A40F00C811B6820
:104D7000DB0502D5E369802B56D1A34B216A1A6863
:104D800041F20303B3EB124F9E4BC0F0F5805A681B
:104D9000202922F0F8420CBF42F0804242EA8162B0
:104DA0005A602368190700F1338123689A0600F1DD
:104DB000548123685D071ED5944D2B6843F480739E
:104DC0002B60FFF7EDFD06462B68DA0540F16A819E
:104DD000A3688C4D012B40F06C812B6F43F00103D5
:104DE0002B6741F28837FFF7DBFD864E0546336FB0
:104DF0009B0740F18481606A002840F08781002091
:104E00002AE0804B1A69996A02F03802102A05D00C
:104E1000182A0BD101F00302022A07D11B689A035A
:104E20008FD56368002B8CD1012015E06268B2F544
:104E3000803F12D11A6842F480321A60FFF7B0FD49
:104E4000704E054633689B033FF57BAFFFF7A8FD27
:104E5000401B6428F6D90320F8BD6A4D2B689AB927
:104E600023F480332B602B6823F480232B60FFF71F
:104E700097FD06462B689F037FF563AFFFF790FD14
:104E8000801B6428F6D9E6E7B2F5A02F07D143F4DA
:104E900080232B602B6843F480332B60CEE723F410
:104EA00080332B602B6823F48023F6E7554B1A6977
:104EB000996A12F0380203D0182A20D18E071ED129
:104EC0001B685D0702D5E368002BADD04E4B21690E
:104ED0001A6841F20303B3EB124F4A4B5A6809D3E5
:104EE00022F47C3240290CBF42F4003242EA013203
:104EF0005A602AE722F0FE4242EA0162F8E7E168DE
:104F00001A6841B322F019023E4D0A431A60FFF7B6
:104F100047FD06462B68580712D53B4B2269196896
:104F200041F20303B3EB114F6B680FD323F47C33CF
:104F3000402A0CBF43F4003343EA02336B6004E7BA
:104F4000FFF72EFD801B0228E4D984E723F0FE43FF
:104F500043EA0263F2E722F001022A4E1A60FFF7E9
:104F60001FFD0546336859077FF5EFAEFFF718FDC3
:104F7000401B0228F6D96EE7DA6822F07C5242EA3A
:104F80000162DA600DE7E26952B31A681D4D42F022
:104F900080021A60FFF704FD06462B68DF0512D574
:104FA000194B226A196841F20303B3EB114F10D376
:104FB0006B68202A23F0F8430CBF43F0804343EA98
:104FC00082636B60EDE6FFF7EBFC801B0228E4D9FF
:104FD00041E7EB6823F07C5343EA0263EB60E0E6D1
:104FE0001A68084E22F080021A60FFF7D9FC0546C5
:104FF0003368D8057FF5D5AEFFF7D2FC401B0228F9
:10500000F6D928E7004402580010005C0048025816
:105010006369964D83B16B6F43F001036B67FFF7D4
:10502000BFFC06466B6F9B073FF5BFAEFFF7B8FCB2
:10503000801B0228F6D90EE76B6F23F001036B6724
:10504000FFF7AEFC06466B6F9F077FF5AEAEFFF72E
:10505000A7FC801B0228F6D9FDE6A369834D83B126
:105060002B6843F480532B60FFF79AFC06462B68AD
:1050700098043FF59EAEFFF793FC801B0228F6D9FB
:10508000E9E62B6823F480532B60FFF789FC064682
:105090002B6899047FF58DAEFFF782FC801B0228F8
:1050A000F6D9D8E6FFF77CFC801B64287FF68CAE2F
:1050B000D1E6B3B92B6F41F2883723F001032B6798
:1050C0002B6F23F004032B67FFF76AFC06462B6F58
:1050D00098077FF590AEFFF763FC801BB842F6D9C6
:1050E000B9E6052B2B6F03D143F004032B6774E65D
:1050F00023F001032B672B6F23F0040370E6FFF707
:105100004FFC401BB8427FF672AEA4E6574D2B69A8
:1051100003F03803182B7AD02B68022823F0807311
:105120002B6067D1FFF73CFC06462B6899015BD4E6
:10513000AB6AA26A23F47C7323F003031343E26A8D
:1051400043EA0213AB62636BA26B013B013A5B0261
:1051500012049BB202F4FE021343226B013AC2F323
:1051600008021343E26B013A120602F0FE421343B7
:105170002B63EB6A23F00103EB626B6BA26C23F4ED
:105180007F4323F0F80343EAC2036B63EB6A226CAC
:1051900023F00C031343EB62EB6A626C23F002030F
:1051A0001343EB62EB6A43F48033EB62EB6A43F444
:1051B0000033EB62EB6A43F48023EB62EB6A43F06B
:1051C0000103EB622B6843F080732B60FFF7E8FB71
:1051D000264D04462B689A013FF511AEFFF7E0FB20
:1051E000001B0228F6D936E6FFF7DAFB801B0228FF
:1051F0009BD930E6FFF7D4FB04462B689B017FF573
:10520000FEADFFF7CDFB001B0228F6D923E60128EF
:10521000AA6A2B6B3FF420AE02F00301A06A814220
:105220007FF402AEC2F30512E16A8A427FF4FCAD5C
:10523000226BC3F30801013A91427FF4F5AD626B32
:10524000C3F34621013A91427FF4EEADA26BC3F362
:105250000641013A91427FF4E7ADE06BC3F3066388
:105260000138181A18BF0120F6E500BF00440258A3
:105270002DE9F041DDF8188004460E4615461F461C
:1052800022689368334214BF01230023AB4201D14B
:10529000002012E0B8F1FF3FF3D0FFF781FBC01B05
:1052A000404502D8B8F1000FEAD10423012084F868
:1052B0004130636C43F001036364BDE8F0812DE984
:1052C000F04F054685B00C46FFF76AFB95F8402085
:1052D00007EE900A012A00F0E1800122022085F801
:1052E000402095F84120012A40F0BE80002241F282
:1052F000883117EE903ACDED037A6A64009120214F
:1053000085F841002846FFF7B3FFDDED037A00285A
:1053100040F0AA80D4F824C0BCF1000F03D0A26AE8
:105320002968013A0A61D4F818A0D4E90727BAF12C
:10533000000F50D063694CEA0A0AD5F800E02668ED
:105340004FEA834BD4F83480D4E90B1967B3A368D0
:1053500047EA0A0A2769CEF81C30BAB13243114332
:10536000E26841EA090949EA080848EA07071743D9
:1053700047EA0B0747EA0A07CEF814706268CEF8CE
:105380001820BCF1000F40F0818062E0314341EA17
:10539000090949EA080848EA070747EA0B0747EA04
:1053A0000A07CEF81470ECE752B142EA06070F4341
:1053B00047EA090747EA0808E76848EA0707D7E71E
:1053C00046EA010747EA090747EA080747EA0B0BDD
:1053D0004BEA0A07E5E737B3A1684CEA0707D5F8B7
:1053E00000E02669CEF81C106169D4F83480890485
:1053F000D4E90BA96AB13243E36842EA0A0A4AEAED
:10540000090949EA080848EA030848EA01010F4384
:10541000B2E746EA0A0646EA090949EA080848EAFC
:1054200001010F43BDE78AB1E16A4CEA02020A4377
:10543000216B0A43616B0A43E1680A43616942EAEE
:10544000814229684A6162688A619AE7BCF1000F6B
:1054500010D141F2883217EE903A0221284600928C
:105460000122FFF705FFA8B1002385F8403005B001
:10547000BDE8F08FE36A226B4CEA03031343626BCF
:105480001343626943EA82432A685361012385F822
:105490004130E9E72B680222DA60F7E70220E6E70D
:1054A000F0B593B004460846164604A91D46FCF71D
:1054B00027FB48B92B6804A920460E93FFF7FFFE8F
:1054C000074618B14FF0FF3013B0F0BDFFF768FA90
:1054D00025680346A96994F84020012AF2D00122E8
:1054E00084F8402094F84120012AD0B246D1676464
:1054F000002E3ED0222284F841202A690132A26384
:105500002A69266341F28836013262636A6922F0B1
:10551000406242F080626A61A961A26BA2B9012275
:10552000022120460096FFF7A3FE10B9236802224D
:10553000DA60012384F841300023C01A84F8403037
:1055400018BF01204042BFE70122062120460096F5
:105550000393FFF78DFE0028EBD195F82010226B06
:10556000039B1170226B01322263A26B013AA2638A
:10557000D3E7636C43F008036364DDE70220DBE7F5
:10558000F7B50093054690F8943014460191DDE993
:105590000867F3B1D6B13B68DBB10CF043FD23469D
:1055A0002846DDE9002108F00BFE3B46324605F1B6
:1055B0006801281DFFF774FF041E284618BF012448
:1055C00064420CF025FD204603B0F0BD6FF00104ED
:1055D000F9E74FF0FF34F6E7F0B593B0044608461C
:1055E000164604A91D46FCF78BFA48B92B6804A996
:1055F00020460E93FFF763FE074618B14FF0FF30C9
:1056000013B0F0BDFFF7CCF994F8402003462568AD
:10561000012AF3D0012284F8402094F84120012A85
:10562000D0B243D16764002E3BD0122284F84120CF
:105630002A690132E2622A69666241F288360132E1
:10564000A2626A6922F040626A61E26AA2B901223A
:10565000022120460096FFF70BFE10B923680222B4
:10566000DA60012384F841300023C01A84F8403006
:1056700018BF01204042C3E70122042120460096C2
:105680000393FFF7F5FD0028EBD1626A039B1278C4
:1056900085F82020626A01326262E26A013AE262BF
:1056A000D3E7636C43F008036364DDE70220DBE7C4
:1056B0002DE9F0471C4690B090F894300546DDF88F
:1056C0006890DDE918A8CDE9002163B30CF0AAFCCD
:1056D0004FF0FF3328462E1D05F16807DDE9002154
:1056E00008F06EFD14B1BAF1000F23D1B8F1000F2C
:1056F00002D0B9F1000F19D102A93846FCF700FA1F
:10570000044638B9012302A9CDE90B033046FFF75F
:10571000D6FD08B14FF0FF3428460CF079FC204646
:1057200010B0BDE8F0874FF0FF34F8E79CB1BAF154
:10573000000F10D0224602AB39463046CDF808A003
:10574000FFF74AFF04460028E4D1B8F1000FE3D088
:10575000B9F1000FE0D002AB424639463046CDF8F1
:105760000890FFF79DFE041E18BF01246442D3E792
:1057700000B5564B8DB00A2800F2A480DFE800F097
:1057800006162432404E5C6A78869400D3F8E020F6
:105790004F4842F00102C3F8E020D3F8E03003F0B4
:1057A00001030193019B0DB05DF804FBD3F8E020E9
:1057B000484842F00202C3F8E020D3F8E03003F09A
:1057C00002030293029BEEE7D3F8E020424842F046
:1057D0000402C3F8E020D3F8E03003F0040303939D
:1057E000039BE0E7D3F8E0203C4842F00802C3F80E
:1057F000E020D3F8E03003F008030493049BD2E7E1
:10580000D3F8E020364842F01002C3F8E020D3F885
:10581000E03003F010030593059BC4E7D3F8E020C4
:10582000304842F02002C3F8E020D3F8E03003F023
:1058300020030693069BB6E7D3F8E0202A4842F0FF
:105840004002C3F8E020D3F8E03003F040030793B0
:10585000079BA8E7D3F8E020244842F08002C3F871
:10586000E020D3F8E03003F080030893089B9AE728
:10587000D3F8E0201E4842F48072C3F8E020D3F849
:10588000E03003F480730993099B8CE7D3F8E020A0
:10589000184842F40072C3F8E020D3F8E03003F473
:1058A00000730A930A9B7EE7D3F8E020124842F483
:1058B0008062C3F8E020D3F8E03003F480630B93F8
:1058C0000B9B70E70D4807F0ABFF00BF0044025888
:1058D000000002580004025800080258000C025848
:1058E000001002580014025800180258001C0258F8
:1058F0000020025800240258002802584BA8010832
:1059000038B5431C0D4628D000F00F02134BC0F3EE
:10591000031053F82240FFF72BFF1149114BD1F828
:1059200094209A42FBD104FB04F2016802EB42038B
:105930000B40B3FBF2F3013B012B03D8436823EA8E
:1059400004034360012D21460CBF2A460022FAF7CA
:10595000B7FF034B4FF440725A6138BD5CAC01088D
:10596000006402580003008038B5044607F0C8FE02
:105970000C490D4BD1F894209A42FBD1D4E9050390
:105980005B43026803EB430522EA0502134303600D
:105990004FF44073B4F910004B610021BDE838406A
:1059A000FFF7AEBF00640258000300802DE9F84302
:1059B000461C05460C4600F09C801FFA80F9554AAB
:1059C00040F47061B2F90030581C4BD10026524BA4
:1059D00009F00F02C5F3031053F82270FFF7C8FE59
:1059E0004E494F4BD1F894209A42FBD107FB07FC5C
:1059F000C4F3831283680CEB4C0E0F2A6FEA0E017E
:105A000014BF02FB0CF243EA0E034FF4407E1CBFAE
:105A10000B40134304F007028360022A3F4BC3F894
:105A200014E036D10EF1004ED3F89480F045FBD14E
:105A300019F0080FC4F383285DD03B0AD0F824E0A6
:105A40005B435B43C3EB031903FB08F32EEA090E28
:105A50004EEA03034362314B4FF4407EC3F814E037
:105A600002231EE043F470638B4210D104F0030361
:105A70005668032BABD109F47063B3F5706FA6D1F0
:105A8000324621462846BDE8F843FAF705BF0832FA
:105A900098E7032A3CD002F1FF3EDEF1000343EB1E
:105AA0000E03DFF87890DFF878E0D9F89480F045BD
:105AB000FBD1D0F800E003FB0CFC013A01EA0E0137
:105AC000012A41EA0C01016005D8436822074CBF56
:105AD0003B43BB434360C4F301123946FAF7F0FE7F
:105AE000324621462846FAF7D7FE0C4B4FF4407257
:105AF0005A61BDE8F8830CFB0CF9036AC9EB091E77
:105B000023EA0E0E09FB08F34EEA03030362A2E741
:105B10001346C6E7C0A801085CAC0108006402583F
:105B20000003008070B504460D461C22002112F0CF
:105B3000ADFE25822809FFF71BFE4FF47071064663
:105B40002846FFF733FF238A0B4A012103F00F0396
:105B500005F00F056661204652F8233001FA05F57D
:105B6000A36106F11003183625606360C4E902667C
:105B7000FFF7FAFE204670BD5CAC0108034BD96804
:105B80001A6822EA01021A605960704700650258DB
:105B9000124B1A69194602F03802102A1AD004D89A
:105BA000BAB1082A16D00B6814E0182AFBD19A6AF9
:105BB000996AD86A11F47C7F586B0BD002F003020B
:105BC000012A02D0022A00D01A681B6B034B1B6B00
:105BD00000E01B68014B9A699B69704700440258BA
:105BE0002B4BD3F8882042F47002C3F888201A693E
:105BF00042F010021A61274A136803F00F03062BC4
:105C000005D8136823F00F0343F007031360224BFA
:105C10001A6842F001021A6000221A611F4A1968CC
:105C20000A401C491A600A68120705D50A6822F062
:105C30000F0242F007020A60002219499A61DA61F4
:105C40001A6299621749D962174919635A639963AD
:105C5000DA6319645A64196821F4802119601A669C
:105C6000124A536A43F480435362114B1B681B0C66
:105C70001B04B3F1005F02D20E4B01221A600E4BDF
:105C800043F2D2021A600D4A014B9A60704700BF7E
:105C900000ED00E000200052004402587FEDF6EADB
:105CA000000202020000FF0180020101C000005852
:105CB0000010005C08810051004000520000000804
:105CC0000A4B013B0FD00269002AFADA0369074A3E
:105CD00043F001030361013A05D0036913F00103A6
:105CE000F9D1184670470320704700BF410D0300EB
:105CF00030B5056C00F530630F4CA54203D9D0F8E0
:105D0000004B002C16DB002401291C611C6944F4A3
:105D100000241C611C6944F018041C611C6944F0D7
:105D2000C0441C6106D15A61D0F8003B43F0802387
:105D3000C0F8003B002030BD0A30544FD0F8003E80
:105D400023F00303C0F8003ED0F8043843F0020308
:105D5000C0F804380020704770B50023940800F59F
:105D6000805502F00302A34214D301EB84017AB1FF
:105D700000F5805000230468D80024FA00F0C854CD
:105D8000013398B28242F7D1013A92B20132114402
:105D9000084670BD2E6841F823600133E3E770B513
:105DA0000E78012500F5006206F00F0374019D4096
:105DB0004B78012BD36917D11D4300F51060D561D5
:105DC00003591A040ED48A680559C2F30A03CA7823
:105DD0002B4343EA824343EA865343F0805343F420
:105DE00000430351002070BD43EA054500F53060D3
:105DF000D56103591B04F5D48B680259C3F30A0318
:105E00001343CA7843EA8243E7E700002DE9F843E9
:105E10000668054616F0007607D0836C202B1FD04D
:105E20000DD873B1102B15D001262B68D90173D56D
:105E30006B6C032B6FD8DFE803F0201B2220302B84
:105E4000F2D1734A0026A96CD36C23F030030B43C4
:105E5000D364EAE76E4AD36A43F40033D362F0E7CF
:105E600002210430FEF7E8FE06460028DDD1E8E70F
:105E7000674AD36A43F40033D362344604E0022114
:105E8000281DFEF7D9FE0446002C47D1604A696CF4
:105E9000D36C23F003030B43D3642B685A0247D51A
:105EA0005C4F3B6843F480733B60FEF779FD8046AE
:105EB0003B68DB0534D5002C66D1554BD5F8B400D2
:105EC0001A6F424012F4407F0BD01A6F196F22F400
:105ED000407241F480311967196F21F480311967DC
:105EE0001A67B0F5807F3AD0D5F8B430484903F44A
:105EF0004072B2F5407F43D10869474A20F47C5094
:105F000002EA131202430A61C3F30B03404A116F02
:105F10000B4313670CE001263446BEE72646BCE778
:105F2000FEF73EFDA0EB08006428C1D903263446E5
:105F30002B68D90708D5EB6F102B3CD026D85BB364
:105F4000082B32D0012634462B689A0748D5AB6F10
:105F5000052B58D8DFE803F03C37513C3C3CFEF7BA
:105F60001FFDDFF8AC80074641F28839D8F8703061
:105F70009807B9D4FEF714FDC01B4845F6D9D5E7FC
:105F80000A6922F47C52BEE72646D1E723F00802D4
:105F9000202A01D0182BD5D19CB91D4AE96F536D29
:105FA00023F038030B435365CEE70121281DFEF78C
:105FB00043FE0446F0E7012105F12400FEF7BCFD95
:105FC000F7E72646C0E70121281DFEF735FE044607
:105FD000E4B90F4AA96F536D23F007030B435365D0
:105FE0002B685B072AD5D5F89430052B00F29E80EC
:105FF000DFE803F0191496191919012105F124009D
:10600000FEF79AFDE3E701263446E9E72646E7E78F
:106010000044025800480258CFFFFF000121281D0C
:10602000FEF70AFE0446002C40F08380534AD5F860
:106030009410936D23F007030B4393652B681F07A0
:1060400014D5D5F88430B3F5805F07D1022105F16E
:106050002400FEF771FD002818BF0126474AD5F835
:106060008410536D23F440530B4353652B68D806BB
:1060700014D5D5F89830B3F5807F07D1022105F10A
:106080002400FEF759FD002818BF01263B4AD5F829
:106090009810936D23F440730B4393652B68590359
:1060A00019D5D5F88830B3F5001F44D0B3F5401F9B
:1060B00007D0B3F5801F45D1304AD36A43F400338B
:1060C000D362002C41D12D4AD5F88810536D23F4AA
:1060D00040130B4353652B68DA0306D52B6D002B59
:1060E00035D0B3F5803F40D0012629684B0009D553
:1060F000224B1A6922F400421A611A69D5F8BC00D1
:1061000002431A61002906DA1C4A696DD36C23F038
:1061100040530B43D364301E18BF0120BDE8F88301
:10612000012105F12400FEF707FD7BE70126344637
:1061300084E7264682E7012105F12400FEF7FCFCF6
:106140000446BEE701263446C5E72646C3E70B4AA8
:10615000D36A43F40033D3626CB9084A296DD36C17
:1061600023F480330B43D364BFE70221281DFEF7DD
:1061700063FD0446F0E72646B7E700BF0044025837
:10618000484B1A6902F03802102A30B500F08680B8
:10619000182A0CD0002A40F083801A68424812F076
:1061A000200F03D01B68C3F3C103D84030BD996AE8
:1061B0009D6ADA6A15F47C7FC5F305105C6BF5D037
:1061C000C4F3CC0402F0010207EE900A01F00301CF
:1061D0006243B7EE006AF8EEE76A012907EE902AFB
:1061E000FAEEE97A4CD002293CD0002948D11A684D
:1061F000920627D519682C4AC1F3C1011B6BCA400E
:10620000C3F3080307EE102AF8EEC75A85EEA67A04
:1062100006EE903AF8EEE66A76EEA77A77EE867AA0
:10622000204B67EE877A1B6BC3F34623013307EEDF
:10623000103AF8EEC76A87EEA67AFCEEC77A17EE38
:10624000900AB3E71B6BC3F3080307EE103AB8EEEE
:10625000C77A77EE277A77EE867A9FED146A86EE14
:10626000267ADDE71B6BC3F3080307EE103AB8EE9E
:10627000C77A77EE277A77EE867A9FED0D6AEEE79A
:106280001B6BC3F3080307EE103AB8EEC77A77EE3C
:10629000277A77EE867A9FED076AE0E7064885E77A
:1062A000064883E7004402580090D0030024744C51
:1062B0000024744B0024744A0024F40000093D00BB
:1062C00008B5FFF75DFF084B08499A699B69C2F35F
:1062D000032203F00F038A5CCB5C02F01F0203F081
:1062E0001F03D040D84008BD00440258AFA80108A1
:1062F00073B50E460446FFF7E3FFB0FBF6F5FF2D3E
:1063000047DCFFF7DDFFB0FBF6F101FB160606B92F
:10631000013D6560FEF744FB94F84120034612B945
:1063200041F28832A2642068A1680268013922F42F
:10633000706242EA0122202102602046A26C009293
:106340000022FEF795FF30BB2268E569E36811681B
:106350002B43256A21F07F412B43656821F0D00152
:1063600043EA05630B4313605568D4E905310B43D9
:10637000216943EA0143094929400B4353601368EB
:1063800043F0010313600123606484F8413002B0DC
:1063900070BDFF25BDE74FF0FF30F8E7FEF8E0FFE6
:1063A00008B5FFF78DFF054B054ADB69C3F30223F0
:1063B000D35C03F01F03D84008BD00BF004402585F
:1063C000AFA8010808B5FFF77BFF054B054ADB695D
:1063D000C3F30213D35C03F01F03D84008BD00BF12
:1063E00000440258AFA80108DFF86CC290212DE9E3
:1063F000F043DCE90035834C89B06943DCF8088060
:10640000DCF80C006218B8F5965F63504FF000019D
:1064100038BF0726DCF8107028BF0E46A2F85610C9
:10642000A2F85410A2F85E10A2F85C101162516636
:10643000DCF814E0C2F804809060D760C2F810E085
:10644000C2E90611C2E90961BCF91A1001315DD136
:10645000082151616C4A934210D19022B8F5165F21
:1064600002FB054292F8801057D8012906D019681E
:1064700041F002011960002182F88010902202FB95
:106480000541D1F884C0BCF1000F01D181F880C072
:1064900002FB0542242140EA0E00C2F8841019686C
:1064A000526921F001011043584A196019680A40E5
:1064B000104318605A6822F4405217435F609A688C
:1064C00022F06E4222F430629A60DA6A22F00F0201
:1064D00016434F4A9342DE6225D14E4B5B6D03F06B
:1064E0003803282B00F284804B4AD35C082B00F23F
:1064F000BB81082B7CD8DFE813F0E001E6017B00CC
:106500007B00E9017B007B007B00EE01BCF91810E9
:1065100001310CBF04210C219BE70129AED0196881
:1065200021F00201A6E73D4A934207D1394B5B6D4A
:1065300003F00703052B5BD8394AD6E7394A934263
:1065400007D1344B5B6D03F00703052B50D8364A57
:10655000CBE7364A934207D12E4B5B6D03F007031E
:10656000052B45D8324AC0E7324A934207D1294B1E
:106570005B6D03F00703052B3AD82F4AB5E72F4A86
:10658000934207D1234B5B6D03F03803282B2FD8A0
:106590002B4AAAE72B4A934207D11E4B5B6D03F0AF
:1065A0000703052B24D8284A9FE7284A934207D19E
:1065B000184B5B6D03F00703052B19D8244A94E7A9
:1065C000114A934214D102F50E32936D03F0070382
:1065D000052B0DD81F49CB5C102B00F0088109D882
:1065E000042B00F0FA80082B00F0FC80022B35D041
:1065F000012642E0202B00F03581402BF8D14FF4EA
:106600000040FDE0F40C0224000C0058F369FFCFB9
:1066100000100140004402587AA8010800440040DC
:10662000A3A8010800480040A3A80108004C0040AE
:10663000A3A8010800500040A3A8010800140140CD
:106640007AA8010800780040A3A80108007C004057
:10665000A3A80108A9A80108900B0224FFF730FEA7
:10666000A94BAA4A1B6AC3F30213D35C03F01F03AE
:10667000D840002840F0C480002690224FF001133B
:10668000012E02FB05F204EB02018B664FF00003C2
:10669000C1E91C3300F034818B6A002B66D0D80727
:1066A00006D5A058C96A426822F400320A43426003
:1066B0009A0709D590226A43A158A0184A68006B2E
:1066C00022F4803202434A605F0709D590226A4370
:1066D000A158A0184A68406B22F4802202434A6005
:1066E000180709D590226A43A158A0184A68806B00
:1066F00022F4004202434A60D90609D590226A4337
:10670000A158A0188A68C06B22F4805202438A60A4
:106710009A0609D590226A43A158A0188A68006C8D
:1067200022F4005202438A605F0613D590226A4326
:10673000A158A0184A68476C22F48012B7F5801F50
:1067400042EA07024A6005D14A68806C22F4C0021E
:1067500002434A60180609D590236B43E258E118BA
:106760005368C96C23F400230B43536090276F4395
:10677000E35904EB07085A6822F490425A609A6879
:1067800022F02A029A601A6842F001021A6000237D
:10679000C8F88C30FEF704F9E35902461B68190764
:1067A00000F1A38090236B43E3581B685B0707D578
:1067B0004FF480014046FEF783F9002840F09F80A7
:1067C000902303FB05442023C4F88430C4F88830A8
:1067D0000023E36684F8803092E002A8FAF7B8F963
:1067E000039846E705A8FAF70BF9069841E71368FE
:1067F000474813F0200F03D01368C3F3C103D840F8
:106800004FF09009434B09FB05F904EB09014A6A73
:10681000D1F8048033F8122008EB4801B0FBF2F302
:106820008B42FFF4E5AEB3EB083F3FF6E1AE002349
:10683000002113F007FF42460F020023060247EA39
:1068400010674FEA5800301847F1000113F0FAFEC4
:10685000314BA0F540729A423FF6CAAE54F8093067
:10686000D86009E72D48CBE7202B39D0402B39D011
:10687000102B7FF4BDAE244B25481A6812F0200F70
:1068800003D01B68C3F3C103D84090236B43E118C6
:106890004A684E6A1F4931F81610B0FBF1F000EB60
:1068A0005200B0FBF2F080B24FF6EF72A0F110018F
:1068B00091423FF69DAEE358D2E7FFF783FD0028F3
:1068C0003FF4DAAEE1E7FFF76BFDF8E702A8FAF76D
:1068D0003FF90398F3E705A8FAF792F80698EEE770
:1068E0000E48D2E74FF40040CFE701904FF400117B
:1068F0004046FEF7E5F8019A00283FF453AF03261F
:10690000304609B0BDE8F08300440258AFA8010842
:106910000090D003E8A80108FFFC0F0000093D002B
:10692000294B4FF4E13210B59A60C4B01A68274B76
:106930009A4245D10021BC2215A811F0A7FF0423DB
:106940001493234B196811F0040116D1482202A8B0
:1069500011F09CFF02231F4C0193012304930A931F
:10696000402305931C4BD4F88C209A42FBD101A8FC
:10697000FEF7E2F94FF44073E360154B1B685B07C9
:1069800010D50323134C3993134BD4F88C209A421F
:10699000FBD114A8FFF73AFA4FF44073E360FFF716
:1069A00023FD78B100230B4C39930B4BD4F88C208A
:1069B0009A42FBD114A8FFF729FA4FF44073E36021
:1069C000FFF712FD44B010BD900B0224000C0058DC
:1069D00000440258006402580003008037B5444C5C
:1069E0002369A369A369A369E569E369236A05F0DB
:1069F0007005404B1B68FFF7E5FCD4F8E8303E4AD1
:106A000043F00803C4F8E830D4F8E83003F0080392
:106A10000193019B394BD2F88C109942FBD1D4F8E9
:106A2000903043F00803C4F89030D4F8903023F04D
:106A30000803C4F890304FF44073314CD360314BAD
:106A400023604FF0FF33E3602F4B002D4DD1B0FB9F
:106A5000F3F0002301382361A3606060C4E90533CB
:106A600094F83D3003F0FF020BB984F83C20254A2E
:106A7000022384F83D30136823F47C7313604FF0D5
:106A8000FF33D36201239062536184F8483084F865
:106A90003E3084F83F3084F8403084F8413084F848
:106AA000423084F8433084F8443084F8453084F828
:106AB000463084F8473084F83D30144B144A9B68C4
:106AC000C3F80821BFF34F8F124B4FF480225A6056
:106AD00094F83E30012B01D1F9F7F8FD2268D36814
:106AE00023F00203D36003B030BD4000AFE700BF26
:106AF0000044025800200052006402580003008045
:106B000064050024000C004040420F0000ED00E04E
:106B10006508000800E100E070B5002396B001931D
:106B2000874BDA6A22F00102DA62DB6A03F00103C2
:106B30000193844B9A6942F440429A619A6902F443
:106B400040420192019A9A699604FCD501223323AE
:106B50008021082003930023069204931493CDE927
:106B6000092102227821CDE90C230C2310921393E2
:106B70004023CDE90E0107931021202303A8CDE97E
:106B800011120B93FEF7D8F810B1002016B070BDAB
:106B90006D4A136813F00C0F00F0A4806B4B9A69D8
:106BA00002F070023F2A40F2AA80DA6902F0700215
:106BB0003F2A05D8DA6922F0700242F04002DA6119
:106BC000624BDA6902F4E062B2F5806F05D2DA69ED
:106BD00022F4E06242F48062DA611A6A02F0700222
:106BE0003F2A05D81A6A22F0700242F040021A6267
:106BF000564B9A69110705D49A6922F00F0242F0A8
:106C000008029A619A6922F470629A611A68920184
:106C1000BBD51A6941F288364C4C22F0070242F08B
:106C200003021A61FDF7BCFE0546236903F0380331
:106C3000182B6BD1A36903F00F03082B05D9A369A7
:106C400023F00F0343F00803A3613F4A136803F0E6
:106C50000F03042B60D83D4B9A6902F07002402A62
:106C600067D8DA6902F07002402A05D9DA6922F0A1
:106C7000700242F04002DA61344BDA6902F4E062F9
:106C8000B2F5806F05D9DA6922F4E06242F48062DD
:106C9000DA611A6A02F07002402A05D91A6A22F0F3
:106CA000700242F040021A62284CFFF769FAA369A9
:106CB000A369FFF793FE23680120214A43F0800374
:106CC0002360D4F8F43043F00203C4F8F430D4F86D
:106CD000F43003F002030293029B136A43F00103B2
:106CE000136253E7136823F00F0343F004031360A8
:106CF000136803F00F03042B7FF447AF4EE79A6944
:106D000022F0700242F040029A614EE7FDF748FE21
:106D1000401BB04289D938E7136823F00F0343F0D2
:106D200004031360136803F00F03042B7FF42DAFEB
:106D300091E79A6922F0700242F040029A6190E76E
:106D40000004005800480258002000520044025835
:106D500090F8BC230368012A21D0012280F8BC23CB
:106D6000826A012A06D18269012A03D09A6B42F411
:106D700080329A639A6842F001029A60D3F8002E3A
:106D800022F00302C3F8002ED3F8042822F00202F6
:106D9000C3F80428002380F8BC331846704702204B
:106DA000704700000A4BDA6842F00102DA60DA68E4
:106DB000D2070BD5D3F80C2142F00102C3F80C2105
:106DC000D3F80C01C04300F0010070470120704768
:106DD00000200052104BDA68D20706D40E4BD3F8CD
:106DE0000C0110F001000AD170470C4A5A6002F100
:106DF00088325A60DB68DB07F0D501207047074A0C
:106E0000C3F8042102F18832C3F80421D3F80C013D
:106E100000F00100704700BF0020005223016745C9
:106E200038B50446FDF7BCFD05460134FDF7B8FD55
:106E3000431BA342FAD338BD73B505460C200E465A
:106E4000019206F0B3FA00232946019A0446C0E9EC
:106E50000133074B0360F9F7F7FF054630B12368AC
:106E600020465B689847284602B070BD3460FAE758
:106E700088AB010873B505460C200E46CDE90032FB
:106E800006F094FA00210446C0E901110849DDE941
:106E9000003201602946F9F77AFF054630B12368D0
:106EA00020465B689847284602B070BD3460FAE718
:106EB000B4AB010803682DE9F041DB6E04460D46D2
:106EC0009847804640F2011006F070FA23680027C8
:106ED00006461B6F294620469847236832462946B6
:106EE00020465B6E9847002801DD0137F5E72368EF
:106EF0004246294620469B6E9847304611F05CFC7E
:106F00003846BDE8F0812DE9F043064687B02C20D5
:106F1000154606F1A4080F4606F048FA0446404616
:106F200006F1140903F090FDB36902AA21466360DB
:106F30004846F3690195A36001AB02F003FB0546E7
:106F4000A8B99DF80C30222B1CD104AA2146484632
:106F500001F0D8FB054650B963682361A3686361FB
:106F60000E23A3611023E360736A746223604046BA
:106F700003F04AFD4DB93C60284607B0BDE8F04338
:106F8000F9F7C5BF6FF01305F1E7204611F014FCC7
:106F9000F2E72DE9F04F07469B4693B0382007F102
:106FA000A4098846164606F001FA0446484603F04E
:106FB0004BFD1BF0030C07F1140A00F0C580BCF177
:106FC000010F4FF0000000F0C180BCF1020F8446B9
:106FD00001D0002100E003214FEA6B0202964FEA44
:106FE000AB0502F4807205F400752A430BF480654A
:106FF0002A434FEA0B2505F40065154345EA0C05C5
:1070000005430D4305F00303012B11D102AB03AA85
:1070100007A9504602F096FA064600BB9DF81030CC
:10702000222B00F08A80A9053FD56FF0100609E0F9
:1070300097F85430002BE9D1504601F0DFFF0646A7
:107040000028E3D0484603F0DFFC002E78D1C8F8D2
:107050000040304613B0BDE8F04FF9F758BF821C2E
:10706000F0D1029B2F211846019313F035F8834687
:107070000028E7D1EB05E5D5019B40F611028DF81C
:1070800012001846ADF8102012F0F4F94FF0FF325C
:107090008DF8130007A9019B5046CDE9052B03AAE3
:1070A00002F02CFB06460028CCD1089B0022680584
:1070B0006360099BA261A360039BE360059B23615E
:1070C000069BC4E9075263610AD44FF0FF337D6920
:1070D000E3626B6BF3B13A6A62B16FF00B06B1E732
:1070E00013B145F48035E5614FF0FF320023C4E968
:1070F0000423EAE76363E36903F00303012B04D08D
:1071000004F12C01284601F006F93B6A00263C6296
:10711000236097E7E36903F00303012B06D1686955
:1071200011F042FB60630028EFD1D6E7A86911F0A7
:107130003BFB60630028E3D1CFE76FF0140681E7E3
:10714000204611F039FB84E7012042E74FF0020CA2
:107150003FE7000010B50446EFF3058313B16FF06D
:10716000050010BD0DF06CFA0028F8D120464FF054
:10717000FF31DFF808C000DFF3E700BFD92B0108BB
:1071800070B50A440E4E036893FAA3F393FAA3F37F
:107190000360914212D011F8014B84EA030505F017
:1071A0000F0556F8255085EA131383EA141404F0EA
:1071B0000F0456F8244084EA1313EAE7036070BD15
:1071C00094AD0108437982790433C079134418449B
:1071D000704703681A6AC36AD31A1944B1FBF2F301
:1071E00002FB1311036B8B4210B50BD94C09C26B18
:1071F000012301F01F0103FA01F152F824300B437F
:1072000042F82430002010BD03680846184703697F
:1072100010B5044613B150F8041B9847204610BD22
:1072200038B5036804460D469B6F984723682D695F
:107230002046DB6F9847284638BD38B503680446BA
:107240000D469B6F98472368ED682046DB6F984793
:10725000284638BD38B5036804460D469B6F9847ED
:1072600023686D692046DB6F9847284638BD036860
:107270000122D3F88030184708B5064B53F8200098
:107280000368DB6A984780B2B0F5007F38BF4FF4DF
:10729000007008BDF41402242DE9FF4716461C4671
:1072A0008046DFF844900391FFF7E6FFA0FB0667F6
:1072B000A0FB044559F8280032460368CDE9004593
:1072C000D3F81CA03B46D04750B959F828003246A5
:1072D00003990368CDE900459C693B46A04700B18E
:1072E000042004B0BDE8F087F41402247FB51646EC
:1072F00005461C460391FFF7BFFF0A4A0346039960
:1073000052F82500A3FB04450268CDE90045546905
:10731000A3FB0623A047002814BF0420002004B0CC
:1073200070BD00BFF414022413289ABF014B1856F5
:1073300040427047FFAC010813128A76CB7603787F
:10734000032B01BF120C0A7512124A7570470328ED
:10735000CA7E8B7E08BF487D43EA022302BF0A7DB6
:1073600042EA002243EA02431846704760B10368CC
:107370005BB11A785AB18088DA88904216BF09202A
:10738000002000230B60704703460920FAE709201C
:107390001346F7E7026810B504465AB1114611F8D2
:1073A000013B202B11D93A2BF9D11378303BD8B2BD
:1073B000092802D94FF0FF3006E002329142F9D19C
:1073C000032B1846F6DC216010BD0020FCE738B521
:1073D000C378044613B90025284638BDD0E90C21EE
:1073E00001234078FFF758FF054680B9216B636A97
:1073F000E269CB1AE0709342EDD2A378022BEAD176
:107400000A440123616B6078FFF746FFE4E701253A
:10741000E2E70B0A017043700B0C090E8370C17018
:10742000704742884378007843EA022340EA032009
:107430007047002370B51C462E26C5692A5D0134AD
:10744000202A0AD0052A08BFE522092C02BFCD1840
:1074500001336E72CD1801336A720B2CEDD10B44DF
:1074600000225A72C369DB7A03F03F030B72C469CE
:1074700004F11C00FFF7D5FF0860E27DA37D43EA1D
:107480000223CB80627E237E43EA02238B8070BD81
:10749000406803689B6C1847D0E9043110B5D0E907
:1074A0000824D01A64EB010110BD406803685B6BCF
:1074B0001847416830B4D0E904400D6812192D6BAB
:1074C00040EB03030846294630BC084741680B6877
:1074D00010B41C6BD0E90423084621465DF8044B28
:1074E0000847406803689B6A1847406803685B6AFE
:1074F00018472DE9F3470546144698464068D5E9F4
:1075000004230168A218DDE90AA948EB0303CDE9C9
:1075100000A9496C884780B114EB0A04D5E904320C
:1075200048EB0908E61848EB0207D5E90823BB42F7
:1075300008BFB2422CBF0120002002B0BDE8F08796
:107540002DE9F3470546144698464068D5E90423DB
:107550000168A218DDE90AA948EB0303CDE900A9F7
:10756000096C884780B114EB0A04D5E9043248EB72
:107570000908E61848EB0207D5E90823BB4208BF13
:10758000B2422CBF0120002002B0BDE8F0872DE9F7
:10759000F3470546144698464068D5E90423016838
:1075A000A218DDE90AA948EB0303CDE900A9C96BDC
:1075B000884780B114EB0A04D5E9043248EB090886
:1075C000E61848EB0207D5E90823BB4208BFB242E0
:1075D0002CBF0120002002B0BDE8F0872DE9F34167
:1075E000DDE908670168044615469846CDE900675D
:1075F000496C884768B16068D4E904230168AA1817
:10760000CDE9086748EB0303C96902B0BDE8F04162
:1076100008476FF47A6002B0BDE8F0812DE9F043CD
:1076200085B00446154698460391DDE90C67CDE91F
:1076300000670168D1F84090C84778B16068039945
:10764000D4E904230468AA18CDE90C67A46948EBBF
:107650000303A44605B0BDE8F04360476FF47A60C9
:1076600005B0BDE8F0832DE9F04385B0044615462A
:1076700098460391DDE90C67CDE900670168D1F810
:107680003C90C84778B160680399D4E90423046842
:10769000AA18CDE90C67646948EB0303A44605B05A
:1076A000BDE8F04360476FF47A6005B0BDE8F08351
:1076B000406803681B69184740680368DB6818471F
:1076C00073B50446406803689B689847054658BBF5
:1076D000606803689B6B9847237A3BB12572D4E9B5
:1076E0000432C31A61EB0202C4E90432237E43B1BF
:1076F0000026D4E908322676C31A61EB0201C4E9F8
:107700000831D4E90416D4E9083220685B1A62EB28
:107710000602CDE900320022416C00232046884752
:10772000002808BF6FF47A65284602B070BD406833
:1077300010B103689B6C18477047407E7047007E0D
:107740007047D0E9042110B5D0E90234981844EB11
:10775000010110BDD0E902017047D0E90401704772
:1077600090F820301BB1406803685B6B18476FF4DA
:107770007A60704790F8201030B459B1D0E9011404
:10778000C0680D6812192D6B40EB030308462946AB
:1077900030BC08470020002130BC704790F82030F2
:1077A0001BB140680368DB6A18470020002170475E
:1077B00090F820301BB1406803689B6A184700208E
:1077C0000021704790F820301BB1406803685B6A65
:1077D00018470020002170472DE9F34190F8201050
:1077E000044615469846DDE9086799B10168CDE978
:1077F0000067496C884768B1E368D4E90102016811
:10780000AA18CDE9086748EB0303C96902B0BDE8CF
:10781000F04108476FF47A6002B0BDE8F0812DE9CD
:10782000F04390F820C085B0044615469846039171
:10783000DDE90C67BCF1000F16D0CDE900670168E7
:10784000D1F84090C84778B1E3680399D4E90102C0
:107850000468AA18CDE90C67A46948EB0303A446A1
:1078600005B0BDE8F04360476FF47A6005B0BDE84D
:10787000F0832DE9F04390F820C085B0044615460A
:1078800098460391DDE90C67BCF1000F16D0CDE9F5
:1078900000670168D1F83C90C84778B1E368039964
:1078A000D4E901020468AA18CDE90C67646948EBC1
:1078B0000303A44605B0BDE8F04360476FF47A6067
:1078C00005B0BDE8F08390F820301BB14068036834
:1078D0001B6918476FF47A6070472DE9F047D0E9CB
:1078E000011405684FEA640A9DF820C005EB6400A6
:1078F000E4079DF824E048BF55F80A409DF8288029
:10790000DDF82C9048BF6158DDE90C67CDE90A89A4
:10791000CDE90C67CDE908CEBDE8F047084730B4A3
:107920009DF808109DF80C409DF810500291CDE98B
:10793000034530BCC1680847FF207047D0E94401C7
:107940007047F0B51F46D0F81831164601332DD1D7
:10795000D0F86021D0E94445AF4208BFA6421CD20E
:10796000D0F82811C9B101290CD000F5B47C00234E
:10797000994212DDFCE80245BD4208BFB44202D282
:107980000133F5E700230344012193F85441002318
:107990000C4205D0723350F823201046D117F0BDA9
:1079A00001334900042B49B2F2D1F6E74FF480507D
:1079B0000021F4E700487047D0AC0108D0F860011E
:1079C0000021704701200021704701682DE9F04730
:1079D00017469846096B0646DDE9089A884702462D
:1079E0000B463846414612F02DFE134302D00020CC
:1079F000BDE8F08717EB09043368304648EB0A0509
:107A000014F1FF32196B45F1FF33884702460B46EC
:107A10002046294612F016FE1343E8D1336830465B
:107A20009B6B9847A94208BFA0422CBF01200020B1
:107A3000DEE72DE9F74F1646016802690546009317
:107A40000192896B4769DDE90CAB16EB0A0843EB41
:107A50000B098847494508BF4045DDE9003203D29C
:107A6000002003B0BDE8F08F16F17844284643F1BA
:107A7000FF31A4182A6841EB0707116B324688478B
:107A800002460B462046394612F0DCFD1343E7D18F
:107A900014EB0A042B68284647EB0B0718F1FF325A
:107AA000196B49F1FF33884702460B462046394699
:107AB00012F0C8FD13430CBF01200020D1E70000E5
:107AC00000487047D6AC0108D0E90601704790F82D
:107AD0002030002B0CBF4FF0FF30FF20704790F894
:107AE000203013B12020002170470020FBE72DE952
:107AF000F0471E460368154604469B6ADDE9087A8E
:107B0000984702460B462846314612F09BFD134328
:107B100002D00020BDE8F087236820469B6A984782
:107B200002460B463846514612F08CFD1343F0D105
:107B300015EB07082368204646EB0A099B6B98471C
:107B4000494508BF40452CBF01200020E2E72DE950
:107B5000F0471E460368154604465B6ADDE9087A6D
:107B6000984702460B462846314612F06BFD1343F8
:107B700002D00020BDE8F087236820465B6A984762
:107B800002460B463846514612F05CFD1343F0D1D5
:107B900015EB07082368204646EB0A099B6B9847BC
:107BA000494508BF40452CBF01200020E2E70020E6
:107BB0007047036873B50C469B6F0646984701A94A
:107BC0002046FFF7D3FB054600B9206033683046F6
:107BD000DB6F984714B1204610F0EEFD284602B046
:107BE000BDE87040FFF7A0BB08B110F0E5BD7047DD
:107BF00010B5044610F0E0FD204610BD10B5044657
:107C000010F0DAFD204610BD70B50446FFF7DFFB2B
:107C1000054600283FD12378032B35D12679012E44
:107C200032D10146A289606B10F030FE636B5522A1
:107C30004121722083F8FE21AA2283F8FF215223DA
:107C4000626B137053706123D1709370626B82F812
:107C5000E73182F8E40182F8E50182F8E611606B11
:107C6000616900F5F470FFF7D4FB606B216900F5E2
:107C7000F670FFF7CEFB226A3346616B0132607803
:107C80002263FFF709FB25716278034B53F822004A
:107C9000B0FA80F0400970BDF414022490F820304E
:107CA00010B504465BB11C30FBF732F838B984F8E4
:107CB000200060680368BDE81040DB6818470020BA
:107CC00010BD2DE9F04F89B09046994605469DF8C4
:107CD0004820C3469DF8503090F8FA71DDE91561EF
:107CE0000591032A57D8DFE802F01B021903022787
:107CF0000F2B4FF0000205F1040A08BF95F8FD3183
:107D000011465046009203933B46CDE901220AF00A
:107D100093F9044638B109B0BDE8F08F0327E7E7CF
:107D20004FF0FF3BE4E7059B4FF0FF329DF84C100E
:107D30005046079307ABCDE900635B46FDF720FC97
:107D40003B468346224621465046CDE90244CDE9D2
:107D500000440AF071F90028DDD1BBF1000F01D019
:107D60005846D8E795F801010028D4D0B9F1000FA2
:107D700008BFB8F1040F04D1337843F00A0333701D
:107D8000EEE7B9F1000F08BFB8F1020FE8D1337880
:107D900023F00403F3E74FF0FF30BCE708B590F899
:107DA00020302BB100691044FAF732FF002108BDE2
:107DB0001846FBE708B590F8203023B10069FAF7C0
:107DC00027FF002108BD1846FBE7F7B590F8201003
:107DD00004461546DDE9086771B10168CDE9006721
:107DE000496C884740B121693246201D294403B0BF
:107DF000BDE8F0400AF0B6B96FF47A6003B0F0BDA8
:107E0000F0B590F8207085B0044615460391DDE981
:107E10000A6C7FB10768CDE9006C3F6CB84748B188
:107E2000226933460399201D2A4405B0BDE8F0407D
:107E30000AF0E4BA6FF47A6005B0F0BD90F8203033
:107E400010B5044613B94362002010BD2430FAF780
:107E50005FFF0028F8D184F82000201DBDE8104005
:107E60000AF010BC90F820302DE9F04F814685B023
:107E700003B9436209F1240656E8000F013046E8D1
:107E80000003002BF8D1012843D109F104000AF0C6
:107E900015FC804630B13046FAF73AFF404605B04F
:107EA000BDE8F08FD9E906ABD9E904451AEB040324
:107EB00000934BEB05030193FAF7CAFE002300F190
:107EC000006C8646DDE900018B4208BF844505D27F
:107ED00030466FF47A68FAF71BFFDFE7002D08BF22
:107EE000B4F1006FF4D35AEA0B030ED14FF00061E6
:107EF0000B1B029365EB45030393DDE9026716EB69
:107F00000E0647F10007C9E90667012189F820102C
:107F1000C4E79846C2E770B514466FF00046126891
:107F200005460498B24207D238B10146184611F00E
:107F300091FF431C05D1206070BD15B18A4238BF46
:107F4000AB54236801332360F6E700002DE9F04FBE
:107F500089B0002405469DF850A09DF84800A24530
:107F6000DDF85480079414BF4FF0300B4FF0200B16
:107F70000128CDE905443FD1A3423DDA5B42814669
:107F8000841E00270DF1140C4FF00A0EE4B2029487
:107F9000029C012C56D8022803F00F044FEA131359
:107FA0000CBF334E334E345D0CF807407C1C002B65
:107FB00046D1B9F1000F27D0BAF1000F09D02D2317
:107FC0002846CDF80080CDE90212FFF7A4FFDDE9D5
:107FD0000212BC1C139B9C421BDBBAF1000F09D19F
:107FE0002D232846CDF80080CDE90212FFF793FF3C
:107FF000DDE90212013C1EE013B14FF00009BFE7BA
:10800000302301248DF81430139B9C4213DA4FF077
:1080100000095B462846CDF80080CDE90212FFF743
:108020007AFF139B013BA3421393DDE90212F0DCBC
:10803000B9F1000FD1D105AE6CB909B0BDE8F08F30
:108040002746A5E7B3FBFEF40EFB143330330CF8E0
:1080500007302346AAE7013CCDF800802846335D6F
:10806000CDE90212FFF757FFDDE90212E4E700BF96
:10807000D4AD0108E4AD01082DE9F04F1C4689B0EC
:1080800000238946129E15460793B2B1994214DB2C
:108090000CBF012301F1FF394FF0000B049315F8D9
:1080A0000B3073B948B1049B3BB9079B4B4595BF57
:1080B000049A049BC25400F80930079809B0BDE83F
:1080C000F08F252B40F002810BF1010815F80830E4
:1080D000203BDBB20D2B07D842F6090222FA03F34C
:1080E000DB0748BF0BF1020815F808302A2B1DD119
:1080F000002108F1010204348E46AF5CAB182E2F2C
:1081000051D15F782A2F2CD04FF0000AC5F1010C15
:108110000CEB030213F8017F303F5FFA87F8B8F1E8
:10812000090F21D80A2202FB0A7AF1E7302B15D178
:1081300008F1010815F80830302BF9D04FF0010E86
:10814000A8440021A8EB050218F8013B303BDFB240
:10815000092FD2D80A2202FB0131F3E74FF0000EBB
:10816000EEE7023254F804ABAB5C682B1ED1AB18BF
:108170005B78682B0CBF7223112303F00308904433
:1081800015F80870642F01D0692F3FD1822B27D1B9
:10819000252307AA494600960590252F18BFD846E3
:1081A000FFF7B9FE2EE06FF0004ADDE76C2B06D139
:1081B000AB185B786C2B0CBF82232123DDE76A2B85
:1081C00008D07A2B08D0742B08D04C2B14BF002376
:1081D0006123D2E73123D0E74123CEE75123CCE717
:1081E000112B54F8042B0FD0722B00D152B2012363
:1081F0000191CDE902E600934946134607AA05908E
:10820000FFF7A4FE059838E012B2F0E7752F03D00F
:1082100007F0DF02582A16D1822BB9D0112B54F85F
:10822000042B09D0722B00D1D2B2752F0191CDE968
:1082300002E603D10023DEE792B2F6E7582F0CBF27
:1082400003230223D7E7632F09D154F8043B07AA7D
:1082500049460096DBB20590FFF75DFED2E7732F2B
:1082600016D154F804BB0BF1FF3717F8013F23B1C7
:10827000AAEB07021BEB020F02D108F1010B0EE77C
:1082800007AA494600960590FFF745FE0598ECE7DA
:10829000702F7FF47DAF54F8047B302307AA494642
:1082A00000960590FFF737FE782307AA4946059800
:1082B0000096FFF730FE002307AA4946059803966B
:1082C000CDE90133032300933B4699E707AA4946CA
:1082D0000096D8460590FFF71EFE93E7F8B5C569EE
:1082E0000F460E68083DAE4213D3B6FBF5F00138D9
:1082F00012F0C0F9841CA6EB8404B4FBF5F420460C
:1083000012F0B8F9A6EB800004FB150520463D608D
:10831000F8BD0020FCE710B50C468269FF21A0687B
:1083200010F0B4FA4FF0FF33236010BDF7B50C46E0
:108330000968064617464B1C21D0006883690093E4
:108340008568D4E90123A847054620B937B92146F5
:108350003068FFF7E0FF284603B0F0BD33683946C8
:1083600030469B690193A3680093D4E90023FAF790
:108370008CFD002805DBEAD16FF03305EBE7002523
:10838000E9E70546E7E72DE9F74F0C9C07460D4660
:1083900091469846DDF838A0BAF1000F03D1504657
:1083A00003B0BDE8F08F2B6838684345826928D157
:1083B0006B68A34225D803EB020BA34521D9ABEB95
:1083C000040BE01AAB68D3450D99184428BFD34677
:1083D0005A465C4410F04CFA0D9B5B44AAEB0B0B25
:1083E0000D933B689A69B4FBF2F302FB134333B974
:1083F0004A4629463846FFF799FF0028D0D1DA4689
:10840000CAE7B4FBF2F302FB13434BBB924527D3FD
:108410004146BAFBF2F302FB13AB2246AAEB0B0A6E
:10842000CDF800A083681E460D9BB0470028B7D149
:10843000B9F1000F04D10D9B544453440D93DEE772
:108440000D9B42464946384600932346CDF804A08A
:10845000FAF71BFD0028A3DBEDD16FF033009FE797
:10846000E31AD346C5F800806B60C8E72DE9F04FEA
:1084700085B00F4691469846109D0390DDE90E4663
:108480000DB9284659E0039B1868B9F1000F1ED0BA
:10849000D9F8003043451AD1D9F80410A14216D8B2
:1084A000826901EB020A544511D2AAEB040A611A4F
:1084B000D9F80830AA4528BFAA4630465246194482
:1084C00056445444A5EB0A0510F0D2F9D8E73A68AF
:1084D000436990450ED179688C420BD301EB030AB6
:1084E000544507D2AAEB040A611ABB68AA4528BF03
:1084F000AA46E2E7B4FBF3F203FB1242D0F804B061
:108500008AB99D420FD322464146B5FBF3FA03FBDD
:108510001A5A3346A5EB0A050095D84768B92E4488
:108520002C445546ACE7A21A00934146BB68C7F8F5
:1085300000807A60D8470028A2D005B0BDE8F08F4F
:108540002DE9F04F8BB0914607468846149A07A94B
:1085500000680DF1200B013A0593DDF858A0079251
:10856000FFF7BCFE059B0546194605935046159B33
:108570009847024618BB15B305F001064A4600901D
:108580003846C6F10204059BA100CDE901B1414680
:10859000FFF76CFF024690B9013C944207DC0AAB3E
:1085A000023E03EB8404354454F8083CDCE70899A8
:1085B0005046159B984701220028EED002461046EF
:1085C0000BB0BDE8F08F2DE9F04786B005460F46A9
:1085D000144600F11409D6184FF0010A0DF11708DE
:1085E000B44203D1002006B0BDE8F08700943B46BA
:1085F0000022494628460134CDE9018AFFF736FFBB
:108600000028F0D1012241460E98FEF7B9FDE7E7B8
:1086100003689B6A10B5044613B9C06910F0CCF822
:108620002368DB6A13B9A06A10F0C6F823681B6BD5
:1086300023B9E06BBDE8104010F0BEB810BD38B5EE
:108640008B6A04460D460160CBB1C361EB6A13B37C
:10865000A36204F120012846FFF75DFE4FF0FF33CF
:10866000636123681A6BEAB1E26300204FF0FF33C5
:10867000C4E90300C4E90133A4F8400038BD4869E7
:1086800010F092F8E0610028E0D12046FFF7C0FF2B
:108690006FF00B00F2E7A86910F086F8A0620028DE
:1086A000D7D1F2E7586AC00810F07EF8E0630028DE
:1086B000DBD1EAE70B6810B504689C4209D040683A
:1086C0004A68904205D0944203D0181A18BF01207E
:1086D00010BD0020FCE70368013304D04068431C50
:1086E000584258417047012070471FB5069C0092C0
:1086F0000022CDE901340B4600F11401FFF7B6FE6C
:1087000004B010BD2DE9F04F13688BB0002607466A
:1087100004930C465368B0460DF1100B06AD4FF0B4
:10872000100A05935BF826902B46002238464946EE
:10873000CDF800A0FFF7D9FF70B110F1340F06D1CA
:1087400046B1B8F1000F14BF00206FF033000BB03A
:10875000BDE8F08F0126E5E7B8F1000F04D0E2692B
:10876000069B9B1A002BEBDB079B23F00043132B8C
:10877000E6D93A68D2699342E2D84FF0FF3303A8B2
:10878000102229460393FEF7FBFC079B1022009062
:10879000494623F000433846103BFFF714FF0028FA
:1087A000CBD1039B002BCBD10AAA86F0010304F1A5
:1087B0001C0CC4F8049002EB83034FF0010853F83B
:1087C000183CC4E9023A95E80F008CE80F00B7E7BF
:1087D0002DE9F043012397B00F460646002190464D
:1087E000CDE9051305994046B847044610BB0699E4
:1087F0004046B8470446E8B905AA0BA93046FFF73A
:1088000081FF0446B0B90C25139B0E9A23F0004358
:1088100002F10C01043B994210D9149B05A8059361
:10882000159B0693FFF757FF0028DBD0F56806F18C
:1088300014094DBB204617B0BDE8F0830C9908AB76
:1088400030460095FFF751FF0146002842D107A8A6
:10885000FEF7B8FC0E9B18449DF8203003F070031F
:108860000E90102BD0D10A9B002BCCD00A4600933F
:1088700006F11401099B3046CDE90178FFF760FE4F
:108880000028C0D00446D5E7EB69DA0312D4EB69BF
:108890009B030DD52B6A5BB1009305F12C02494671
:1088A0003046CDE901786B6AFFF74AFE0028E9D12E
:1088B0002D68BEE76B69002BE9D0009305F12C020F
:1088C00049463046CDE901782B69FFF739FE00288B
:1088D000DDD0D7E70446ADE72DE9F04104460D466B
:1088E0000127304E4FF00008226BD4E90D1391425E
:1088F00024D1002B52D02068E16AD0F820C00A446D
:10890000B2FBFCF10CFB11220021E262426AE06B37
:10891000934294BF23632263D208C4F834800FF0DB
:10892000B5FF201DFFF7D7FE0028DDD122463146D6
:108930002046FFF74DFF0028D4D025E0481C013B1E
:10894000D4F83CC060634809A36301F01F035CF8DE
:10895000200007FA03F30342C7D1E36A19442368EE
:108960001A6AB1FBF2F302FB131129600121256B96
:10897000636BAB4210D05A0903F01F005CF8222051
:1089800001FA00F0104001D1BDE8F08101336363CA
:10899000A36B013BA363EBE70020F5E76FF01B003F
:1089A000F2E700BFD37100082DE9F04F044687B00D
:1089B0000E4600F1140A05A92046FFF78DFF054673
:1089C00048B920680599C3689847054600283BD0F8
:1089D00010F1340FEFD0284607B0BDE8F08F0DF14D
:1089E0001307736A5A4651462046CDF80890CDE9E0
:1089F0000087FFF73BFD70B9059B524604F120014B
:108A00002046CDF80080CDE90179FFF7BCFC20B10C
:108A100010F1340FCFD00546DDE708F10108B36A45
:108A20004345DCD82368A16A9A69706B0FF020FF78
:108A3000236A04F120012068F362636A3363FFF75D
:108A40006AFC059B7362C6E7804606F12C0B4FF06B
:108A50000109E4E7CB695A0344BF23F480234FF0B4
:108A6000FF322DE9F04148BFCB610546CB6990B09C
:108A700048BFCA620C4613F400302CD00F6A2C2277
:108A8000002102A80FF002FF236905F114060693E6
:108A900063690793012396E80700CDE9093710AB16
:108AA00003E907004FF0FF3398466B61226A636960
:108AB0009A4213D304F12C08324641462846FFF768
:108AC00035FC28B310F1340F05D121462846FFF7B5
:108AD0006BFF0028F0D010B0BDE8F08101230DF14C
:108AE000070202A9284600F052F90028F3DB01230F
:108AF0000DF107022146284600F016F80028EADBAF
:108B00006B6901331CBFCDF83480C5F81480CDE704
:108B1000636A2361236A6361E36923F4003343F4E6
:108B20008033C4E90737D6E72DE9F04F9B468DB077
:108B3000CB69054604920C4603F00302012A00F0BB
:108B400020815E0314D4E66932051AD4276A17EB34
:108B50000B0F00F1198116F4003618D0D946E369DD
:108B6000B9F1000F25D123F400235A46E36104E054
:108B7000FFF770FF02460028E5D010460DB0BDE8B3
:108B8000F08F6269216A8A4288BF2262DEE76369E8
:108B90009F42E3D923620BAA0123214628468DF880
:108BA0002C60FFF7C1FF021EE7DB236A9F42F2D869
:108BB000D4E79B0304F12C0620D52B68A26ADB695D
:108BC0009A4242D12B6805F1140A1B6AAB63D4E9BF
:108BD0000832CDE909230BA92846FFF77DFE02469E
:108BE000F8B928680B99C3689847024618B312F180
:108BF000340F16D14FF0FF332B62ECE7236A002BC2
:108C0000E0D004F12802013B31462846029204F1EB
:108C1000240200930192D4E90423FAF75EF9024694
:108C200020B1E36943F40023E361A6E731462868F5
:108C3000FFF771FBC6E70A9B286843BB0B9A626289
:108C4000A362E36943F40033E361A84658F8143B98
:108C5000DF69A36AFF1A4F4528BF4F46049B42466F
:108C6000314628460193A36A02970093636AFFF78F
:108C70008AFB0246002875D010F1340FD1D121466D
:108C80002846FFF791FE02460028E7D0C9E7013BDE
:108C90000AA905920A93FFF721FB0A9B2968013371
:108CA000059AC9690A938B424AD10130904609AFAF
:108CB00090FAA0F3B3FA83F30593013306934FEAD6
:108CC000880352463146284607930423CDE90173B1
:108CD000079B00930B9BFFF756FB0246002886D1AB
:108CE000059B434530D108F10108069B4345E6D872
:108CF0000B9B6362069B9B00A2E701230022514667
:108D00002846CDF80080CDE90173099BFFF7AEFB43
:108D10000246002885D10123524631462846CDF827
:108D20000080CDE901730B9BFFF72DFB0246002865
:108D30007FF45DAF08F101080A9B9845DDD37DE71C
:108D400090460DF12307F7E7042351462846CDE965
:108D50000173079B0093099BFFF788FB02460028DD
:108D6000C1D05EE7236AA9EB07093B442362A36AEB
:108D70003B44A362049B3B4404932B681B6AAB6394
:108D8000EDE66FF00802F8E66FF01A02F5E62DE95D
:108D9000F04F1D46CB69904687B003F003020746AB
:108DA0000C46022A54D09A0305D4266A6269964278
:108DB00008D3002003E0FFF74DFE0028F5D007B0F0
:108DC000BDE8F08F961B04F12C0104F1280A04F190
:108DD000240BAE4228BF2E46B146B9F1000F01D197
:108DE0003046ECE7E3695B0304D53B68A26ADB69C4
:108DF0009A4210D1236A384605910093CDE901BA11
:108E0000D4E90423FAF769F80028D8D1E369059971
:108E100043F48023E3613A683846A36AD5690022A7
:108E20000093ED1A636A05914D4528BF4D46CDE983
:108E30000185FFF71BFB0028C1D1236AA844A9EBD9
:108E4000050905992B442362A36A2B44A362C4E756
:108E50006FF00800B3E7F7B5044604300E46154638
:108E6000FFF739FC10B1002003B0F0BD01230090E2
:108E70006A46294620460193FFF744FC0028F3D1B7
:108E800005F124073846FFF726FC0028EBD13146D0
:108E90003846FFF70FFC38B13A4629462046FFF71F
:108EA00031FC0028EED0DFE70120DDE72DE9F341BA
:108EB00006460C46154601F124081027226AE1688F
:108EC00022F0004301F10C00043B984217D80C2318
:108ED0000A463046616800932B1DFFF706FC0146E9
:108EE00090B9E66828462E60FEF76CF93044E060E1
:108EF0002846FEF767F9A3691844A06104E0002A38
:108F000006DB29606FF00101084602B0BDE8F08180
:108F1000214642463046FFF7F5FB01460028F3D1D3
:108F2000A369E7601433A361C8E72DE9F843144649
:108F30001D460022012306460F4604F1240805F1D0
:108F40000809C4E909234046FFF7C5FB08B1002022
:108F50000DE0424621463046FFF7D4FB38B92A4699
:108F600021463046FFF7A2FF18B1831CEBD0BDE8C5
:108F7000F8832B7903F07003202BF0D13946484653
:108F8000FFF798FB0028EAD10120F0E770B505460D
:108F900092B004300E46FFF79EFB68BB01230190A0
:108FA00001AA07A928460293FFF7ACFB044618B9AB
:108FB00010A8FFF790FB10B1204612B070BD10AAA8
:108FC00007A92846FFF79EFB38B903AA07A9284638
:108FD000FFF76CFF18B1831CEAD00446ECE79DF95B
:108FE0001030002BF1DB0822314605A810F0A8FF55
:108FF0000028EAD10124DFE70024DDE7F0B50127EE
:10900000061DA7B0044680F840703046FFF763FBAA
:109010000546002840F0818001462C2205A80FF06B
:1090200035FC4FF000432822294610A80D930FF07D
:109030002DFC1A9723681B6A9D4202D36FF0330000
:109040001BE019A8FFF747FB002866D119AA10A951
:109050002046FFF757FB80B90D9B002B38DB3046CD
:10906000FFF739FB58B1199B0E931A9B0F930023FE
:1090700005A920461A4600F052F827B0F0BD01AB12
:109080001BAA0EA92046FFF750FF0028F5DBEAD007
:10909000039A0E99049B8A420F9801D1984217D0E7
:1090A000824201D1994213D00E92DFE79DF97030D0
:1090B000002B0DDA1DA92046FFF768FF0028DCDB36
:1090C0001ED01BAA10A9204600F075F90028D4D1A3
:1090D0001BAA10A92046FFF7E9FE0028E6D0831C52
:1090E000CBD10DF1400C05AF0135BCE80F000FC727
:1090F000BCE80F000FC79CE8070087E8070099E766
:109100009DF870301BAA10A903F07F038DF8703012
:109110000346204600F0C3F9D8E70020ADE72DE96B
:10912000F04F2DED028B9BB006460D460793CB69A1
:1091300007980133059202EB0017CB610B1DD1E9B3
:10914000011408EE103A1346C5E901419F420FD1C0
:109150000023CDE90941069330686968C3689847E0
:10916000044670B114F1340F00F0F4802046FFE0A3
:10917000D86810332A6A024453F80C0C121A2A6277
:10918000E4E705F11C080DF12C094FF0FF3306F15F
:10919000200A10271022414648460B93FDF7F0FFA6
:1091A000224600946B6851463046CDE90187FFF7AF
:1091B000EAF804460028D5D18346B84608EE909ACE
:1091C0002AE0079B9B4580F2A080059A4FEA0B138B
:1091D000D35802EB0B19434540F0978018EE900AE4
:1091E000D9E90212FDF7CCFFD9F80C300022514624
:1091F00002933046D9F80830CDE900736B68FFF769
:10920000C2F804460028ADD1D9F804300BF1010BA7
:109210009844D9F80C301F442B6A23F00043043BD8
:10922000BB42CED804230DF12C08002251460293F4
:1092300030466B68CDE90078FFF7A5F804460028B2
:1092400090D14FF0FF330246514630467361FFF72D
:109250006DF80446002885D13068036998470446B4
:1092600000287FF47FAF4FF0FF330FAF02466968ED
:109270000F9330462B6A009723F00043043BFFF71F
:10928000A2F9044600287FF471AF0F9A0B9B9A4213
:1092900060D1069B4BB306F104094846FFF71BFA61
:1092A000002875D143463A4609A93046FFF73DFEEE
:1092B00000285DDB6CD06B684246394630460D9322
:1092C000AB680E93002300F0EAF8002850D149461D
:1092D00009A8FFF7EFF918B96B687360AB68B36062
:1092E0003046FFF78BFE002842D13469002C3FF452
:1092F0003DAF18EE101A201DFFF7DCF918B96B68A6
:109300006360AB68A3602468F0E7012342460A99D2
:10931000304600930FABFFF7E8F9044600287FF4CE
:1093200025AF01220FA918EE900AFDF729FF0123AE
:109330002246514602930FAB3046CDE900736B686D
:10934000FFF721F8044600287FF40CAF08F101086C
:10935000013761E74FF0FF3300220FA909A83362FC
:109360000123CDE90F23FFF7A5F930B96FF03300E2
:109370001BB0BDEC028BBDE8F08F18EE101A304622
:10938000FFF7AAFA0123069300283FF4E5AEEFE7C2
:109390003A4609A93046FFF75EFD0028E8DBA4D075
:1093A0006B68394630461893AB68199300231A4608
:1093B000FFF7B5FE97E72DE9F04780468CB01046E1
:1093C0000C461646FDF7FEFE0B6A143023F00043F0
:1093D00083421DD101AA04314046FFF73CFD051E22
:1093E00012DB099A002A13DA236A01A9404663F0C6
:1093F000004313400993636A0A93A36A0B93002303
:109400001A46FFF78CFE054628460CB0BDE8F087EB
:10941000336830460193FDF7D5FE0023029001AA80
:1094200021464046CDE903330123FFF778FE054688
:109430000028E9D1D8F80C70211D4FF0FF3ACFB9C0
:10944000D8F81070211D002FDED0381DFFF732F93B
:1094500070B9FC6833689C420AD93046FDF7B2FE09
:10946000201AF8603046FDF7ADFEBB69181AB861E6
:109470003F68E8E7381DFFF71DF930B9D7F80C90C1
:109480003368994503D1C7E901AA3F68D7E7FCD9FA
:109490003046FDF797FEA9EB0000F860F5E770B5E0
:1094A000154688B00C26D27955F8044B002B07924C
:1094B0000094344403960494CDE9052314BF022399
:1094C00001236A46CDE90165FFF729FE08B070BDAA
:1094D00070B592B006460D46FFF7BCFA044670BB65
:1094E000EB6903F41023B3F5803F28D12A1D104601
:1094F000FFF7F1F818BB07A93046FFF703F9044658
:10950000E8B90C23EA680690009304AB089903922B
:10951000CDE904003046FFF7E8F8044678B92B6936
:1095200003AA07A905936B69069303463046FFF724
:10953000B6FF044618B9EB6923F48033EB6120468B
:1095400012B070BD2DE9F04F2DED028B85B01F6874
:10955000054608EE101A029340F622031446DFF87F
:1095600040915360436893608368D36049463846AE
:1095700010F0E3FD07EB000883464946404610F033
:10958000B8FD0128064608EB000A05D117F80B3094
:109590002E2B0AD15746E9E7022806D102463F4959
:1095A000404610F0CDFC0028F4D057464FF0010B98
:1095B0004946504610F0C1FD82444946504610F0DD
:1095C00098FD024690B102280CD1039050463349D1
:1095D00010F0B6FC039A28B9BBF1010B04D10AF1D3
:1095E0000207C3E70BF1010B9244E1E798F8000092
:1095F000002846D0029BC3F800802379222B4AD151
:1096000004F1080A18EE101A28465246FFF77AF8B5
:10961000002836D105F1140B224618EE101A284600
:10962000FFF744FC68BB237903F07F03112B01D0C3
:10963000222BF1D1E379B342EED123685946627906
:10964000284604331344A279134418EE102ACDE9B6
:1096500000865268F9F719FC002812DBDCD095F877
:109660004130002B82D194F90430002BBFF67EAF3D
:1096700051462846FFF78AFC002807D001DB6FF02F
:10968000010005B0BDEC028BBDE8F08F237903F03B
:109690007F0323716AE76FF01300F2E7F4A6010875
:1096A000F7A6010873B50C4604310646FFF714F916
:1096B0000546F0B904F108013046FFF70DF90546FB
:1096C000B8B90423024661683046009304F11C03D4
:1096D000FFF70BF810B110F1340F0DD1E36914222C
:1096E0000133E3614FF0FF33C4E90823A362102381
:1096F000E360284602B070BD0546FAE72DE9F04365
:10970000074695B00E469046994601F1240440461E
:10971000316AFDF757FD3B680844DB69984218D869
:1097200004394346002243F8041B0991CDE90A237A
:109730000C23CDE90C3198F807303146CDE90E29DC
:10974000109309AA02233846FFF7E9FC15B0BDE8DB
:10975000F083002937DB354609AC0FCD0FC40FCDA0
:109760000FC495E8070084E8070031463846FFF744
:1097700099FF0028EAD1129B424631467362139B3F
:10978000B362336A043B42F8043B03920C22CDE9F6
:109790000130CDE9042398F8073001AACDE9060984
:1097A000089338460223FFF7BAFC0028CED1119B5C
:1097B000024609A943F00043119373681293B368FA
:1097C00013930346BFE7224631463846FEF79AFF19
:1097D00000289CD0BAE783690239023B8B4283BFE1
:1097E0004389C06A01FB030000207047F7B50546B6
:1097F0000191FDF7ECFD0446E8B901992846FFF711
:10980000EAFFAA89286306462146686B0FF03EF8F6
:109810006F6B6B89A34208D90123321939466878E6
:10982000FDF73AFD08B90134F3E76889001B18BF5A
:10983000012003B0F0BD0120FBE738B5036B0546FE
:109840000C468B420FD0FDF7C2FD58B922460123CA
:10985000696B6878FDF74AFD00281CBF4FF0FF34A4
:1098600001202C6338BD0020FCE70129F8B504462F
:109870000E4664D98369994261D20378022B30D0B5
:10988000032B45D0012B5AD101EB51058389416A45
:10989000B5FBF3F31944FFF7D0FF10B14FF0FF30E1
:1098A000F8BDA1896F1C2046B5FBF1F301FB1355F0
:1098B000636BB7FBF1F15D5D636A1944FFF7BDFFB0
:1098C0000028EBD1A289B7FBF2F302FB1373626BA2
:1098D000D05CF30745EA00204CBF0009C0F30B0041
:1098E000DEE783895B08B1FBF3F3416A1944FFF7B4
:1098F000A4FF0028D2D1A2897600B6FBF2F302FBC6
:109900001366636B9A19985D527840EA0220C7E7A4
:1099100083899B08B1FBF3F3416A1944FFF78DFF7C
:109920000028BBD1A189B600B6FBF1F001FB10669F
:10993000606B3044FDF775FD20F07040B0E701200A
:10994000AEE72DE9F04F1E46036885B00C469B6FCD
:1099500082469146984703A92046FDF707FD054634
:109960000746002840F0A380657C0DBB237C13F0E4
:109970000103009300F09D80E3682F4662699B1A03
:109980009E4228BF1E469EB1039862698389B2FB3E
:10999000F3F103FB1123002B69D14389013B0B40F9
:1099A00001931ED18AB9A068012813D802256574D5
:1099B000DAF800305046DB6F9847002D7CD02846FF
:1099C00005B0BDE8F04FFDF7AFBCA1692068FFF717
:1099D0004CFFE9E7431C03D10123009D6374E7E7D3
:1099E000A061DDF80CB0A1695846FFF7F4FE00282D
:1099F000DCD0019B03EB0008BBF80C309E4234D353
:109A00000199BBF80A209BF80100B6FBF3F3194457
:109A10009142494684BF019BD31A42460193FDF708
:109A200065FC019B0028D7D1DDF80CB09BF8032022
:109A30007AB1DBF83000A0EB0800834209D9BBF80B
:109A40000C20DBF8341000FB029001930EF010FFA5
:109A5000019BBBF80C8003FB08F86369A6EB0806C2
:109A60004744C144434463618DE7C4F81C800398B4
:109A700062698389E169B2FBF3F803FB1828A3EB61
:109A80000803B34228BF33469846FFF7D6FE0028A6
:109A9000A2D1039A60699189B0FBF1F301FB130332
:109AA000516B4846424619440EF0E2FED5E70027C6
:109AB0007EE72F4607257BE7384605B0BDE8F08FE7
:109AC00038B500230446C3704FF0FF330363FFF73C
:109AD000B4FE002851D1646B237894F8FF5194F8B8
:109AE000FE01EB2B40EA052503D01833DBB2012B36
:109AF0003CD84AF655239D4207D10822214904F15A
:109B0000520010F01DFA002836D0227BE37A43EA97
:109B10000223A3F50072B2F5606F27D8607B28B3EB
:109B2000591E421E0B40024013431FD1E27BA37B10
:109B300053EA02231AD0237C013B012B16D8A27CC6
:109B4000637C53EA022311D0227DE37C43EA0223A3
:109B50007F2B06D804F12000FDF763FCB0F5803FB1
:109B600004D3E27DA37D53EA022308D14AF65520AF
:109B700085420CBF0220032038BD0420FCE70020F2
:109B8000FAE700BFDFAC01082DE9F04F002687B0EF
:109B90000D4617460E60FDF7FDFB0028C0F251810F
:109BA000B04B53F82040002C00F04D812C602378FE
:109BB000BBB96070C0B2AC4D55F8200003689B681B
:109BC000984710F00106C3B240F03F8117F0FE0F36
:109BD00002D05B0700F13B81607855F8203023B953
:109BE0000126304607B0BDE8F08FFDF745FBA0F534
:109BF0000072A081B2F5606FF2D8421E0242EFD12E
:109C0000636B002B00F0F28000212046FFF758FF25
:109C1000022840F0FD80656B02AF05F5E371B846A0
:109C200005F206250846FDF7FCFB103148F8040B49
:109C30008D42F7D1002557F8041B002900F0DE8083
:109C40002046FFF73DFF012800F2D980656BB4F88C
:109C50000C902A7BEB7A43EA0223994540F0D680A8
:109C6000E87DA97D51EA002104D105F12400FDF72A
:109C7000D8FB0146E16195F810A0D4F830B00AF1A4
:109C8000FF3384F802A0012B00F2C0806B7B63815C
:109C9000002B00F0BB805A1E1A4240F0B780AA7C0D
:109CA00095F8118048EA02280FFA88F2A4F8088093
:109CB00000924FEA5912B8FBF2F702FB178292B2F8
:109CC000002A40F0A3802A7DE87C50EA022005D1DA
:109CD00005F120000193FDF7A4FB019B95F80FC04F
:109CE000AA7B52EA0C2200F0918001FB0AFC174487
:109CF00007EB0C0E7045C0F08980A0EB0E00984277
:109D0000B0FBF3F7C0F08280584B9F427ED84FF6ED
:109D1000F5739F4240F29D804FF0030A02375A4488
:109D20000BEB0E03BAF1030FA761C4F820B0626217
:109D3000E36274D195F82B2095F82A3043EA022388
:109D4000009A1A4313B2002B60D1BF0005F12C001A
:109D5000FDF767FBA06209F1FF331F44B7FBF9F978
:109D6000894553D84FF0FF33BAF1030FC4E90433E8
:109D70004FF08003237130D195F8312095F83030C1
:109D800043EA0223012B28D10BF101012046FFF702
:109D900054FD10BB616B207191F8FF2191F8FE31E9
:109DA00043EA02234AF65522934216D10846FDF7AC
:109DB00038FB2F4B984210D101F5F270FDF731FBC3
:109DC0002C4B984209D101F5F470FDF72AFB606134
:109DD00001F5F670FDF725FB2061274A84F800A005
:109DE000138801339BB21380E380FAE60EF0DCFCAB
:109DF000606300287FF408AF1126F2E603200135E6
:109E0000042D7FF418AF04283FF4EAAE0D26E8E6EF
:109E100004283FF4E5AE01287FF618AFF6E7B8F165
:109E2000000FF3D0BAF1020F4FEA470362441ABFA2
:109E3000DB1907F001071F46A26218BF07EB5307A3
:109E400089E70B26CDE60C26CBE60326C9E60A26D3
:109E5000C7E640F6F57A57458CBF4FF0020A4FF03F
:109E6000010A5BE740140224F4140224F5FFFF0FFB
:109E700052526141727241613C1402242DE9F74F44
:109E8000154680462822002128460EF0FFFCD8F80F
:109E9000003040469B6F984708F14C03002201A90F
:109EA00068460093FFF770FE0646044600286ED110
:109EB000DDF80490D9E9057AAAF102039F421CD982
:109EC00099F80060012E35D14FF0020A074651463D
:109ED0004846FFF7CAFC431C59D0012856D000B9A8
:109EE0000137019B0AF1010A9B699A45EFD3019B57
:109EF0001A795F6142F001021A71B9F80C3000243E
:109F0000D9F818204046C5E90033023AB9F80A30BA
:109F10005A435F430C236B62D8F80030C5E9022432
:109F2000DB6FC5E90474C5E906749847204603B0A1
:109F3000BDE8F08FD9F8241007463CB9019801F12B
:109F4000010BFFF77AFC064608BB5946019E3278A2
:109F5000736B022A03EB04000FD11B5D02344278BD
:109F600053EA022308BF0137B389BAF1010AB4FBEF
:109F7000F3F203FB1244E0D1B9E7FDF752FA30F0F7
:109F8000704304F1040408BF0137EDE70226D8F856
:109F900000304046DB6F9847304603B0BDE8F04FD5
:109FA000FDF7C2B97FB5CDE9001003A814460391AF
:109FB000FDF7F0F9051E19DB0D4E56F8252022B1EC
:109FC0000023506B13700EF0F7FB019B13B10022BE
:109FD0001A705A6346F825302CB1002201A9684650
:109FE000FFF7D2FD0446204604B070BD0B24FAE70B
:109FF00040140224F8B5036804469B6F9847236D0C
:10A00000013307D123686FF015052046DB6F9847B1
:10A010002846F8BD002204F14C01104F1046FFF70E
:10A02000C1FF236D064657F823000368DB68984795
:10A030002368054618B1DB6F20469847E8E7226D94
:10A04000DB6F47F822004FF0FF3220462265984729
:10A050003046BDE8F840FDF767B900BFF4140224AC
:10A06000084B10B503608C3304464360FFF7C2FF12
:10A07000054B204623602C3340F8043F07F076FF61
:10A08000204610BD68A9010804AA0108A0F1040037
:10A09000FFF7E6BF10B50446FFF7E2FF20460EF0DB
:10A0A0008BFB204610BDA0F10400FFF7F3BF0000BA
:10A0B000036873B504469B6F01920D469847236D64
:10A0C000019A013307D023682046DB6F98476FF071
:10A0D000150002B070BD16480023064650F8041B58
:10A0E000D9B946F8235004F114002365303384F8BD
:10A0F0004E1004F14C0184F84C303A2384F84D3072
:10A10000FFF750FF236805462046DB6F9847284637
:10A1100002B0BDE87040FDF707B90133042BDDD173
:10A1200023682046DB6F98476FF00B00D1E700BF34
:10A13000F414022401292DE9F84304460E4617467B
:10A1400040F2838083698B427FD90378022B45D00C
:10A15000032B5AD0012B78D101EB51098389416A35
:10A16000B9FBF3F31944FFF768FB054660BBA3890D
:10A1700016F00106606B09F10108B9FBF3F203FB6D
:10A1800012920FBFFBB2835C03F00F013B011CBFB7
:10A1900003F0F0030B4383540123616A2046E3700C
:10A1A000A389B8FBF3F31944FFF747FB054658B9F9
:10A1B000A389616BB8FBF3F003FB10803EB1C7F3DA
:10A1C00007170F540123E3702846BDE8F8830B5CA2
:10A1D000C7F3032723F00F031F43F2E783895B08CC
:10A1E000B1FBF3F3416A1944FFF727FB054600284A
:10A1F000EAD1A2897600B6FBF2F302FB1366636B29
:10A200009F5598193F124770DCE783899B08B1FB83
:10A21000F3F3416A1944FFF710FB05460028D3D138
:10A22000A389B60027F07047B6FBF3F103FB116179
:10A23000666B0E443046FDF7F4F800F0704047EAD4
:10A2400000013046FDF7E5F8BCE70225BCE72DE943
:10A25000F041804605680F4649B92E69C6B1AB6921
:10A26000B34298BF01266B69A3B9002406E02846D3
:10A27000FFF7FBFA0128044603D801242046BDE875
:10A28000F081421C51D0AB698342F7D83E46EAE7E1
:10A290000126E8E7BE4215D1AB69741CD8F800006E
:10A2A000A34298BF02242146FFF7DFFA0128E4D039
:10A2B000431C3AD0D8B12B69012B03D9AA69934228
:10A2C00038BF1E4634460134AB69A34202D8012E82
:10A2D000CBD902242146D8F80000FFF7C6FA40B1D6
:10A2E0000128CAD0013020D0B442ECD1BDE7002C07
:10A2F000E8D04FF0FF3221462846FFF71BFF90B908
:10A3000057B92C61D5E90532023A934210D92B791D
:10A3100043F001032B71B1E7224639462846FFF787
:10A3200009FF0028EDD00128A7D14FF0FF34A5E7A1
:10A33000013B6B61EBE72DE9F3410D4601A90446B2
:10A34000FDF714F80646002863D1667C002E60D124
:10A35000E368AB4204D2227C12F0020F08BF1D4614
:10A36000002263696261B5B90020E26863699342C3
:10A3700081BF227CE36042F040022274019A9189FD
:10A38000B3FBF1F201FB1233002B42D0E3698342AD
:10A3900018BFE0613DE0019A518997894F4373B33B
:10A3A000013B6A1EB3FBF7F1B2FBF7F28A4226D3F8
:10A3B0007A42A1691340ED1A63610029D4D0BD42ED
:10A3C00063690CD93B44A5EB07086361237C9A07BA
:10A3D0002AD52046FFF73BFF054648BB0146636987
:10A3E00001982B4463618389B5FBF3F203FB12559B
:10A3F000002DB9D0FFF7EFF948B11044B5E7A168D7
:10A4000081B92046FFF723FF0128014605D1022626
:10A410006674304602B0BDE8F081481C01D10126C7
:10A42000F6E7A160A161C8E72068FFF71EFA0546BC
:10A430006B1CF4D0012DEAD9019B9B69AB42E6D994
:10A440002946A5614546BAE7F8B51F4603680646A2
:10A450000D469B6F14469847022F11D1EB681C44A0
:10A4600021462846FFF767FF336804463046DB6F16
:10A470006D69984744B12046BDE8F840FCF754BFE9
:10A48000012FEDD16B69EAE72846F8BD2DE9F041CF
:10A4900007690446884606682037B7F5001F24BFC1
:10A4A00000238361836983B1B289B7FBF2F002FBB9
:10A4B0001072002A38D101336169A36139B9338937
:10A4C000B3EB571F30D80023A36104200AE073893F
:10A4D000013B034228D13046FFF7C7F90128054662
:10A4E00002D80220BDE8F081421C01D10120F9E729
:10A4F000B369834212D8B8F1000FE4D061692046F5
:10A50000FFF7A5FE0546D0B10128EAD0431CEDD0E7
:10A5100001463046FFF76AF90028E7D12946304660
:10A520006561FFF758F9A061B28900202761B7FB88
:10A53000F2F302FB1373776B1F44E761D2E7072046
:10A54000D0E737B50D4601A90446FCF70FFF18B94F
:10A5500020461DB9F8F73AFC03B030BDF8F76AFCA5
:10A5600010F0FB03F8D16B72A3691BB1294620469A
:10A57000FCF75FFF00212046FFF788FF042808BF93
:10A580000020E9E7036870B50D4604469B6F9847C5
:10A5900028460021FFF7D5FF23682046DB6FBDE882
:10A5A000704018470368F0B516460F6987B09B6F77
:10A5B00005460C469847B74209DD00212046FFF7C3
:10A5C000C0FF2B682846DB6F984707B0F0BDB74245
:10A5D000F7DA69462046FFF7B4FF27690028F0D173
:10A5E0009DF80930002BF2D1EBE7036870B50E46F9
:10A5F00086B004469B6F1546984730466946FFF77C
:10A60000A0FF236806462046DB6F98472EB13046F0
:10A6100006B0BDE87040FCF787BE9DF8090078B130
:10A620009DF808300C220DF10901284613F0100F97
:10A6300014BF0323052385F800310FF06BFD0120C3
:10A6400006B070BD2DE9F74F0446D0F800900D46D6
:10A6500011F8013B2F2BFAD05C2BF8D00023A3601C
:10A660002B781F2B25D904F120074FF0203BC5F193
:10A67000020305F1FF3A00264FF008080093514A03
:10A68000514BC7F804B0C7F800B0C7F807B000993D
:10A6900001EB0A001AF8011F20292ED92F2901D019
:10A6A0005C290FD12B5C2F2B01D05C2B25D10130E5
:10A6B000F8E78023204684F82B3003B0BDE8F04F44
:10A6C000F8F784BB2E2976D0B04572D90806184613
:10A6D00044BF01F07F01515C01910FF0FDFC0028A7
:10A6E00067D10199384BA1F16100364A19289CBF06
:10A6F0002039C9B2B9550136C9E70544002E58D0F2
:10A7000094F82030E52B04BF052384F8203020295D
:10A7100028D92B78212B34BF04230023204684F82A
:10A720002B30D4F80080F8F751FB0646E8B9A16950
:10A730004046FFF782F80646B8B9E06903789BB156
:10A74000C37A03F03F03A371C67A16F0080604D15A
:10A750000B2239460FF0F4FB38B100212046FFF7F9
:10A7600095FEE2E70423D9E7042694F82B304EB196
:10A77000042E03D113F0040F08BF0526304603B0A2
:10A78000BDE8F08F5A07F9D4A379DB060FD5B9F8E5
:10A790000C10226999F80000B2FBF1F301FB1323BE
:10A7A000D9F834101944FCF7D2FDA0605FE7052604
:10A7B000E4E70626E2E7B8F10B0FFAD008264FF0DF
:10A7C0000B0864E713AD0108E8AC010870B5054655
:10A7D0000668F8F7FBFA044648BBA9693046FFF75C
:10A7E0002CF8044618BBEB691B78E52B18D1A96936
:10A7F0003046FFF722F8044680B920220146E86976
:10A800000EF044F8EB6955F8202F1A606A685A6018
:10A810002A891A81AA7A9A720123F370204670BDA0
:10A82000002BE4D001212846FFF730FED3E7042CAB
:10A8300008BF0724F2E700002DE9F74F0C468046D9
:10A8400011460568012C5AD9AB69A34257D962B9A0
:10A850002746DFF8B4902146D8F800002646FFF7D7
:10A8600004F8044658B9002006E04FF0FF322846AD
:10A87000FFF760FC0028EBD003B0BDE8F08F0128A3
:10A880003DD0431C3DD0002231462846FFF752FC04
:10A890000028F1D1D5E90532023A934205D20133BD
:10A8A0006B612B7943F001032B71731CA34222D0FF
:10A8B00095F801B059F82B30E3B139462846FEF738
:10A8C0008AFF314682462846FEF785FF6F89064695
:10A8D0005846FCF7D1FC02463E4459F82B00A6EB43
:10A8E0000A060368A6FB0267CDE90067196AA2FBA6
:10A8F0000A2388472746AB69A342ACD8B3E70220B6
:10A90000BAE70120B8E700BFF41402242DE9FF41A3
:10A9100003680C46019206469B6F984701992046B2
:10A920006769FFF708FD054648B133683046DB6FBD
:10A930009847284604B0BDE8F041FCF7F5BC03A9F0
:10A940002046FCF713FD05460028EED1657C002D5E
:10A95000EBD1237C9A0701D40725E6E7D4F81480CD
:10A96000E368984508D320463946FFF7E4FC0446DF
:10A9700070BB04B0BDE8F081B8F1000F11D12A46D8
:10A98000A1682046FFF758FF0546C4F808806369B0
:10A99000E360237C43F040032374002DE3D065740F
:10A9A000C3E7A1692068FEF760FF431C01460BD096
:10A9B00001280BD0039B9B699842E8D2A2692046EC
:10A9C000FFF73AFF0546E2E70125E0E70225DEE76B
:10A9D00033683046DB6F98472046ABE770477047D7
:10A9E000034B10B504460360FDF728FA204610BD5E
:10A9F00008A9010810B50446FFF7F2FF20460DF044
:10AA0000DBFE204610BD000008B5036A013B03626F
:10AA100000680AF05BFA014630B1044B1B78DBB2E8
:10AA200013B90348F7F7F8FF08BD00BF440B022431
:10AA30001701028008B5034807F0A0F9BDE80840F7
:10AA4000FFF7E2BFCC14022410B504460068FCF7FF
:10AA500081FB014618B9236A0133236210BD044B00
:10AA60001B78DBB2002BF9D10248F7F7D5FF00BF06
:10AA7000440B02241501028008B5034807F07EF953
:10AA8000BDE80840FFF7E0BFCC14022413B5154C15
:10AA9000204607F073F9FFF7D7FF204607F06EF95D
:10AAA000FFF7B2FF4FF0FF324FF0FF336846CDE9BA
:10AAB00000230DF007FDD0E90232DB0243EA024336
:10AAC000426843EA4213026802EBD27243EA62032D
:10AAD00042690069503A013043EA426343EA405018
:10AAE00002B010BD50140224F7B501A90546FCF7C9
:10AAF0003DFC044660BB2C7C14F0400428D0FFF7DA
:10AB0000C5FF296A07460198FEF797FE0446F8B983
:10AB10006E6AF37A314643F02003F372AA6828681C
:10AB2000FCF70AFCE96806F11C00FCF772FC3946E8
:10AB300006F11600FCF76DFC01230198B474F4745F
:10AB4000C370FDF761F82B7C044623F040032B749F
:10AB5000204603B0F0BD38B503680D4604469B6F30
:10AB600098472846FFF7C0FF236805462046DB6F5D
:10AB700098472846BDE83840FCF7D6BB2DE9F04F92
:10AB80001E46036885B00D469B6F824691469847E6
:10AB900003A92846FCF7EAFB04460746002840F0D4
:10ABA000D6806C7C5CBB2B7C9A0740F1D2806B69B1
:10ABB0000027DE42009728BFDE43002E00F0BB8056
:10ABC00003986A698389B2FBF3F103FB1123002B1D
:10ABD00040F08D80B0F80A8008F1FF3818EA0108CB
:10ABE00025D1D2B9A86830B901462846FFF72FFB16
:10ABF000002800F0A080012811D102246C74DAF83A
:10AC000000305046DB6F9847002C00F0A5802046AE
:10AC100005B0BDE8F04FFCF787BBA969E5E7431C29
:10AC200001D10124EAE7AB68A86103B9A8600398E1
:10AC3000EB69026B9A4247D0DDF80CB0A96958461F
:10AC4000FEF7C9FD0028D8D0BBF80C3008EB000295
:10AC50009E423ED3BBF80A10B6FBF3F308EB0300A9
:10AC600088429BF8010088BFA1EB08034946CDE963
:10AC70000023FCF711FB8046DDE900230028D0D13A
:10AC80000398016B891A8B420AD98289406B02FBB7
:10AC9000019100930DF0ECFD039A009B82F8038074
:10ACA000039AB2F80C8003FB08F8012300936B6948
:10ACB000A6EB0806EA6847444344C1446B619A42E4
:10ACC0002CBFEA60EB6078E7FCF781FB0028B3D08B
:10ACD000A7E76969EB68994208D358460192FCF7E7
:10ACE00076FB019A00289CD1039B1A63EA610398C2
:10ACF0006B69B0F80C80E969B3FBF8F208FB12321B
:10AD0000A8EB0208B04528BFB046FEF796FD002824
:10AD100087D1039A69699089B1FBF0F300FB1313A3
:10AD2000506B4946424618440DF0A2FD039B4FF07C
:10AD30000102DA70BBE72B7C43F040032B74009BCD
:10AD4000002B3FF45CAF2846FFF7CEFE57E7002705
:10AD500055E72746072452E7384605B0BDE8F08F8F
:10AD6000036873B50D469B6F064698472846FFF764
:10AD7000BBFE044630B901A92846FCF7F7FA0446A1
:10AD800000B9286033683046DB6F984715B1284614
:10AD90000DF012FD204602B0BDE87040FCF7C4BAC9
:10ADA000F0B50E4685B090F8201005461446DDE952
:10ADB0000A7C19B96FF47A6005B0F0BD0168CDE97D
:10ADC000007CC96B88470028F4D029690D486118B8
:10ADD000039106F0D3FFFFF737FE02F0A7FB02F066
:10ADE00081FB3A46039930460DF042FD02F068FBC4
:10ADF00002F08AFB034806F0C1FFFFF705FE0020C2
:10AE0000DAE700BFA414022410B5044604300AF0A7
:10AE100014F904F15400FFF717FE0023206C63615E
:10AE2000012384F83D30BDE8104009F089BF0000DF
:10AE30001FB5002304460362074B0093031D6846B9
:10AE400002931C2303930B2301930AF053F8206011
:10AE5000204604B010BD00BF02A701080CB41FB506
:10AE600006AB002453F8042B00940393FDF704F978
:10AE700004B0BDE8104002B0704700000FB41FB529
:10AE8000084906AB0020096853F8042B896803932E
:10AE900000916FF00041FDF7EFF805B05DF804EBAD
:10AEA00004B070473C030024F0B50C468BB0064656
:10AEB00024B93260046130460BB0F0BD10460192F7
:10AEC0000EF0D8FA043002F071FA3A233034054615
:10AED00043702F230470033000F8013C374601997A
:10AEE00006AC0EF0BFFA084B002247F8045B05934E
:10AEF000064B029302ABCDE903220FCB84E80F008F
:10AF000087E80F00D7E700BF09720008E97B000857
:10AF1000F0B506468BB02C200F46019202F046FA9F
:10AF2000019A0546316D05A8FFF7BEFF336830462C
:10AF30009B6F9847059B0393002D3DD0002204A9E9
:10AF400003A8FEF721FE044680B9049B2846039916
:10AF50002B60FFF777FB0446002831D195F92B30A1
:10AF6000002B0CDBAB79DB0603D4052400232B601C
:10AF700010E0049BE9691878FCF7E9F9A860049BE4
:10AF80002846DB88AB80F7F721FF04280446ECD085
:10AF90000028EBD133683046DB6F984774B1284600
:10AFA0000DF00AFC2046FCF7BFF9044605A8FCF7A3
:10AFB0002EF920460BB0F0BD0924EBE73D60F5E724
:10AFC0000428D2D0D2E72DE9F047054694B01C46BC
:10AFD00028200E46019202F0E9F9019A296D0746F0
:10AFE00004A8FFF761FFA10756BF04F001084FF066
:10AFF000030808F10108A20505D563054CBF48F018
:10B00000080848F010082B68200728469B6F48BFA7
:10B0100048F030089847049B029397B909242B689D
:10B020002846DB6F984738460DF0C6FB2046FCF7F4
:10B030007BF9044604A8FCF7EAF8204614B0BDE802
:10B04000F087424603A902A8FEF79EFD04460028A9
:10B0500055D1039B09A802990993FFF7F3FA044617
:10B0600020B99DF94F30002BB8BF062418F01C0FF3
:10B0700000F09880002C45D0042C40D109A8FFF79F
:10B08000A5FB044600283AD148F00808FFF7FEFC6B
:10B090000146019010980E30FCF7BBF91098019909
:10B0A0001630FCF7B6F9039C10992078FCF74FF99D
:10B0B000202300228146CB7220461099FCF73CF9F0
:10B0C000109B002201211A775A779A77DA77039B2F
:10B0D000D970B9F1000F70D0494609A8D3F830A053
:10B0E000FFF7AAFB044650B951460398FEF7A5FBAB
:10B0F00009F1FF33039A0446136100285DD0002351
:10B100003B608CE79DF82A3013F0110F61D118F0E5
:10B11000080FBBD1039CDDF84090236B4946C7F86C
:10B1200024903B622078FCF712F90146B86009F1DF
:10B130001C00FCF776F9E38818F0200F8146BB80ED
:10B140004FF00003F8603C6087F810807B74FB616F
:10B150007B6120D0F8B16389A48978615C434C4558
:10B1600031D23868A9EB0409FEF77FFB01280146BC
:10B170002BD9431CF3D10124B961002CBFD1039812
:10B180008389B9FBF3F203FB129323B1FEF723FB90
:10B1900008B31044F8612B6828460024DB6F9847F9
:10B1A000376047E7002CAAD19DF82A30D9060ED483
:10B1B00018F0020F01D0DA070BD418F0080F18BFEF
:10B1C00048F04008A6E70024D6E70224D4E7042488
:10B1D00095E7072493E7022491E770B598B00546F8
:10B1E00016460A46016D02A8FFF75EFE2B68284648
:10B1F0009B6F98471822002107A80DF047FB029B80
:10B2000000220DA901A80193FEF7BEFC044650B927
:10B2100001990DA8FFF716FA044620B99DF95F3091
:10B22000002B0EDA06242B682846DB6F9847204651
:10B23000FCF77AF8044602A8FBF7E9FF204618B0AD
:10B2400070BD139B8DF825001BB107A90DA8FCF755
:10B25000F0F89DF8242040F2FF11079B284612F0D9
:10B26000100F4FF00004336114BF4FF480434FF4CC
:10B27000004312F0010F40F26D1208BF0A4613435B
:10B2800073602B68DB6F9847D5E7F0B597B005463C
:10B290000A46016D06A8FFF707FE2B6828469B6F3C
:10B2A0009847069B022201A968460093FEF76CFCB2
:10B2B0000446064600286AD1019B0BA800990B930F
:10B2C000FFF7C0F90446002879D004285FD1019B1C
:10B2D000314602A80293FEF7BAFF0446002864D064
:10B2E000012864D0431C5F425F41FFF7CFFB064655
:10B2F000002F5ED121460198FEF778FA002858D138
:10B30000019B4FF0203210215B6B1A605A60C3F82A
:10B3100007202E22019B5B6B1A70019B5A6BD17226
:10B320003146586B1630FCF774F801982246416B91
:10B33000FCF702F80198436B03F12002114653F821
:10B34000047B934241F8047BF9D1436B2E22012701
:10B3500083F82120416B0D9A2031FBF7EDFF019B13
:10B360000BA8DF70FFF732FA18BB1298314616307F
:10B37000FCF74FF8224601981299FBF7DDFF129B6C
:10B3800010220198DA72C770FCF73EFC04462B6865
:10B390002846DB6F98472046FBF7C6FF044606A801
:10B3A000FBF735FF204617B0F0BD07279DE70227C2
:10B3B0009BE70022214602A8FFF73EFAE6E70824B1
:10B3C000E5E770B5ACB0054614460A46016D09A81C
:10B3D000FFF76AFD2246296D04A8FFF765FD2B687B
:10B3E00028469B6F9847099B02A80193049B0293F0
:10B3F000FBF7D0FF0028C0F2A680022203A901A813
:10B40000FEF7C2FB0446002840F08C80039B16A880
:10B4100001991693FFF716F90446002840F0828040
:10B420009DF8833013F0A00F40F08F801D9B0EAC71
:10B4300003F120061868083353F8041C2246B3426F
:10B4400003C21446F6D116AC21AE0FCC0FC60FCCFA
:10B450000FC694E8070086E80700029921A8FFF7C5
:10B46000F1F8044648B9239A189B9A4203D1259AC9
:10B470001A9B9A4203D0082454E0042852D121A8F0
:10B48000FFF7A4F9044600284CD128990DF1450393
:10B490000DF1550001F10D0253F8044B834242F8BF
:10B4A000044BF9D11888012610809B7893709DF881
:10B4B0004330039CDA0658BF43F02003CB72E6709A
:10B4C000CB7ADB061ED5189A239B9A421AD0207895
:10B4D000FBF73DFF01462046FEF77DF901460028B7
:10B4E00035D02046FEF7A9F90446D8B90398416B38
:10B4F00091F821302E2B05D1239A2031FBF71CFF28
:10B50000039BDE70169E1C993046FEF796F90446A2
:10B5100040B91D9BE5221A700123F3700398FCF7D4
:10B5200073FB04462B682846DB6F98472046FBF7E1
:10B53000FBFE044604A8FBF76AFE09A8FBF767FEBA
:10B5400020462CB070BD0B24ECE70624EAE7022469
:10B55000E8E7F0B59FB005460A46016D03A8FFF77E
:10B56000A3FC2B6828469B6F9847039B022202A9E5
:10B5700001A80193FEF708FB044680B9029B08A8C6
:10B5800001990893FFF75EF8044640B99DF94B30E6
:10B59000002B49DB9DF82670FA0710D507242B688D
:10B5A0002846DB6F9847072C40D02046FBF7BCFEAF
:10B5B000044603A8FBF72BFE20461FB0F0BD029CFB
:10B5C0000F992078FBF7C3FEFB06064612D4089FAE
:10B5D0000E993846FEF731F904460028DFD10F9B5B
:10B5E000E5221A700123FB70AEB90298FCF70CFB40
:10B5F0000446D4E7159013A81394F7F7E7FB044625
:10B600000028CCD113A8F7F715FC04460028C5D0B4
:10B610000428C4D1DBE70246314608A8FFF70CF93D
:10B6200004460028BBD1E0E70624B8E76FF05904D0
:10B63000BFE700002DE9F34D00F11C03074653E876
:10B64000002F013243E80026002EF8D1012A40F0F5
:10B650008680786803689B689847064668BB786868
:10B6600003685B6A9847422838BF4220044601F0CD
:10B670009DFE80467868C4F5007203684146CDE9B6
:10B6800000465D693346A847064698B9A4F14203CF
:10B6900008EB030595F84030552B64D195F84130FF
:10B6A000AA2B60D17B7E05EB031313F8102C5206F6
:10B6B00008D02E4E40460DF07FF8002387F820304A
:10B6C000FB614CE013F80C2C0F2A04D848F221033C
:10B6D000D340DB07EDD478684FF0000A0368DB6ADB
:10B6E00098477B7EB0F5007F03F1FF3338BF4FF4FE
:10B6F000007005EB03131A793A7653F8081F0A0A0B
:10B7000061F3070A62F30F2A0A0C090E62F3174A63
:10B71000002261F31F6AA0FB0AABC7E902AB5B68BA
:10B72000190A63F3070261F30F22190C1B0E61F370
:10B73000174263F31F62A0FB024578685246036814
:10B74000C7E90445CDE90045596C5B4688470028A8
:10B75000AFD00123404687F820300DF02DF8304659
:10B7600002B0BDE8F08D024EA4E700BFE2F3FFFF98
:10B77000E3F3FFFF70B51D4B0546044645F8543B07
:10B780002846FFF761F9206C666909F0D9FA0023B1
:10B79000636194F83D306BB9012384F83D304EB1BC
:10B7A000EFF3058333B908F04BFF18B93046DFF8E3
:10B7B00040C000DF2846FFF727F994F83C302BB152
:10B7C000A06A08B10CF0F8FF0023A362606D09F0D5
:10B7D0004DFB256CEFF3058333B908F031FF18B941
:10B7E0002846DFF810C000DF204670BD18AC010805
:10B7F000652E0108352F010810B50446FFF7BAFF82
:10B8000020460CF0D9FF204610BD00002DE9F0477E
:10B8100000238AB0814642F21078DFF85CA0012450
:10B820000025002600278DF82730EFF305832BB97C
:10B8300008F006FF10B90120D44600DF0DF1270300
:10B840004FF0FF320521484604930023CDE9064519
:10B8500000934FF0FF33CDE9026700F084F89DF8C4
:10B86000273013F0010002D0B8F10108DDD180F0DB
:10B8700001000AB0BDE8F08785340108F0B5002565
:10B880008BB004468DF82750FFF7C0FF18B94FF072
:10B89000FF300BB0F0BD0026002704954FF0FF32BB
:10B8A00000954FF0FF3306212046CDE90667CDE92C
:10B8B000026700F058F805460028E8D12046FFF757
:10B8C000A5FF0028E3D00122002305212046009592
:10B8D000CDE906230DF127034FF0FF3204934FF01B
:10B8E000FF33CDE9026700F03EF80028CFD19DF884
:10B8F000270080F0020040F34000CAE770B51D4603
:10B90000D0F8F43086B00646013317D0140E8DF807
:10B910001740FFF7B3FF70B901234FF0FF32D6F89D
:10B92000F41000930DF11703CDE90100301DF9F774
:10B93000BFFE06B070BD4FF0FF30FAE790F8FA3165
:10B94000032B0ED06B1C08BFB2F1FF3F09D0002DB6
:10B9500008BFB2F1807F2CBF4FF0FF30002040B213
:10B96000E7E70020E5E72DE9F7430A9E0446154680
:10B970000C9FDDF83880DDF840900191FFF7BEFFA5
:10B9800058B933462A460199201D0A97CDE90B89FB
:10B9900003B0BDE8F043F9F78BBE03B0BDE8F08318
:10B9A000D0F8E83001332DE9F047054688B08A46E3
:10B9B0001DD1FFF763FF28B14FF0FF34204608B0D8
:10B9C000BDE8F0870022002301210490CDF800A0FB
:10B9D000CDE90623D5F8E4304FF0FF32CDE902304F
:10B9E0004FF0FF332846FFF7BEFF0446E6E7FFF7B8
:10B9F00045FF0028E0D14FF000084FF00009012674
:10BA0000002704904FF0FF324FF0FF33012128460A
:10BA1000CDF800A0CDE90689CDE90267FFF7A3FFC5
:10BA200004460028CAD12846FFF728FF0028C3D1C2
:10BA30000AF101014FF0FF324FF0FF3304940091FF
:10BA4000D5F8E810CDE90689CDE90267CAE7F0B577
:10BA5000012289B00023002600270C46049105210D
:10BA60000546CDE9062300234FF0FF3200934FF047
:10BA7000FF33CDE90267FFF776FF98B9D5F8E430D8
:10BA8000013B0FD0013400904FF0FF32D5F8EC109D
:10BA90000494CDE90630CDE902674FF0FF33284624
:10BAA000FFF761FF09B0F0BDF0B500F1BC07044637
:10BAB00089B03846FEF7C8FF94F804522DB93846CD
:10BAC000C4F80052FEF7A0FF09E0D4F80062013E7E
:10BAD000C4F8006236B100253846FEF795FF2846C7
:10BAE00009B0F0BD002200230421204604960096F0
:10BAF000CDE90623CDE902234FF0FF334FF0FF32AB
:10BB0000FFF731FF002884F8046238460CBF002597
:10BB10006FF47A65FEF778FFD4F8B430002BDED1ED
:10BB20001048B4F9B84006F029F9FEF78DFF0E4B26
:10BB30001B6803F114011A460233B2F90000A04257
:10BB40000CD14FF6FF731380084A1368002B01DDF8
:10BB5000013B1360034806F011F9B3E78B42EAD1C9
:10BB6000F8E700BF78140224D0060024A0140224B1
:10BB70002DE9F04700F1BC0788B004461546109E39
:10BB8000384605938946FEF75FFF2A46059B204607
:10BB9000D4F8E0A00796FFF7B1FEA0BB94F8FD3102
:10BBA00004F1040894F8F9210393404694F8FE3117
:10BBB000029394F8FB31CDE9002394F8FA3194F81C
:10BBC000F81106F039FA0646E8B994F8FB0107AB1C
:10BBD0005146B0FA80F04009CDE9009342422B462D
:10BBE0004046F9F7CDFC0546324631464046CDE9A0
:10BBF0000266CDE9006694F8FA3106F01DFA45EACE
:10BC0000000464B20CB16FF47A643846FEF7FCFEAF
:10BC1000204608B0BDE8F0872DE9F04F92469B46DC
:10BC20008DB00446D0E944239B4508BF924528D2F5
:10BC3000D0F828C1BCF1000F23D0BCF1010F0CD00B
:10BC400000F5B47E0025AC451BDDFEE80201594538
:10BC500008BF504502D20135F5E70025611991F87A
:10BC60005411059116991AEB010617994BEB010730
:10BC7000BB4208BFB24207D2614C20460DB0BDE8BE
:10BC8000F08F4FF0FF35E9E7236852462046196BE5
:10BC90005B46884702460B46504659460EF0D2FC9A
:10BCA0001343E9D116F1FF3223682046196B47F19F
:10BCB000FF33884702460B46304639460EF0C2FC39
:10BCC0001343D9D104F5E4730993DDE91623134333
:10BCD00000F09480D4F81891B9F1FF3F59D11AF1CE
:10BCE000FF334FF008074FF003060A934BF1FF3381
:10BCF0000B9305F1090304EBC3030893059B3B4237
:10BD000024D0099B4FF000095046594653F826307D
:10BD10001A4698464B460EF095FC134316D1DDE9C2
:10BD200016234B4508BF424510D30A9B13EB08036B
:10BD300006930B9B43EB09030793089BDDE9060180
:10BD4000D3E948238B4208BF824203D2013E4FEA27
:10BD50005707D3D204EB8606D6F8B891D6F8C86157
:10BD600004F1BC074FF000083846FEF76DFE204690
:10BD7000FFF784FD00283DD15B4652462046FFF781
:10BD8000BDFD034640B16FF47A643846FEF73CFED1
:10BD900073E74FF48056E3E7CDE901000090524687
:10BDA0004946201DF9F784FC0028ECD11AEB060A5D
:10BDB000169B4BEB080B9B1B1693179B63EB08031F
:10BDC0001793DDE9162313430CD004EBC503D3E925
:10BDD0005A235B4508BF52453FBF0135631993F8AD
:10BDE000543105932046FFF711FD28B13846FEF780
:10BDF0000BFE6AE7034CC8E7034CC6E700243CE7A8
:10BE00005BF0FFFF5CF0FFFF5DF0FFFF2DE9F04FFF
:10BE10001F4600F1080304460E46154600F1BC0813
:10BE200000F104092DED028B08EE103A87B0DDE930
:10BE3000122313437CD0D4F8F0314FF0000B284686
:10BE400039469A461A4602935B460EF0FBFB12995E
:10BE50005118009113994B410193DDE900015945B7
:10BE60004FF0000B08BF504540462ABF029B129B73
:10BE70009B1A0293029B9A46CDE904ABFEF7E4FDC0
:10BE80002046FFF7FBFC00284ED12A463B462046C1
:10BE9000FFF734FD50B16FF47A644046FEF7B4FD0D
:10BEA000204607B0BDEC028BBDE8F08F94F89830C7
:10BEB000002BF0D0002EEED0049B002BEBD0484698
:10BEC00006F0B0F84FF0FF332A460221484602F050
:10BED00077F904AB324604F16C0118EE100AF9F759
:10BEE0007BFB0390484606F093F8039B002BD2D1CE
:10BEF000DDE904239B4508BF9245CCD1029B15EB9D
:10BF00000A0520461E44129B47EB0B07B3EB0A03BE
:10BF10001293139B63EB0B031393FFF777FC28B18A
:10BF20004046FEF771FD82E7024CB6E7024CB4E7EB
:10BF30000024B5E75CF0FFFF5DF0FFFF2DE9F04F57
:10BF4000D0F8B4A005462DED028BB5B0BAF1000FC4
:10BF50000CD0CB4ACB4BBAF1FF3F0CBF92469A466E
:10BF6000504635B0BDEC028BBDE8F08F00F1BC034C
:10BF7000184608EE903AFEF767FD2B1D52465146D3
:10BF800008EE103A95F8FA3118EE100ACDE902AA37
:10BF9000CDE900AA06F050F830B16FF47A6A18EED5
:10BFA000900AFEF731FDDBE795F804320BB9C5F8CE
:10BFB00000A2D5F800420134012CC5F80042EED1B0
:10BFC0000023D5F8F46185F8FB3185F8FD3195F84B
:10BFD0009830002BE1D018EE100A06F023F818EE86
:10BFE000103A3146C5F89060181DFAF781F90646F7
:10BFF00018EE100A06F00CF8002ECED12846FFF7F6
:10C0000005FC002800F02C859F4F03220DF1800BCA
:10C010009F213B782846CDF810B08DF88030002362
:10C020000096ADF88160CDE9062300220023CDE91A
:10C0300002234FF0FF324FF0FF33FFF794FC0997D4
:10C040000028AAD19DF880309D2B00F0D98000F205
:10C05000BE80012B00F0D7801F2B00F0E280002370
:10C0600010ACDFF82CA229462046082600274FF006
:10C070005A08B146C5E94233C5E94833CDE920A3A2
:10C080009BE80C00F6F78CFE94E80F001CAC8BE8E4
:10C090000F0001230022584603940296CDE9003890
:10C0A000CDE904670023FBF73AFCB842CDF828A09D
:10C0B000C0F28A800422754920460DF041FF824675
:10C0C000002840F081809DF87530012B7CD19DF8CF
:10C0D000763032460B933B4637461E460120CDF85C
:10C0E000048000905846CDE90476CDE90294CDE96C
:10C0F0000C32FBF714FC002866DB9DF87230012B34
:10C10000089361D11D984FEA106CBCF1FF0FDDE977
:10C110000C3214D19DF87010812900F09080842990
:10C1200000F0978059B920F07F40C5F808019DF8CC
:10C13000730080005028A8BF5020C5F80C010832B9
:10C140000B990AF1010043F10003514575DC0A9B8C
:10C1500014AE4FF00008294620933046CDF8848075
:10C160009BE80C00F6F71CFE96E80F0084E80F0031
:10C1700095F80231D5F80821002B74D02420002135
:10C180005A274FF0080901264346CDF80CB0009617
:10C19000CDE90401CDE901792046FBF7C0FB98B950
:10C1A0000C220023CDE904232CAB6022CDE90293BD
:10C1B0000023CDE900672046FBF7B1FB824618B9A2
:10C1C0009DF98730002B67DADFF8C8A0E7E6BF2BC0
:10C1D00013D0C22B7FF443AF9DF88130202B1FBFBB
:10C1E000012385F800310323C5F8E4301523C5F891
:10C1F000EC30002385F8F03031E785F803012EE7B5
:10C20000C5F8E4402BE79DF88130022B7FF427AF7F
:10C210009DF88230202B7FF422AF012385F8013175
:10C220001DE79DF88130892B7FF419AF3123C5F8C4
:10C23000E830012385F8023111E782464EE720F00D
:10C240007F40C5F820019DF873008000C5F82401E7
:10C2500075E720F07F40C5F8D8019DF87300800095
:10C26000C5F8DC016BE7D5F80C110820CDF80CB04F
:10C27000CDE904135A21CDE90110012100919AE77B
:10C280005AF0FFFF59F0FFFFFCAC0108F7AC0108C2
:10C29000C37C00085EF0FFFF219B95F8021101337B
:10C2A000DB08C5E94430D5F80C31282B89BF9DF84F
:10C2B000A8304FF480731A11012388BF9340C5F84A
:10C2C000F031002969D09DF8B43013F0080267D02E
:10C2D00000294FF000034FF000014FF000000493DD
:10C2E0004FF0FF3200934FF0FF33CDE90601CDE967
:10C2F00002010CBFF02199212846FFF734FB0028EA
:10C300007FF462AF2846FFF781FA044600283FF425
:10C310005BAFD5F80C011C2864D9012305F5DC714D
:10C3200005F5E4774FF0FF3C9E469BF81C2041F852
:10C3300004CB0EFA02F2012ACA600FD99BF81D60E5
:10C3400041F8046CD5F86061B24200D30EB9C5F86B
:10C35000602195F854211A4385F854215B008F42DF
:10C360000BF1020BDBB2E0D19DF882309F0640D585
:10C370009DF88930C5F8E0309DF8883003F01F0241
:10C380005B119B0085F8FD2185F8FB31022385F8C0
:10C39000F931002485F8FE3144E09DF8BD3094E782
:10C3A000DB067FF511AF0026002704924FF0FF3324
:10C3B000009266214FF0FF322846CDE90667CDE9AD
:10C3C0000267FFF7D0FA00287FF4FEAE4FF0FF328D
:10C3D0004FF0FF33992104900090CDE90667CDE935
:10C3E000026789E79DF88130FF2BC5F81831BBD172
:10C3F000EAE610286BDD9DF89020D60667D59DF8FB
:10C400009B30C5F8E0309DF89A3003F01F025B11B5
:10C410009B0085F8FD2185F8FB31022385F8F93171
:10C4200085F8FE3195F8003193B3099B002218EE90
:10C43000100A1B781146ADF861208DF86030022398
:10C44000CDE90222CDE9002205F0F6FD00BB18A9D6
:10C450002846FFF7FCFAD8B99DF86230284643F029
:10C4600002038DF86230FFF709FA88B918A9284647
:10C47000FFF796FA064658B92846FFF7C7F938B1CC
:10C4800018A92846ADF860608DF86260FFF7DFFA02
:10C49000099B1A780023ADF83D30ADF8613095F86E
:10C4A00002318DF83C208DF86020002B40F0C080D8
:10C4B0009DF8BA30C3F30213013B042B00F2FE8057
:10C4C000DFE813F0B60022012701B600B6005806D7
:10C4D0000ED59DF88B30C5F8E0309DF88A3003F01A
:10C4E0001F025B1185F8FD2185F8FB31022350E71F
:10C4F0009DF89020D1077DD59DF89730C5F8E030A4
:10C500009DF8963003F01F025B115B0085F8FD215A
:10C5100085F8FB31012385F8F93185F8FE3195F86E
:10C52000F030BBB1D5F80C313F2B13DD9DF8BF3097
:10C5300013F0400200F05F8103234FF0000B85F8F9
:10C54000FA3195F8FA31032B00F0E281BBF1000FCC
:10C550007FF43AAE2846FFF759F900283FF434AE8D
:10C560000A9B18AE4FF0000B0DF18008294620936E
:10C57000CDF884B030461CAC98E80C00F6F710FCFF
:10C58000D5F8209196E80F0084E80F00B9F1000F6C
:10C5900004D0D5F82461002E40F0C8810123C5F8ED
:10C5A0002831D5E94432C5F82C3113F1FF3342F17B
:10C5B000FF32C5E95A32D24B28461B788DF88030BD
:10C5C0000023ADF88130FFF721F900283FF4FCADDE
:10C5D00095F80341002C00F00C82012C00F024821D
:10C5E0002846FFF713F900283FF4EEAD012385F844
:10C5F0000432D4E4DA0606D59DF88F30C5F8E03071
:10C600009DF88E307EE7DB070ED59DF88D30C5F89E
:10C61000E0309DF88C3003F01F025B1185F8FD219E
:10C6200085F8FB31012378E70323C5F8E03076E78E
:10C630000123C5F8F830C5F8FC30D5F8F8305F1C98
:10C6400009D0D5F8FC104E1C05D034AA13440122A1
:10C650008A4003F8942C18A92846FFF7F8F99DF8AA
:10C6600062309DF83E202846BDF83C101343BDF8CB
:10C6700060209DF83C700A4318A99DF83D60ADF814
:10C6800060208DF86230FFF78BF92846FFF7BEF87F
:10C6900000283FF499AD002318A92846ADF8603072
:10C6A0008DF86230FFF7D3F99DF860301F409DF898
:10C6B00061301E4057EA06033FF486AD002C3FF47C
:10C6C0002EAF9DF8B9309DF8B8201B0103F0100380
:10C6D00043EA1213082B67D038DC022B24DC002B32
:10C6E0003FF41DAF0021002300204FF0FF320493E0
:10C6F00000934FF0FF33CDE90601CDE90201382167
:10C700002846FFF730F90AE70023C5F8F83006237A
:10C7100091E707234FF0000C4FF03E0EC5E93EC3F2
:10C720003F23C5E93AE388E7042B7FF4F8AE002104
:10C73000002300204FF0FF32049300934FF0FF33AB
:10C74000CDE90601CDE902013521D9E7102B7FF4AF
:10C75000E6AE0126002718AC4FF000084FF00009A4
:10C760004FF0000B4FF0FF324FF0FF3365212846AA
:10C770000494CDF800B0CDE90667CDE90289FFF752
:10C78000F2F89DF860304FF0FF32612103F07F0333
:10C790000494CDF800B08DF860304FF0FF33CDE950
:10C7A0000667CDE90289ABE70126002718AC4FF0F8
:10C7B00000084FF000094FF0000B524A002365219A
:10C7C00028460494CDF800B0CDE90667CDE902898A
:10C7D000FFF7C9F89DF860304A4A712143F04003E1
:10C7E0000494CDF800B08DF860300023CDE90667E1
:10C7F000CDE9028984E7D80711D5002000210492F1
:10C800000092CDE90601CDE902014FF0FF324FF071
:10C81000FF33B7212846FFF7A6F860BB8CE613F07C
:10C8200002020DD02846FFF729F8002865D1002222
:10C83000002304900090CDE90623CDE90223E4E72C
:10C8400013F0100139D00126002718AC4FF0000872
:10C850004FF000098DF8602000924FF0FF334FF049
:10C86000FF32B52128460494CDE90667CDE9028957
:10C87000FFF779F810B1DFF890B062E69DF860300C
:10C88000284643F001038DF86030FEF7F7FF83463A
:10C8900098BB04904FF0FF324FF0FF33B121284690
:10C8A0000094CDE90689CDE90267FFF75CF800281E
:10C8B000E1D1032385F8FA3143E613F0080013D0E1
:10C8C00080230022049117218DF860300023CDE9E8
:10C8D000062301220023CDE9022318AB4FF0FF32DB
:10C8E00000934FF0FF3395E713F0040B4FF0020372
:10C8F000E0D0C522C5F8F4201FE6DFF810B020E62E
:10C90000FCAC0108030080005EF0FFFF5CF0FFFF5D
:10C91000002218EE100A1146CDE90222CDE90022CC
:10C9200005F08AFB00283FF411AE4DE430460BF0D1
:10C930003BFF074600283FF447AC5A2308210390E9
:10C940004A462046CDE901310123CDE9046B00932D
:10C950005B46FAF7E4FF002840DB3E78D5F82491E7
:10C9600016F0020694E80F0088E80F0040F0BD8042
:10C97000B9443C460FA90834A1452FD314F8063C0E
:10C980004FF0000C14F8052C4FF0010B03F00F00D2
:10C990009B09099254F8042C03910290CDE904BC40
:10C9A00014F8070C0093002301904046FAF7B7FFF4
:10C9B000002813DB9DF83C307600099A0FA9F6B2E7
:10C9C0001A4214F8082C237818BF46F00106D20743
:10C9D00003F0020300F18B80002BCCD04FF0FF342A
:10C9E0007CE0089901334900042BC9B208916AD14F
:10C9F00074E02846FEF742FF00287FF4E5AB0022F2
:10CA000000230490982100902846CDE90623CDE923
:10CA100002234FF0FF324FF0FF33FEF7A4FF002850
:10CA20003FF4DEADFFF7D0BB20A92846FFF70FF893
:10CA300000287FF4C9ABD5F8F8307BB9D5F8FC30C5
:10CA40009C4044F00304E4B29DF8803020A92846BD
:10CA50001C408DF88040FEF7A3FFE0E70324F3E7D6
:10CA6000DFF8C4A0FFF79BBA0CF101030A2BC5F84D
:10CA70002831B3DC6FF4AA79043405F5967805F50E
:10CA8000AA7605F5B47E00210F22A9EB05092368DB
:10CA900014F8040B23F0FF0300F00F0003F580737C
:10CAA000024048F8043B013B06F8010B0B44D91740
:10CAB0001846EEE80201591C09EB06039C45E6DC2A
:10CAC0000023C5F86031089911EA020489D005EB0A
:10CAD00083030024D3F8C831C5F8603138460BF021
:10CAE0006BFE01343FF470AB65E53C465E46D5F81D
:10CAF00024213A44217888077FF570AF04F10803B8
:10CB00009A42FFF46BAF94F802C00CF1020304EBFD
:10CB100083039A42FFF462AF6078B042A4D0C907A1
:10CB20003FF55CAF1C46E5E75DF0FFFF7047000096
:10CB3000094B0A485B6870B590248D1804FB030309
:10CB40008D4207D011F8014B1868C6693606FCD52E
:10CB50008462F5E7104670BD900B0224F40C0224A9
:10CB6000012070476FF0150070476FF01C00704790
:10CB700003681B6818476FF0150070471120704755
:10CB8000BFF35F8F012208498A6001320B69042AD2
:10CB900023F0010343EA00030B61F5D1BFF34F8F8C
:10CBA000BFF36F8F704700BF90ED00E0BFF35F8F62
:10CBB000064A00239360136923F0010318431061B0
:10CBC000BFF34F8FBFF36F8F704700BF90ED00E052
:10CBD00070472DE9F047466896F8327087BB0368C6
:10CBE0005B689847346A84422AD03369041B96F9FB
:10CBF00034201C40B3683062A4FB0345CAB1736A99
:10CC000014EB030845F10009002A1BDBC2F12001E7
:10CC1000A2F1200328FA02F429FA02F509FA01F137
:10CC200029FA03F30C431C4304FA02F2A8EB0202B4
:10CC30007262D6E90A321B1945EB0202C6E90A32D2
:10CC4000BDE8F087D6F80CA03B4640464946524620
:10CC50000DF0F8FC04460D460AFB1082E8E72DE9CA
:10CC6000F14F46680546376B27F07F4727F0FF07EF
:10CC7000002F57D1FFF7ADFF7368002B60D0D5F8B8
:10CC800000A0D3E90001D6E90A238B4208BF824203
:10CC900005D3DAF8143001B0BDE8F04F18476C68DE
:10CCA000D4E90A32D4F814B0B0EB030861EB0209FE
:10CCB000D4E906234B4508BF424520D3E36894F9E5
:10CCC00033C0A3FB080103FB0911BCF1000F13D013
:10CCD000A268531EC01841F10001BCF1000F24DB13
:10CCE000CCF12002ACF1200320FA0CF001FA02F2A0
:10CCF00021FA03F310431843834528BF8346236A70
:10CD00009B4423690BEA030BDAF810305846984726
:10CD10002B685B689847336A5B450AD258450CD24A
:10CD200083420AD801B0BDE8F08F3B460DF08AFC83
:10CD3000E2E78342F6D95845F4D32B685B69AAE74A
:10CD40007369306A326918442B6810401B6901B05E
:10CD5000BDE8F04F1847B1F900305A1C01D1184610
:10CD60007047834201D1886870470C31F3E784B083
:10CD700001A804B080E80E00704701207047002928
:10CD80000CBF6FF01800002070476FF0150070475F
:10CD9000036800221B69114618470368012200211D
:10CDA0001B69184730B1036823B11B79052B03D0E9
:10CDB000062B24D02048704743680020DFF8A4C029
:10CDC0001E4A1F49C3E902C202F17942DFF898C046
:10CDD00002F5740202F501621A611A4AC3E90512EA
:10CDE00002F1D14202F5C01202F51E62DA61164A62
:10CDF000C3E908C20122C3E900009A66704743688C
:10CE000000201249124ADFF864C09866C3E9021292
:10CE1000104A1149C3E904C2104AC3E90612104A74
:10CE20001A6202F17452A2F52302A2F69242C3E9F9
:10CE300000005A62704700BF00AFFFFF07D57C3685
:10CE400039590EF7310BC0FFA44FFABE67E6096AE5
:10CE500085AE67BB3AF54FA57F520E518C68059B96
:10CE6000ABD9831FD89E05C1A78FF96472F36E3CBE
:10CE7000137810B504688C4238BF013B1370036807
:10CE8000591A016010BD03685918016028BF0123B9
:10CE9000117838BF00230B4413707047436830B5D6
:10CEA0002BB94A6862B9181E18BF012028E08268B1
:10CEB00002EB830252F8042C002AF2D1013BEFE787
:10CEC0008C6804EB820555F8045C85B9013AE9E702
:10CED000826852F8231054F82320914205D803F1B8
:10CEE000FF330AD24FF0FF300AE0012008E00BB117
:10CEF0009342FAD89342F5D3013B5A1CE8D1002063
:10CF000030BD0021F0B50A464568954202D10024A3
:10CF10002046F0BD836853F82260002326FA03F709
:10CF2000CC18FF07F4D40133202B01EB0304F5D117
:10CF300001322146E9E7036870B5CD1A002D0DDDF9
:10CF400093F900601C78002E0BDB5C1C04601B78DE
:10CF500013600368C91A13688B4234D96FF05F00FD
:10CF600070BD04F07F04013C032C29D8DFE804F0F5
:10CF700002091220012DF1D05C78023314600360A5
:10CF8000E7E7022DEADDB3F80140033364BAA4B247
:10CF90001460F4E7032DE1DD9C78043313F8035C9F
:10CFA000240244EA054413F8015C2C431460E6E7CC
:10CFB000042DD3DDD3F80140053324BA1460DEE735
:10CFC0006FF06300CCE70020CAE70000024B987ABC
:10CFD000003818BF012070471801002408B504F07C
:10CFE00043FDFCE710B504460BF0E6FB204610BD00
:10CFF00008B5431C03D10346184608BD0C31B1F9EE
:10D0000000305A1C04D09842F8D14B68591CF3D117
:10D0100001460148F5F700FD30010180884208B55E
:10D0200007D0431C05D00131014602D00248F5F774
:10D03000F3FC084608BD00BF30010180024B1868B0
:10D0400008B107F043BF704788270224024B1868D5
:10D0500008B1FAF77FB8704788270224012008B585
:10D0600000F0B8FB11F0010010B58CB204D0F5F758
:10D0700083FE003818BF0120E2060AD5054B5A6826
:10D0800090235343044AD358DB691B0648BF40F042
:10D09000100010BD900B0224F40C0224F8B50D46CC
:10D0A00082B3194B194C5F68902303FB07439A68BE
:10D0B000B2F5805F16D11A69BAB940F2FF12A3F82F
:10D0C0006020902202FB0742B2F86060F5F754FE40
:10D0D0000028FBD0902301207B43E3585B6A1E406D
:10D0E0002E70F8BD1AB91A6932B9FF22E7E7B2F11A
:10D0F000805F05D11A690AB97F22E0E73F22DEE7A7
:10D100000022DCE71046ECE7900B0224F40C02242A
:10D11000436B30B5054685B053B100F128036C462A
:10D120000FCB84E80F00002320466B6307F085FFD8
:10D1300005B030BDD0F890302DE9F04F012B0446FA
:10D140002DED088B87B0029307D9002084F8940056
:10D1500007B0BDEC088BBDE8F08F031DB0F99670E9
:10D16000B0F9986008EE103AD0F88C30B0F99A50C7
:10D17000B0F99CA008EE903AB0F99EB0B0F9A0804A
:10D1800038467249FFF734FF714903903046FFF784
:10D190002FFF704901902846FFF72AFF6E4909EEDC
:10D1A000100A5046FFF724FF6C4909EE900A5846D2
:10D1B000FFF71EFF6A490AEE100A4046FFF718FF04
:10D1C000019A039B814611461846FFF727FF19EE87
:10D1D000901A019019EE100AFFF720FF49460390BC
:10D1E0001AEE100AFFF71AFF019B1A46039B9A4298
:10D1F000ABD1019B8342A8D154493846FFF7ABFD20
:10D20000534903903046FFF7A6FD524909EE100A34
:10D210002846FFF7A0FD504909EE900A5046FFF757
:10D220009AFD4E490AEE100A5846FFF794FD4C4904
:10D230000AEE900A4046FFF78EFD4A4A0BEE100AAE
:10D24000039BD2F8D410484841F48041C2F8D4106E
:10D25000D2F8D41001F48041059105994349D0F8E2
:10D260008CC08C45FBD1D16F4FF0000941F4804157
:10D27000D167D16F21F48041D1674FF44072012111
:10D28000C26000223846A4F8547084F84520226118
:10D2900084F844204FF0004292FAA2F2B2FA82F2ED
:10D2A000013A62614FF48062A261029AE261019ADE
:10D2B000C4E9021162601946C4E90899F8F776FBDF
:10D2C00049463846F8F71CFB19EE101A3046A4F808
:10D2D0005660F8F76BFB49463046F8F711FB19EE3C
:10D2E000901A2846A4F85850F8F760FB494628469B
:10D2F000F8F706FB1AEE101A5046A4F85AA0F8F7F1
:10D3000055FB49465046F8F7FBFA1AEE901A584674
:10D31000A4F85CB0F8F74AFB49465846F8F7F0FA2B
:10D320001BEE101A4046A4F85E80F8F73FFB494612
:10D330004046F8F7E5FA18EE901A18EE100AF8F7DA
:10D34000D7FFB0FA80F0400900E700BF10AF010836
:10D3500040AF010870AF010894AF0108C4AF0108E5
:10D36000E8AF01080044025800640258000300803E
:10D3700039B101F18041013900EB8101814203465D
:10D3800000D270471B680A681BBA12BA40F8042B17
:10D3900041F80439F2E70000034B596A5A6A521AFD
:10D3A0008242FBD3704700BF000C004007B50190DC
:10D3B0000BF0FAF9019910B90248F5F72DFB03B00B
:10D3C0005DF804FB1F010180037823F0030343F0A1
:10D3D00001030370FFF732BE10B50446037803F073
:10D3E0000303012B08D0FFF731FE237803F003027B
:10D3F000012A03D1FFF722FE002003E043F00203DD
:10D400002370012010BD0000014B186807F05EBDBD
:10D4100040270224014B1868F9F79CBE40270224DC
:10D42000014B186807F052BD80270224014B186891
:10D43000F9F790BE8027022401207047074A084967
:10D4400013681844884283BF064B0C224FF0FF300C
:10D4500010608CBF1A601846704700BF0C01002492
:10D4600000FC072454A50224064A136843B1013B7B
:10D4700013602BB9044A1370044B1B7803B162B6D6
:10D48000704700BF3C2702248C270224382702243F
:10D49000EFF3108372B6074A117831B9DB430649BE
:10D4A00003F001030B7001231370044A1368013366
:10D4B000136070478C270224382702243C2702245B
:10D4C00008B5FFF7E5FF064A1388013B9BB21380BE
:10D4D00013B90120FFF76AFBBDE80840FFF7C4BF9E
:10D4E0008427022410B5074CFFF7D2FF218811B919
:10D4F0000846FFF75BFB01312180BDE81040FFF7D4
:10D50000B3BF00BF8427022408B5FFF7C1FF064A56
:10D510001388013B9BB2138013B90120FFF730FB46
:10D52000BDE80840FFF7A0BF8627022410B5064CCF
:10D53000FFF7AEFF208808B9FFF722FB01302080FB
:10D54000BDE81040FFF790BF86270224F0B58FB0EA
:10D5500007460E4615460021142209A801AC0BF01F
:10D5600095F9104B08945B690197DA6B0493059267
:10D570005A6B1B6B06920793CDE90256FFF788FFA3
:10D58000094A0A4D1368013313600FCC0FC50FCC45
:10D590000FC50FCC0FC523682B60FFF765FF002078
:10D5A0000FB0F0BD18010024442702244C270224A8
:10D5B000F8B50546FFF76CFFD0E90034DB68984703
:10D5C00094F832301BB1BDE8F840FFF74DBF01239E
:10D5D00084F831306368ABB12846FFF7FAFA616826
:10D5E000D4E90A67D1E900239F4208BF964209D3D4
:10D5F0006B685A68CB6863602368002BEAD0906838
:10D600009847E7E70023284684F83130FFF727FBE7
:10D61000D9E72DE9F743044600F1080580699046F3
:10D6200099460190FFF734FF0198FFF7D2FA01986D
:10D630000021426824615368C4E902892BB96361FF
:10D6400061B95560FFF70BFB0FE0D3E90067B945FF
:10D6500008BFB045F3D31946DB68EFE7D2E90A23E8
:10D66000CD604B4508BF4245ECD203B0BDE8F04366
:10D67000FFF7FABE90F83C3030B453B1002380F885
:10D680003C3090F83E3013B9012380F83D3030BC77
:10D69000704790F83F30002BF9D0836B4FF08062D9
:10D6A000013383630B4B5A60D0E90C32013342F1F2
:10D6B0000002C0E90C32D0E90A2312F57A7543F171
:10D6C000000412F5FA62C0E90A5443F1000330BCC9
:10D6D000FFF79FBF00ED00E038B5D0E90825D0E99D
:10D6E00002130446521845EB0303FFF792FF636BE6
:10D6F0002BB104F12800BDE8384007F09EBC38BDCE
:10D70000094B30B51A46094CD3F89450A542FBD1C9
:10D71000036829B181680B604FF44073536130BDD9
:10D72000C1681B04F7E700BF0064025800030080D3
:10D7300000B58C2589B0FFF7ABFE0820ADF814507A
:10D74000F8F716F84FF47071044628461E4DF8F7A6
:10D750002DF94FF480531D4A0021019301A8BDF813
:10D760001430069403F00F0352F82330079304F1AA
:10D77000100318340293CDE90344F8F7F5F80424B4
:10D78000012101A8FFF7BCFF2846FFF705FE002195
:10D7900001A8FFF7B5FF2846FFF7FEFD013CEFD1DA
:10D7A00004240B4E012101A8FFF7AAFF3046FFF722
:10D7B000F3FD002101A8FFF7A3FF3046FFF7ECFDC2
:10D7C000013CEFD1DBE700BFF04902005CAC01088F
:10D7D000801A060008B508B1FFF7AAFFFEE70000AF
:10D7E00008B50E4B0121D3E84F2FC3E8401FD2B23A
:10D7F0000028F8D12AB1FFF74BFEBFF34F8F20BFAF
:10D80000FDE7EFF305831BB9EFF31083DB0701D5C9
:10D81000FFF78EFF0120FFF7DDFF00BF482702243E
:10D820000FB4724608B5074B0120D3E84F1FC3E879
:10D83000440FC9B2002CF8D111B90348FFF786FE96
:10D84000FFF7CEFF440B02240001FF803F282DE9A3
:10D85000F04F06468BB000F32B81964F57F820000F
:10D86000411C40F00981022E00F306819248DFF846
:10D870008C920378BFF35B8F13F0010F40F0F980B7
:10D88000FFF7AAFD002800F0F4808C4BC9F80030A7
:10D890008B4B1A689846002A40F0E8808949092095
:10D8A000FFF7A6FB044688491720FFF7A1FB0146B6
:10D8B0002046864DFFF7B2FB824904460920FFF758
:10D8C0004AFA814983461720FFF745FA804B824682
:10D8D0002C609C4221D17F4AD2F8F01041F0100117
:10D8E000C2F8F010D2F8F02002F010020992099A62
:10D8F000794A94424AD1774BD3F8F02042F0200283
:10D90000C3F8F020D3F8F03003F020030493049B15
:10D91000724B9C424AD1012487E0704A94421AD04B
:10D9200002F58062944224D06D4A94425CD06D4AE4
:10D930009442DDD1674AD2F8E81041F48011C2F870
:10D94000E810D2F8E82002F480120592059A9C4271
:10D95000DED1002469E05F4AD2F8E81041F40031DA
:10D96000C2F8E810D2F8E82002F400320892089ACF
:10D97000BEE7584AD2F8E81041F48021C2F8E81016
:10D98000D2F8E82002F480220792079A564A94427D
:10D9900037D1504BD3F8E82042F08042C3F8E8205A
:10D9A000D3F8E83003F080430393039B4F4B9C4232
:10D9B00074D003F580639C4272D003F580639C426F
:10D9C00070D003F544439C426ED0A3F51C439C42A7
:10D9D0006CD003F580639C425ED04548844214BFFE
:10D9E0004FF0FF34082420E03A4AD2F8E81041F41E
:10D9F0000021C2F8E810D2F8E82002F400220692D2
:10DA0000069A3C4A94423AD0394A94429FD1314BCB
:10DA10000824D3F8F42042F00802C3F8F420D3F825
:10DA2000F43003F008030193019B594609206C6010
:10DA3000F7F7BCFF01210920F7F762FF51461720D5
:10DA4000F7F7B4FF01211720F7F75AFF00234FF42F
:10DA5000E132C5E90433C5E90223274BAB61F8F78E
:10DA6000C3FC0123C8F80030F8F75AFF1248FFF74B
:10DA7000ABFC224847F826900BB0BDE8F08F154B61
:10DA8000D3F8E82042F00042C3F8E820D3F8E830A9
:10DA900003F000430293029B0724C6E70224C4E775
:10DAA0000324C2E70424C0E70524BEE70624BCE73C
:10DAB0000020E1E70C00002404260224CCB2010877
:10DAC0009027022474B1010818B00108900B0224B9
:10DAD000001001400044025800140140004400407E
:10DAE000004C0040005000400078004000480040DA
:10DAF000000C0058007C0040090017002C2702246D
:10DB000038B50D46FFF7A2FE044630B90AF03CF8DE
:10DB1000092303604FF0FF3038BD0368DB69984785
:10DB20000028204614BF4FF400534FF400436B60AD
:10DB300023689B6A984728610020EDE713B5CDE97B
:10DB40000021FFF783FEDDE9002140B90AF01CF84F
:10DB5000092303604FF0FF34204602B010BD036874
:10DB60001B699847041EF7DA64420AF00DF8046056
:10DB7000F0E710B5FFF76AFE044628B90AF004F88A
:10DB800009230360204610BD0368DB699847041E23
:10DB9000F8DA644209F0F8FF04600024F2E7FFF7C6
:10DBA000E8BF13B5CDE90021FFF750FEDDE9002104
:10DBB00040B909F0E9FF092303604FF0FF34204624
:10DBC00002B010BD03689B689847041EF7DA6442F0
:10DBD00009F0DAFF0460F0E77FB5002A04460D463D
:10DBE00006DA09F0D1FF162303604FF0FF3019E089
:10DBF0000192FFF7BEFF019AE8B1114E01220DF12B
:10DC00000F012046FFF7CDFF0028EEDB0AD09DF87C
:10DC10000F300D2B08D1325D0A2A3355EED00A237E
:10DC200001202B7004B070BD0A2B02D1325D0D2A89
:10DC3000F3E73355F4E729462046FFF7B2FFF1E753
:10DC40000826022413B5CDE90021FFF7FFFDDDE929
:10DC5000002140B909F098FF092303604FF0FF3419
:10DC6000204602B010BD0368DB689847041EF7DA4F
:10DC7000644209F089FF0460F0E700002DE9F74FE6
:10DC8000B2F1000805460E4609DA09F07DFF1623B9
:10DC900003604FF0FF34204603B0BDE8F08FFFF77C
:10DCA00068FF044660B31F4A0027DFF87CA04FF0EE
:10DCB0000D0B535D3C469146B84521DDF25D0A2AC5
:10DCC0001BD10D2B019318D0BC420CDA3A1B311931
:10DCD0002846FFF7B7FF0028019BDADB0444A74280
:10DCE000D9DC09F80530012251462846FFF7AAFF82
:10DCF0000028CEDBCFD009F805B0F35D0137DBE7B4
:10DD0000A045C8DDA8EB040231192846FFF79AFFA9
:10DD10000028BEDB24181FBF3619024B16F8012C51
:10DD20005A55B8E748260224F8AD010838B505462B
:10DD30000024FFF78BFD0B4B43F8254030B909F069
:10DD400023FF092303604FF0FF3038BD03685B6990
:10DD50009847051E04DA6D4209F016FF0560F2E7E8
:10DD60002046F2E70C000024F0B572B60023264AE4
:10DD70004FF0FF36254F13604FF0E0221D465168EB
:10DD800001F00F0101319A004FEAC30C02F1604229
:10DD900002F56142C2F88060C2F88061002202EBA5
:10DDA0000C0401323C44082A84F80053F7D10133B3
:10DDB0009942E8DC164B4FF020625A6040F2FA526A
:10DDC0009860DA6000221D6111469C1801320C2A0D
:10DDD0002176FAD14FF0FF3259629A620D4ADA6227
:10DDE0001F221A63BFF35F8F0B4B5960BFF34F8F36
:10DDF000BFF36F8FD0E90031002282F314889D4673
:10DE000082F310880847F0BD10E000E000E100E078
:10DE100000ED00E0020000C090ED00E00AF03EBD21
:10DE20000AF04CBD0AF0F4BD0AF098BD406828B174
:10DE3000037B012B01D1043870470020704700009C
:10DE4000436893F830202DE9F0470646002A74D144
:10DE500093F83230002B70D103681B689847336801
:10DE6000DB699847364B0268002A08BF1A461146FC
:10DE70001C46B1FBF3F304FB13132146002BF7D12F
:10DE80002F4B01257768B3FBF4F11F23B960013BE9
:10DE900003D305FA03FC6145F9D1B2FBF4F287F82C
:10DEA000333001241F23FA6004FA03F5AA4201D09B
:10DEB000013BF9D287F834304468231F1B2B93BFF2
:10DEC00001234FF0FF332024A340A4F1040498BFA2
:10DED00003F1FF3312F1FF303B614FF0070303FA08
:10DEE00004F44FF000034FEAE4797C61A4FB0145A0
:10DEF0009A4601FB095543F1FF31201845EB01011A
:10DF00000CF0A0FB3368C7E906015B68C7E900AA0B
:10DF1000984773683862002100200122C3F824A0CA
:10DF200083F832A01A86C3E90A013046FEF751FE93
:10DF30003046BDE8F047FEF792BEBDE8F08700BF6F
:10DF400040420F0010B50446FFF77AFFFFF7A0FA32
:10DF50002046FEF73EFE6368D3E90A01FFF784FA24
:10DF600010BD2DE9F8430C4680468869FFF7EAFFAB
:10DF7000D4E90A59461B61EB0907002F08BFB6F523
:10DF80007A7F2AD3002F08BFB6F5FA6F28D3002E68
:10DF90004FF47A72304677F101034FF00003B4BFBB
:10DFA000002139460CF04EFB4FF47A760023A36330
:10DFB000A0FB0623551906FB013343EB0903C4E913
:10DFC0000A53D4E90C32C318404642EB0101C4E9BC
:10DFD0000C31C8E90031BDE8F88300200146E3E7D1
:10DFE00001200021E0E700002DE97043154E35685F
:10DFF0002DBB154C4FF0000814484FF00009144B8E
:10E00000A0612360C4E90289C4E90455FFF718FF41
:10E01000FFF73EFA0F4B104A1A60FFF725FA0F4B35
:10E02000A0692360FFF78EFF84F840503460C4E994
:10E030000801C4E90A01C4E90C89C4E90E55306835
:10E04000BDE8708328270224E0260224A4AC01083E
:10E050005CA90108F00A022471CB000840B3010852
:10E06000F8B54B6915460C469B1A002BACBFD3186C
:10E07000131C4B6103898B80FFF70AFA0246036881
:10E080006BB35E696169771A002F24DB8E4226D15B
:10E090009B68A36013B104F108011961136821465C
:10E0A000002641F80C3F9E6019611460836A22616A
:10E0B0006BB190F8242052B10268A24207D1E26805
:10E0C0002AB96169C06A491B21EAE1719847BDE834
:10E0D000F840FFF7C9B903F108029B68D0E7A360D5
:10E0E00013B104F1080119610023E360DDE738B5DD
:10E0F000856900F10804FFF7CBF96A6853689C4210
:10E1000009D1436928465360FEF7A9FDBDE83840B0
:10E11000FFF7AAB91346002BF8D0DA689442F9D178
:10E120004269DA60F2E70000F8B50F4B00260027DD
:10E13000002504460360C0E90267C0E904550B48A6
:10E14000A061FFF77DFEFFF7A3F9094B094A1A60AA
:10E15000FFF78AF901232046656384F83830064BBF
:10E16000C4E908672360F8BD5CA90108A4AC0108F4
:10E17000F00A022471CB000834B3010884B0F8B56A
:10E18000044607A8DDE90C6704F1280580E80E00C5
:10E19000FFF77EF90FC885E80F002046FFF7A7FFBD
:10E1A000A069C4E90867FFF7CDFE8219204641EB5C
:10E1B0000703FFF72EFABDE8F84004B0FFF754B9A3
:10E1C000F8B504460E4615460021202268301F4649
:10E1D0000AF05CFB94F86030721C84F8683016BF5B
:10E1E0000023012384F8696084F86A3094F8613070
:10E1F00084F86C3094F8623084F86D306B1C16BF74
:10E20000002301232567013784F8743094F86330C4
:10E2100084F8783094F8643084F8793016BF00239D
:10E220000123E36784F88030D4F8883084F88430A0
:10E2300094F8653084F88530F8BD0000024B0A463A
:10E2400000211B68184700BF100100242DE9F04F82
:10E2500000F10803D3B004934AAB059300F12803FF
:10E260000693DDE9043253F8040B42F8040B0698D8
:10E270009842F8D10AAA01F140004B78043111F814
:10E28000044C1B0443EA046311F8014C234311F8C6
:10E29000024C884243EA042342F8043BEDD1509BF0
:10E2A0000DF1200BA2480093DE46DDF844C1814603
:10E2B000DDF838A14F9E0190DDE94A72DDE94C316D
:10E2C0004FEAFA25DEF80840D9F800000EF1200EDA
:10E2D00085EABA1509F120092044009C85EA7A658F
:10E2E00005440098704000EA0A00604047EA0204D2
:10E2F00005444FEA77301C40AC4480EAB70007EA97
:10E30000020580EAB75061442C4359F81C5C044470
:10E310005EF8140CA44405448AEA060400980CEA4A
:10E32000070805440C404FEAF120744080EAB11020
:10E3300025444CEA070480EA7160144028444FEAFF
:10E340007C3544EA080485EABC05034485EABC55EB
:10E35000254459F8184C05445EF8100C04444CEA66
:10E360000500264481EA0A0438401C4084EA0A0871
:10E3700006EB08044FEAF3260CEA050886EAB31612
:10E3800040EA080086EA736626444FEA753484EA58
:10E39000B504324484EAB554044459F8140C3444A6
:10E3A0005EF80C6C304445EA0406824481EA0300BE
:10E3B00006EA0C06104080EA01080AEB08004FEA62
:10E3C000F22A8AEAB21A8AEA726A82444FEA7430FE
:10E3D0000AEB070880EAB40005EA040780EAB450B3
:10E3E0003E435EF8087C304459F8106C50443E447B
:10E3F00083EA020A31444FEAF8260AEA080A44EAA4
:10E40000000786EAB8168AEA030A2F4086EA786689
:10E41000514404EA000A0E444FEA703147EA0A0701
:10E4200082EA080A81EAB001B44481EAB0510AEAFA
:10E430000C0A39445EF8047C8AEA020A314459F82D
:10E440000C6C3E4400EA010733444FEAFC2686EA9E
:10E45000BC16534486EA7C661E44AB1940EA0105AB
:10E4600000934FEA7133254083EAB1033D4383EAC9
:10E47000B1532B4459F8085C3344DEF8006035444E
:10E48000009E154488EA0C02324082EA0807EA1925
:10E490004FEAF62501EA030785EAB61585EA7665AF
:10E4A00015444FEA7332661941EA030482EAB30263
:10E4B000044082EAB3523C43224459F8044C2A44B3
:10E4C000DEF804502C444FEA7235A044009C85EAE3
:10E4D000B2058CEA0404344084EA0C0708EB070414
:10E4E0004FEAF62843EA020788EAB6180F4088EA9E
:10E4F0007668444485EAB25803EA020500EB040A50
:10E5000018A83D437045454404EB05077FF4D8AE99
:10E510000098CDF844C1CDF838A1CDE94F6038A8B6
:10E52000CDE94A72CDE94C31CDE90845079001E0CB
:10E5300010AE0108DBF840000BF1200B5BF8145C17
:10E540004FEAF04E5BF8184C4FEAB5488EEA704E31
:10E5500088EAF5188EEA902EDBF80C0088EAD508D8
:10E5600020444FEAFA24864484EABA140EEB0800E9
:10E5700084EA7A6E009C03907440009804EA0A04CE
:10E58000444001987444006C8AEA060E2044039CBF
:10E590002044CBF8284007EA0204844447EA0200FA
:10E5A00001EB0C084FEA7731184081EAB7010EEA17
:10E5B000080E20435BF8104C81EAB7518EEA060E34
:10E5C0008AEA08090844DBF8241084444FEAF14041
:10E5D00080EA714080EA9120DBF8101029444FEA6C
:10E5E000B44585EAF4150144019885EAD405406CE8
:10E5F0002944009D28444FEAF825CBF82C10084404
:10E6000085EAB815864485EA786505EB0E004FEA81
:10E610007C3507EA0C0E034485EABC05009347EA03
:10E620000C0385EABC55134043EA0E035BF80CEC7F
:10E630001D44039B05444FEAF34080EA734080EA9F
:10E640009320DBF8143023444FEABE44034400987F
:10E6500084EAFE1409EA0009019884EADE04806C69
:10E6600089EA0A09234430444FEA7536CBF8303042
:10E67000184486EAB5068144009886EAB5564FEA02
:10E68000F02484EAB01484EA706404EB09004CEAD4
:10E69000050402443C4002920CEA050214435BF874
:10E6A000082C344404444FEAF14080EA714080EA87
:10E6B0009121DBF818008644029871444FEAB24E6B
:10E6C0008EEAF21E8EEAD20E8E44009988EA01018B
:10E6D00001400198CBF834E0C66C81EA0801029849
:10E6E00056444FEA743A4FEAF02076448AEAB40A74
:10E6F0003144029E8AEAB45A80EAB61080EA766013
:10E70000461845EA040005EA040100EA0C0007EB9C
:10E71000060908434FEAF34181EA7341504481EA14
:10E720009323DBF81C1030445BF8046C0A44029914
:10E7300013444FEAB64282EAF61282EAD6021A443B
:10E74000009B83EA01074FEAF921CBF8382007EA5A
:10E75000090781EAB9115F40019B81EA79611B6D6C
:10E760001344434404EA00081F44CB1944EA000759
:10E770004FEA70312F409C4481EAB00147EA080714
:10E78000DBF8008081EAB05139444FEAFE47194472
:10E7900087EA7E47DBF8203087EA9E2E9F194FEAF2
:10E7A000B843009E83EAF813774483EAD8031F44F2
:10E7B000029B83EA090ECBF83C700EEA0C0E8EEA3F
:10E7C000030E019B5B6D3B4433449E444FEAFC23A4
:10E7D00083EABC1383EA7C6303EB0E0600EA010EB6
:10E7E000AB1940EA010500934FEA7133254083EAF3
:10E7F000B10345EA0E05DBF804E083EAB1532B448C
:10E80000DBF8245033444FEAF24686EA724686EA41
:10E81000922205EB080689EA0C0816444FEABE422C
:10E8200082EAFE1282EADE021644009A08EA020830
:10E83000019ACBF84060956D88EA0908029A354440
:10E84000009E1544009A4FEAF222454401EA03086B
:10E8500082EAB61282EA766215444FEA733266198A
:10E8600041EA030482EAB302044082EAB35244EA72
:10E87000080422444FEAF74484EA77442A44DBF848
:10E88000085084EA9727039CA6444FEAB54484EADB
:10E89000F514774484EAD505009C8CEA040E019CAB
:10E8A0003D44E76D0EEA060E4FEAF624CBF84450DD
:10E8B0002F448EEA0C0E84EAB6144F444FEA7235A8
:10E8C00084EA7664774485EAB2053C4443EA020769
:10E8D00085EAB25E03EA020500EB040A01980F40E4
:10E8E00020303D43019007987544584504EB0507D7
:10E8F0007FF420AE0098CDF844C1CDF838A1CDE921
:10E900004F60CDE94A72CDE94C31CDE90845049B11
:10E9100005991B6851F8042B1344049A059142F899
:10E92000043B069B04929342F1D108A84FF49471E2
:10E93000FFF784FC002053B0BDE8F08F2DE9F843C9
:10E94000036805460E46144603F03F079B18036014
:10E9500022BF4368013343609FB1C7F1400991452D
:10E960000FD800F128084A4608EB070009F080FF9D
:10E9700041462846FFF76AFCB0B9403C4E443C444F
:10E980000746264404E02846FFF760FC60B9403C97
:10E990003F2CA6EB0401F6D844B105F1280022462D
:10E9A000384409F065FF0020BDE8F8832046FBE706
:10E9B00010B458B104684CB12479053C012C05D839
:10E9C00042B140685DF8044BFFF7B8BF02485DF8FC
:10E9D000044B70471046FAE700AFFFFF38B50368F5
:10E9E000044663B1856855B1FEF7DCF940B9236888
:10E9F000294620469A79BDE83840FFF7D9BF01483B
:10EA000038BD00BF00AFFFFF036803F03F035A1C8F
:10EA1000034470B5382A0D4600F128064FF08001F6
:10EA2000044683F8281006EB020061D8C2F13802D0
:10EA3000002109F02BFF2046D4E900315A0FDB00FA
:10EA400042EAC10231461BBA12BA63662266FFF778
:10EA5000FDFB00284BD1E37A2B7063896B70A368B0
:10EA60001B0AAB70A368EB70E37B2B71E3896B71BE
:10EA7000E3681B0AAB71E368EB71E37C2B72638A7A
:10EA80006B7223691B0AAB722369EB72E37D2B73F4
:10EA9000E38A6B7363691B0AAB736369EB73E37E91
:10EAA0002B74638B6B74A3691B0AAB74A369EB743F
:10EAB000E37F2B75E38B6B75E3691B0AAB75E36929
:10EAC000EB7594F823302B76638C6B76236A1B0AE4
:10EAD000AB76236AEB76A36E4BB994F827302B778D
:10EAE000E38C6B77636A1B0AAB77636AEB7770BD65
:10EAF0000021C2F1400209F0C9FE31462046FFF76D
:10EB0000A5FB0028F3D101463822304691E70000EA
:10EB100040B1036833B11B79053B012B02D8406833
:10EB2000FFF772BF0048704700AFFFFF42F210735B
:10EB300099422DE9F04104460D4603D96FF00F00CC
:10EB4000BDE8F08146688E421AD2042128460BF0B7
:10EB500041F907460028F1D0D4F80880B8F1000F39
:10EB60000CD0B6004146324609F082FE1EB1314655
:10EB70004046FFF763FBA06809F01EFEC4E9015799
:10EB80000020DDE742F2107399422DE9F04105467D
:10EB90000C4603D96FF00F00BDE8F08146688E4245
:10EBA00003D8BDE8F041FFF7C1BF731EFBB90133C5
:10EBB00004219C4238BF1C4620460BF00BF9074647
:10EBC0000028E7D0D5F80880B8F1000F0BD04146F7
:10EBD000A20009F04DFEB10002D04046FFF72EFB27
:10EBE000A86809F0E9FD0020C5E90147D4E7AA6853
:10EBF00052F82320002ADAD1013BD7E70368F0B5A9
:10EC0000044689B00D46F3B18668E6B169469F793E
:10EC1000FFF77EFFA8B92046FEF7C4F888B923683D
:10EC2000F11920469A79FFF7C3FE50B92368694667
:10EC300020465A79FFF7BCFE18B929462046FFF74F
:10EC400067FF09B0F0BD0148FBE700BF00AFFFFF61
:10EC500010B404682CB183681BB15DF8044BFFF756
:10EC6000A7BE02485DF8044B704700BF00AFFFFF2E
:10EC70002DE9F0410E4688B017460546002852D0CF
:10EC80000368002B4FD08268002A4CD09B79BB428E
:10EC900013D2FEF787F8044688BB3A463146284629
:10ECA000FFF786FE044650BB69462846FFF730FF53
:10ECB000044620BB2B686E465F792B683621D5F859
:10ECC0000880013E9A794046474408EB020409F067
:10ECD000DDFD2B685C2120469A7909F0D7FD43467B
:10ECE000601E9F4213D12846FEF75CF8044630B9F7
:10ECF0002B68414628469A79FFF75AFE04462021A0
:10ED00006846FFF79BFA204608B0BDE8F08116F888
:10ED1000011F1A784A4003F8012B10F8012F3178AF
:10ED20004A400270DDE7014CEDE700BF00AFFFFF96
:10ED300010B50446F0B10368E3B1406848B11B79EF
:10ED4000053B012B02D86C21FFF778FA606809F0C7
:10ED500033FDA06840B123689B7959000BB1FFF7E0
:10ED60006DFAA06809F028FD20460C21BDE810408E
:10ED7000FFF764BA10BD2DE9F04705688AB08246F6
:10ED80000E46174605B16D7976B3002F14BF4FF0CC
:10ED900002084FF0010800230AF10C098DF8043035
:10EDA0005046FFF71BFE0446B0B92A464946504676
:10EDB000FFF74EFF044678B9012201A95046FFF73C
:10EDC00047FF044640B9B8F1020F10D002A95046DF
:10EDD000FFF714FF044698B102A82021FFF72EFA8E
:10EDE00020460AB0BDE8F0874FF00108D3E73A4665
:10EDF00031465046FFF72CFF04460028E6D0EBE7EB
:10EE00002A4602A95046FFF733FF04460028E3D103
:10EE10002A4649465046FFF71BFF04460028DBD12F
:10EE200049465046FFF7EAFE04460028D4D19DF833
:10EE300004300133DBB243458DF80430B0D3CBE767
:10EE40002DE9F843066804460F46154606B1767963
:10EE5000B5F5806F3BD8E36B63B904F10C09BDB91C
:10EE60002A4629462046FFF786FF78B9E36A013330
:10EE7000E3620BE0636B012B03D0E26AA36B9A425F
:10EE8000EBDD2046F3F74DFF0028E6D0BDE8F88320
:10EE9000AE422046B04628BFA846FFF79FFD002897
:10EEA000F4D1324649462046FFF7D2FE0028EDD184
:10EEB00049462046FFF7A2FE0028E7D138464246E1
:10EEC00049464744A5EB080509F0D2FCC7E76FF0B7
:10EED0000200DBE700230122C0E90433C0E900237C
:10EEE000C0E90232C0E906230362704738B5002446
:10EEF0000125014604704462C0E90154C0E903459C
:10EF0000C0E90544C0E907542830FFF7E3FFC1E931
:10EF10001354C1E91544C1E91744C1E91944C1E9D1
:10EF20001B44C1E91D4438BD036B2BB1C36B002BDF
:10EF30000CBF022001207047184670470246436804
:10EF400030B523B9486858B9002B38D131E0906802
:10EF500000EB830050F8040C0028F3D1013BF0E7EC
:10EF60008C6804EB800555F8045C25BB0138EAE7A2
:10EF70008342096801D2484222E01068002803DD7C
:10EF8000002913DA01201BE000290FDD70B14FF0DA
:10EF9000FF3015E0916851F8235054F823108D424A
:10EFA0000ED803F1FF3302D2404209E0013B591C65
:10EFB000F0D1002004E0002BDAD08342D8D91068C9
:10EFC00030BD1FB581EAE173CDF80CD0A3EBE1733E
:10EFD00000934B1C4FF0010318BF012102930191D4
:10EFE00001A9FFF7ABFF05B05DF804FBF8B50446D7
:10EFF00008466368B2EB830F4FEA83051CD9521BA6
:10F000008E18002109F042FC2A4630468118002360
:10F010009A4213D10020F8BD03F0030123F0030C42
:10F02000A768CE0057F80C10F14011F0FF0F11D176
:10F030000133AB42F0D1E9E71346FAE703F00300EE
:10F0400023F00306A7680133C500B859E84001F86A
:10F05000010DDDE76FF00700DDE70000422AF0B5A3
:10F06000064693B00846154626D801A9FFF7BEFF0D
:10F070000446C8B911493046F3F70CFE044698B966
:10F0800006F10C07202230463946FFF7F1FD044611
:10F0900050B920220121384609F0F8FB2A4601A97F
:10F0A0003046FFF768FE04461DB1294601A8FFF768
:10F0B000C5F8204613B0F0BD014CF6E79CAC010842
:10F0C00000B3FFFF0246406880B1431E926873B9E7
:10F0D00052F8231000204FF00042114203D10130BA
:10F0E00052082028F9D10133C0EB4310704752F881
:10F0F00023100029ECD1013BE9E7000038B5144AA0
:10F100000125144B0446C26043660823124A8363F8
:10F110004262124A45644265114AC0E90153C0E99E
:10F120000753C0E91353C0E90A530E4BC0E90F352A
:10F130000D4BC0E90C2583640430FFF7C3FFA065C5
:10F1400004F14C00FFF7BEFFC4E91705002038BDED
:10F15000DCB3010809FB00085CB30108BCB301087B
:10F160007CB301089CB3010814010024F8B50446DF
:10F170000E464D0901F01F07FFF7A4FF63683044F6
:10F18000B0EB431F05D81F2E0FD8002F3BD1002016
:10F190000AE010F01F0118BF012101EB50112046B9
:10F1A000FFF7C4FC0028EED0F8BD63686FF00300E1
:10F1B0009A0068431946A942A2F104020BD8AB4257
:10F1C0004FF0000228BF2B469B00043B191DDCD0EA
:10F1D000A168CA50F9E7A668013906EB020C5CF891
:10F1E00000C046F802C0E6E7A06850F8251001FA12
:10F1F00007F3134321FA06F240F82530013563681E
:10F20000AB42F1D8C3E70022C7F12006F7E7436815
:10F21000B1EB431F3FBF4A09836801F01F0153F858
:10F2200022003ABF20FA01F101F0010000207047EE
:10F23000F8B507460D46FFF777FE022806461DD1B2
:10F2400000212846FFF7E3FF60BB01212846FFF7B6
:10F25000DEFF044630BB2846FFF734FFFB6D013864
:10F2600098421FD1FE2807D131462846FFF7CFFF2D
:10F270000D4B041E18BF1C462046F8BD01280FD1B7
:10F2800001462846FFF79DFE00280BDB07F14C01E5
:10F290002846FFF753FE0028034CB8BF0024EBE7D5
:10F2A000024CE9E7004CE7E780B3FFFF80B0FFFFC7
:10F2B00070B50E4601210446FFF738FC054648B9F3
:10F2C00062680146A068920009F0E0FAA3681E6037
:10F2D00001232360284670BD10B501210446FFF7C5
:10F2E000E7FF60B9012104F10C00FFF7E1FF30B93D
:10F2F000014604F11800BDE81040FFF7D9BF10BD6A
:10F30000F0B443684E0901F01F04B34201D304D1A5
:10F310005CB30021F0BCFFF7CBBF1F2927D804BB8B
:10F320000020F0BC704782685759043542F82170BC
:10F3300001319A1B8A42F6D800219342EFD98568A1
:10F3400045F822100132F8E7866856F8235025FA6E
:10F3500004F20A4305FA07F146F82320013BF3D2F1
:10F36000DEE70021C4F12007F8E71F29D8D9B5004E
:10F370000021DEE78842F8B506460D46144601D165
:10F380000020F8BD4968FFF7D1FB0028F9D171686A
:10F390002846FFF7CBFB0028F3D1624231682243B5
:10F3A0002C68C2F3C012C2F1010303FB01F7514301
:10F3B00004FB027434602C6804FB0311296071683B
:10F3C0008842DDD2D6F808C0AF685CF8201057F844
:10F3D000204003FB01FE514304FB02E44CF82040B3
:10F3E00057F8204004FB031147F820100130E6E7EE
:10F3F0002DE9F0410D46496806461446FFF796FB95
:10F40000B8B96242296833682243D5F804E0D5F8D8
:10F410000880C2F3C0125143C2F1010C03FB0C136C
:10F42000B168336003469E4505D16B6872689A42A5
:10F430000CD8BDE8F08158F8237051F823405743A9
:10F4400004FB0C7441F823400133ECE751F823200E
:10F450000CFB02F241F823200133E7E710B5044624
:10F4600070B1806838B16168890001D0FEF7E6FEAE
:10F47000A06809F0A1F900230122A360C4E90023D8
:10F4800010BD10B50446FFF7E9FF04F10C00FFF7CB
:10F49000E5FF04F11800BDE81040FFF7DFBF08B139
:10F4A000FFF7EFBF704770B5044660B3036E012BE2
:10F4B00012D00430FFF7D2FF04F11000FFF7CEFFA7
:10F4C00004F11C00FFF7CAFF04F12800FFF7E7FF73
:10F4D00004F14C00FFF7C2FF636F8BB920467C211B
:10F4E000BDE87040FEF7AABE06FB05000135FFF738
:10F4F000D6FFD4E91D03AB42F6D809F05DF9EDE77C
:10F5000000252426F5E770BD2DE9F84311F0030628
:10F5100099464368054618BF01260F46904606EBFC
:10F520009106B34208D100212846FFF7C1FE0446E8
:10F5300088B12046BDE8F883FFF790FF0023012241
:10F5400031462846AB60C5E90023FFF7EFFA0446D1
:10F550000028E8D0EDE7C7EB8603A9683A4648469D
:10F560001944C04704460028E3D13146A868FDF796
:10F57000FFFEDEE72DE9F04112F003064368044682
:10F58000884618BF0126174606EB9206B34208D1FB
:10F5900000212046FFF78CFE054688B12846BDE8CD
:10F5A000F081FFF75BFF0023012231462046A36074
:10F5B000C4E90023FFF7BAFA05460028E8D0EDE7D2
:10F5C000B8F1000FEAD0A368C7EB860041463A467F
:10F5D000184409F04DF93146A068FDF7C9FEDDE792
:10F5E0002DE9F84381460D4690461E461BB94D4C09
:10F5F0002046BDE8F8830430FFF764FDC41D48468B
:10F60000FFF792FC02284FEAD40765D1BE42EED143
:10F6100016F003016B6818BF012101EB54149C42E2
:10F620004AD100212846FFF743FE04460028DFD1D7
:10F63000A968E20018F8043024F00300013402F055
:10F640001802A74203FA02F20B5843EA02030B50D6
:10F65000EFD805F10C00FFF701FF99F80030092BF6
:10F6600012D1FB006A68013BB3EB421F0CD2580970
:10F67000A968012203F01F0302FA03F351F82020C6
:10F6800022EA030241F82020012105F11800FFF7CA
:10F690000FFE04460028ABD14846FFF745FC012881
:10F6A0008146A5D198F80030C3B9012E9FD12846D4
:10F6B000BDE8F843FFF710BE2846FFF7CFFE002352
:10F6C000012221462846AB60C5E90023FFF72EFA48
:10F6D00004460028A5D08BE7134CDDE7042B1FD18F
:10F6E0007B000133B34282D13A4608F1010128463A
:10F6F000FFF740FF044600287FF47AAF791C3A46B2
:10F7000005F10C004144FFF735FF044600287FF463
:10F710006FAF494605F11800BDE8F843FFF7C8BDD3
:10F72000014C65E780B0FFFF80B1FFFF884270B5F4
:10F7300005460E4603D04C683CB9FFF78FFE00200B
:10F7400011E0B36853F8243013B9013C002CF8D110
:10F7500001346A683368A2422B6005D221462846EC
:10F76000FFF7E4F940B170BD121BA86800219200B8
:10F7700000EB840009F08AF8A200B168A86809F0DB
:10F7800077F8DCE738B504460D46FFF7CFFF70B9D0
:10F7900005F10C0104F10C00FFF7C8FF38B905F1C1
:10F7A000180104F11800BDE83840FFF7BFBF38BDAD
:10F7B0002DE9F04F002389B0174688424FF001022F
:10F7C0008146884607930493CDE90523CDE90223BA
:10F7D00006D105A8FFF7AAFF064690BB0DF1140855
:10F7E000B94506D1494602A8FFF7A0FF064640BB2F
:10F7F00002AFD8F804A0BAF1000F2CD17C68ACBBE2
:10F800000AEB04014846FFF791F90646C8B90146DC
:10F810004846FFF74DFD064698B96FF00F034FEAD3
:10F820001A1B04F1FF3C03FB0BABABF10803019384
:10F83000BCF1FF3F23D1D8F800203B685343C9F8FF
:10F84000003002A8FFF70AFE05A8FFF707FE3046C2
:10F8500009B0BDE8F08FD8F8083003EB8A0353F8FD
:10F86000043C002BCAD10AF1FF3AC4E7BB6803EBA2
:10F87000840353F8043C002BC2D1013CBFE7BA68B3
:10F880000024D9F8083052F82CE05246D8F8085035
:10F8900003EB8C030F2A48D8BBF1070F40F2B78067
:10F8A00055F8040B1968EEFB601443F8041B55F877
:10F8B000040B1968EEFB601443F8041B55F8040BA5
:10F8C0001968EEFB601443F8041B55F8040B196823
:10F8D000EEFB601443F8041B55F8040B1968EEFBAB
:10F8E000601443F8041B55F8040B1968EEFB601410
:10F8F00043F8041B55F8040B1968EEFB601443F839
:10F90000041B55F8040B1968EEFB601443F8041B44
:10F91000019A002A7DD11A68141943F8044B4FF05C
:10F920000104F8D20CF1FF3C82E7103A55F8040BC1
:10F930001968EEFB601443F8041B55F8040B1968B2
:10F94000EEFB601443F8041B55F8040B1968EEFB3A
:10F95000601443F8041B55F8040B1968EEFB60149F
:10F9600043F8041B55F8040B1968EEFB601443F8C8
:10F97000041B55F8040B1968EEFB601443F8041BD4
:10F9800055F8040B1968EEFB601443F8041B55F896
:10F99000040B1968EEFB601443F8041B55F8040BC4
:10F9A0001968EEFB601443F8041B55F8040B196842
:10F9B000EEFB601443F8041B55F8040B1968EEFBCA
:10F9C000601443F8041B55F8040B1968EEFB60142F
:10F9D00043F8041B55F8040B1968EEFB601443F858
:10F9E000041B55F8040B1968EEFB601443F8041B64
:10F9F00055F8040B1968EEFB601443F8041B55F826
:10FA0000040B1968EEFB601443F8041B42E75A46E6
:10FA10007FE7013A55F8040B1968EEFB601443F8D0
:10FA2000041B76E71FB50123009201AACDF80CD084
:10FA3000CDE90133FFF7BCFE05B05DF804FB2DE90D
:10FA4000FF411646002301220546B0420F460393AC
:10FA5000CDE9012306D1014601A8FFF767FE044660
:10FA600020BB01AEBD421AD101232B60D6E901377C
:10FA70001BBBAA680024161F2046984225D1ACB1B2
:10FA80004FF0FF30696899423AD952F8231099B380
:10FA900052F823100024013942F8231006E03946B9
:10FAA0002846FFF743FE04460028DDD001A8FFF7F3
:10FAB000D5FC204604B0BDE8F08107EB830252F884
:10FAC000042C002AD5D1013BD2E756F804EFAEEB67
:10FAD0000401316057F820C001306145A1EB0C01F1
:10FAE0002CBF4FF000084FF001083160A6452CBF35
:10FAF000444608F10104C0E742F823000133C1E79E
:10FB0000C6D16FF00904D1E730B58FB009230122C7
:10FB10000021044605A88DF803100490CDE90223C6
:10FB2000242208F0B3FE10212046FEF7FFFF054611
:10FB3000002840F02982A36801A81A68196A019276
:10FB40000DF10302FDF79FF9A3680DF1030201A86F
:10FB5000596AFDF798F9A3680DF1030201A8D96A63
:10FB6000FDF786F9A3680DF1030201A8196BFDF7F3
:10FB70007FF9A3680DF1030201A8596BFDF778F92D
:10FB8000A3680DF1030201A8996BFDF771F9019AC1
:10FB9000A3681A600DF103029DF903105B68002948
:10FBA0008DF80350019380F2F281494201A8FDF7DC
:10FBB0005FF9A3680DF1030201A8596AFDF763F923
:10FBC000A3680DF1030201A8996AFDF75CF9A36827
:10FBD0000DF1030201A8196BFDF74AF9A3680DF1B5
:10FBE000030201A8596BFDF743F9A3680DF1030265
:10FBF00001A8996BFDF73CF9A3680DF1030201A878
:10FC0000D96BFDF735F9019AA3689DF903105A6085
:10FC10000DF103029B680193002399428DF8033094
:10FC200080F2B981494201A8FDF722F9A3680DF1DC
:10FC3000030201A8996AFDF726F9A3680DF10302F2
:10FC400001A8D96AFDF71FF9A3680DF1030201A805
:10FC5000596BFDF70DF9A3680DF1030201A8996B2B
:10FC6000FDF706F9A3680DF1030201A8D96BFDF7B2
:10FC7000FFF8019AA3689DF903109A600DF1030241
:10FC8000DB680193002399428DF8033080F287816D
:10FC9000494201A8FDF7ECF8A3680DF1030201A8A1
:10FCA000D96AFDF7F0F8A3680DF1030201A8D96A3B
:10FCB000FDF7E9F8A3680DF1030201A8196BFDF740
:10FCC000E2F8A3680DF1030201A8196BFDF7DBF858
:10FCD000A3680DF1030201A8596BFDF7D4F8A368DE
:10FCE0000DF1030201A8D96BFDF7C2F8A3680DF16D
:10FCF000030201A8196AFDF7BBF8A3680DF103021E
:10FD000001A8596AFDF7B4F8019AA3689DF9031098
:10FD1000DA600DF103021B690193002399428DF80B
:10FD2000033080F24081494201A8FDF7A1F8A368A1
:10FD30000DF1030201A8196BFDF7A5F8A3680DF1F9
:10FD4000030201A8196BFDF79EF8A3680DF10302E9
:10FD500001A8596BFDF797F8A3680DF1030201A8FC
:10FD6000596BFDF790F8A3680DF1030201A8996B98
:10FD7000FDF789F8A3680DF1030201A8596AFDF7A0
:10FD800077F8A3680DF1030201A8996AFDF770F8EE
:10FD9000019AA3689DF903101A610DF103025B69D2
:10FDA0000193002399428DF8033080F2008149428B
:10FDB00001A8FDF75DF8A3680DF1030201A8596BD6
:10FDC000FDF761F8A3680DF1030201A8596BFDF777
:10FDD0005AF8A3680DF1030201A8996BFDF753F8D7
:10FDE000A3680DF1030201A8996BFDF74CF8A36815
:10FDF0000DF1030201A8D96BFDF745F8A3680DF1D9
:10FE0000030201A8996AFDF733F8A3680DF1030214
:10FE100001A8D96AFDF72CF8019AA3689DF903108F
:10FE20005A610DF103029B690193002399428DF8F9
:10FE3000033080F2C080494201A8FDF719F8A36899
:10FE40000DF1030201A8996BFDF71DF8A3680DF1F0
:10FE5000030201A8996BFDF716F8A3680DF10302E0
:10FE600001A8D96BFDF70FF8A3680DF1030201A8F3
:10FE7000D96BFDF708F8A3680DF1030201A8996B8F
:10FE8000FDF701F8A3680DF1030201A8596BFCF717
:10FE9000FAFFA3680DF1030201A8196AFCF7E8FF55
:10FEA000A3680DF1030201A8596AFCF7E1FF019A6A
:10FEB000A3689DF903109A610DF10302DB690193B8
:10FEC000002399428DF8033079DA494201A8FCF702
:10FED000CFFFA3680DF1030201A8D96BFCF7D3FF94
:10FEE000A3680DF1030201A8D96BFCF7CCFFA3684E
:10FEF0000DF1030201A8D96BFCF7C5FFA3680DF152
:10FF0000030201A8196AFCF7BEFFA3680DF1030202
:10FF100001A8996AFCF7ACFFA3680DF1030201A8E0
:10FF2000D96AFCF7A5FFA3680DF1030201A8196BBC
:10FF3000FCF79EFFA3680DF1030201A8596BFCF7C3
:10FF400097FF019BA1689DF90320CB6122EAE27330
:10FF50000B6200230193082301336068984232D872
:10FF6000002A11DA039B52420499204603F1804390
:10FF7000013B41F82320224602A9FFF760FD054618
:10FF800010B94FF0FF33236028460FB030BD01A8F1
:10FF9000FCF779FF0DE601A8FCF775FF46E601A81E
:10FFA000FCF771FF78E601A8FCF76DFFBFE601A83A
:10FFB000FCF769FFFFE601A8FCF765FF3FE701A832
:10FFC000FCF761FF85E7019841F82300C4E738B5E5
:10FFD0000C46051D29462046FEF7B0FF002801DA31
:10FFE000002006E02A4621462046FFF728FD00288B
:10FFF000F0D038BD90422DE9F04107460D46164637
:020000040801F1
:1000000002D0884229D1354601236E683B6066BB29
:1000100031463846FEF78AFD044618BBA9680546F6
:10002000BB6886422AD103EB8603DDB17A6806F10C
:100030000108B24208D841463846FEF777FD00284D
:100040002FD1BB6803EB86031A684646551943F85F
:10005000045B2CBF01250025E7E7FFF767FB04469B
:100060000028D0D02046BDE8F081AB6803EB8603C2
:1000700053F8043C002BCBD1013EC8E753F82020B5
:1000800012EB050C51F820202CBF012500251CEB9C
:10009000020243F820202CBF012200220130154427
:1000A000BFE70446DEE7F8B50D68044613680F465F
:1000B00016466B43002B16DD11463846FCF7EEFE64
:1000C000002806DB324639462046FFF7B8FC40B12F
:1000D000F8BD3A4631462046FFF7B1FC0028F7D17B
:1000E0006D422560F4E7FFF785FFF0E77FB5002359
:1000F00001F10C0516460122011D01A80393CDE96B
:1001000001232A46FFF7CFFF044668B90146284677
:10011000FEF757FF01A900280CBF002206F00102DC
:100120002846FFF765F9044601A8FFF797F920462E
:1001300004B070BD2DE9F74F9DF8308006460D469E
:100140001F46C8F3450902F10C044FF0000B01F102
:100150000C0ABB4508D14FEAD8122946304603B0F5
:10016000BDE8F04FFFF7C2BF5FFA8BF2A4F10C01BC
:100170002846A2EB09035A425A410192FFF738F987
:1001800048B92146019A50460BF1010B2434FFF780
:100190002FF90028DDD003B0BDE8F08FF8B50D6869
:1001A000044613680F4616466B4316D5114638466B
:1001B000FCF774FE002806DB324639462046FFF77E
:1001C0003EFC40B1F8BD3A4631462046FFF737FCC9
:1001D0000028F7D16D422560F4E7FFF70BFFF0E749
:1001E00038B50C46054611461A462046FFF7D6FF9D
:1001F00028B921462846BDE83840FFF7E8BE38BD9B
:1002000070B50C46064611461A462046FFF74BFFCE
:10021000054680B904362368002B0CDA00212046FD
:10022000FEF7CFFE30B1324621462046FFF7B6FF3B
:100230000028F0D00546284670BD2DE9F04F06464F
:100240009BB08946104600219046FEF7BAFE002872
:10025000C0F29B8105D16FF00B0420461BB0BDE8B6
:10026000F08F00230125414648461495CDE90853F7
:10027000CDE90A35CDE90C33CDE90E53CDE9103582
:10028000CDE912330323159317AB1693FCF706FE43
:10029000002817DA36B149463046FFF747FA0446D8
:1002A000002846D100213046FEF78BFE0028C0F220
:1002B0005B8141463046FEF741FE002880F25B81BB
:1002C0000024CAE7494608A8FFF730FA044680BB75
:1002D00041460BA8FFF72AFA044650BBD9F8041090
:1002E0000EA80B9502310895FEF720FC044600BBD2
:1002F00001460EA8FEF7DCFF0446D0B9022111A882
:10030000FEF714FC0446A0B90BA8FEF7DBFE00F0D4
:100310001F001F2820D0C0F11F0708A83946FEF78C
:1003200025FF044628B939460BA8FEF71FFF0446EF
:1003300098B108A8FFF792F80BA8FFF78FF80EA85E
:10034000FFF78CF811A8FFF789F80C2117A8FDF723
:1003500075FF002CA6D080E72746099D0BA8DDF885
:1003600030B0A5EB0B034FEA431A01935146FEF759
:10037000FDFE04460028DCD1019B9B000BA908A8C8
:100380000193FEF7DBFD0028019B36DA51460BA8EE
:10039000FEF7B6FF04460028CBD10BF1FF3305F181
:1003A000FF3A05F1804501939B00013D03930BF15A
:1003B0008043A5EB0B05023BAD009B000793019B1F
:1003C000534529D3002EB4D0394608A8FEF798FF2C
:1003D00088B9D9F8003008A930460893FFF7A6F984
:1003E0000146002840F0BE803046FEF7EAFD0028B6
:1003F0009FD10123336004469BE710990193CA58AB
:100400000132CA5008A90BAA0846FFF74CFE019B0F
:1004100004460028B2D08CE7DDF828B04FEA8A0302
:10042000039A04930BEB8A035BF82A1006930D9B47
:100430009A58049B9142A3F104030593109B03EB8C
:100440000500029075D34FF0FF325A51BAF1010FF7
:10045000029A16BF069B002353F8083C1793059B8E
:100460005BF803301893049B5BF803301993029BED
:100470001B6801331360109A002111A85359013BE6
:100480005351FEF715FF0028B5D1019B0D9A002BA3
:1004900066D0079BD158139B19600399525811A934
:1004A0005A600846109B5A59FFF7BCFA0028A2D19F
:1004B00014A911A8FEF742FD0028DCDC109B0BA953
:1004C00011A85A59FFF7AEFA002894D14FEAC50B8C
:1004D00011A85946FEF74AFE00288CD108A911AA96
:1004E0000846FFF7E0FD014600283BD108A8FEF7CB
:1004F00068FD002819DA0BA911A8FFF717F90028E1
:100500007FF479AF594611A8FEF730FE00287FF43A
:1005100072AF08A911AA0846FFF740FE00287FF431
:100520006AAF109A5359013B53510AF1FF3A043D07
:1005300045E7059B5BF803007AB100230AF082F8D7
:100540000B46002102464FF0FF30994208BF90420F
:1005500000D20246029B1A6078E74FF0FF32F9E7BB
:10056000019998E70C46E4E6424631463046FFF7EB
:1005700015FE0446EDE6424631463046FFF793FD50
:10058000044600283FF495AE67E66FF0090464E680
:10059000F8B50C46064611461A462046FFF708F9FC
:1005A000054650BB776E37B9321D21462046BDE85F
:1005B000F840FFF742BE2368002B04DA01462046CC
:1005C000FEF7FFFC60BB2046FEF77CFDB36DB0EB91
:1005D000430F25D82046B847054670B9043623682E
:1005E000002B04DA00212046FEF7EBFC38B9314637
:1005F0002046FEF7A3FC00280ADA2846F8BD32465A
:1006000021462046FFF7CAFD0028E8D00546F4E75A
:10061000324621462046FFF712FA0028E7D0F5E7D8
:10062000004DEAE780B0FFFF2DE9F0430E468BB0A6
:100630000546012106F11800FEF7C3FC0446002818
:1006400040F099802846FEF76FFC022807460FD13C
:100650003046FEF737FDEB6D07300733C008B0EBCF
:10066000D30F474B88BF1C4620460BB0BDE8F08334
:10067000012840F0828021463046FEF7A2FC002887
:1006800079DB06F10C0921464846FEF79AFC002862
:1006900071DB05F1040830464146FEF74FFC0028A7
:1006A00069DA41464846FEF749FC002863DA4B46C2
:1006B0004A4601A92846CDE90174CDE90347CDE9B1
:1006C0000544FFF765FF044600284DD13346324606
:1006D00004A92846FFF75CFF0446002844D1AB6913
:1006E000002B37D1032304A907AACDF824D0009307
:1006F00001230846CDE90733FFF7D5FC044600285F
:1007000032D1049B002B19DB04AA3346284611463C
:10071000FFF73EFF044638BB04AA05F11C03284638
:100720001146FFF75DFD0446F0B904A901A8FEF7E4
:1007300005FC134B041E18BF1C4615E0002104A83D
:10074000FEF73FFC0028DFD004A942460846FFF729
:1007500025FDD3E704AA05F1100328461146FFF74B
:100760003FFD04460028CFD001A8FEF777FE04A87D
:10077000FEF774FE78E7024C76E7024C74E700BFA0
:1007800080B3FFFF80B0FFFF2DE9F04F876D85B08C
:1007900091469A4607370023012206460D46FF0878
:1007A0004FF00C0800F1040B0393CDE901235346ED
:1007B0004A46394601A8FEF7A7FE0446F0B9594655
:1007C00001A8FEF7BBFB00281FDAB8F1010821D011
:1007D000012101A8FEF7F5FB0028E8DD01AB2A4660
:1007E00029463046FFF7D4FE044638B905F1180211
:1007F00001AB30461146FFF7CBFE044601A8FEF7D9
:100800002DFE204605B0BDE8F08F012101A8FEF7BE
:1008100077FDD2E7004CF1E700B3FFFF2DE9F04F81
:10082000876D87B091469A46073700230122054617
:100830000E46FF084FF00C0800F1040B05930293DD
:10084000CDE90323CDE9002353464A46394603A8A0
:10085000FEF75AFE0446B8BB594603A8FEF76EFBE6
:1008600000283BDAB8F101083DD0012103A8FEF7CA
:10087000A8FB0028E8DD06F1180203AB2846114664
:10088000FFF786FE0446F8B903AB694628461A46C8
:10089000FFF77EFE0446B8B96B463246314628461D
:1008A000FFF776FE044678B903AB6A4669462846E8
:1008B000FFF76EFE044638B906F10C026B46284677
:1008C0001146FFF765FE044603A8FEF7C7FD68461C
:1008D000FEF7C4FD204607B0BDE8F08F012103A854
:1008E000FEF70EFDB6E7014CEEE700BF00B3FFFFD9
:1008F0002DE9F04100238CB00D4601210B930646F3
:100900000893174605930293CDE90913CDE9061321
:10091000CDE90313CDE900138369002B40F0DD809E
:1009200002F1180306A91A46FFF732FE0446002812
:1009300040F0C38006AB3A4603A93046FFF750FCAF
:100940000446002840F0B98006AB3A466946304676
:10095000FFF756FC0446002840F0AF806B4603AA20
:1009600006A93046FFF714FE0446002840F0A58093
:10097000032206A909A8FFF755F80446002840F00D
:100980009C8006F10408414609A8FEF7D7FA002822
:1009900080F28A8007F10C0803A93046434642469C
:1009A000FFF7F6FD0446002840F0878003A9304693
:1009B000F2F760F9044600287FD103AB3A4606A956
:1009C0003046FFF7E5FD0446002876D106A93046FB
:1009D000F2F750F9044600286FD103AB6946304660
:1009E0001A46FFF7D5FD0446002866D16946304611
:1009F000F2F740F9044600285FD109AB03A930465D
:100A00001A46FFF7C5FD0446002856D103AA06ABD7
:100A100030461146FFF7F4FB044600284DD103AAE7
:100A200006AB30461146FFF7EBFB0446002844D1E5
:100A300006AA03AB30461146FFF7E2FB0446002846
:100A40003BD106AA09AB30461146FFF7A1FD04468B
:100A500098BB06AA6B4630461146FFF7D1FB044609
:100A600058BB07F11803424669463046FFF790FD30
:100A7000044610BB69463046F2F7FCF80446E0B97C
:100A800003A92846FEF752FE0446B0B906A905F1AF
:100A90000C00FEF74BFE044678B9694605F11800D4
:100AA000FEF744FE044608E009A942460846FEF760
:100AB000C6FF044600283FF466AF09A8FEF7CEFC47
:100AC00006A8FEF7CBFC03A8FEF7C8FC6846FEF7B5
:100AD000C5FC20460CB0BDE8F081134606A9FFF71F
:100AE00057FD04460028E8D1032206A909A8FEF70D
:100AF00099FF04460028E0D106F10408414609A800
:100B0000FEF71CFA00282FDA06F1100800214046F3
:100B1000FEF757FA00283FF43DAF07F1180306A986
:100B200030461A46FFF734FD04460028C5D106AB0F
:100B300003A930461A46FFF72BFD04460028BCD116
:100B4000434603AA06A93046FFF722FD04460028C3
:100B5000B3D109AA06AB30461146FFF741FB044664
:100B600000283FF417AFA8E709A942460846FEF758
:100B700066FF04460028C1D09FE700002DE9F0433E
:100B800002F1180997B006460D46484600219046E6
:100B90001F46FEF716FA40B939462846FEF7F2FD21
:100BA0000446204617B0BDE8F0833B6A7BB107F1ED
:100BB000180400212046FEF704FA08B94146ECE784
:100BC00001212046FEF7FDF9002840F0FF800023B8
:100BD000012213A93046159312930F930C93099396
:100BE00006930393CDE91323CDE91023CDE90D231B
:100BF000CDE90A23CDE90723CDE90423CDE901237B
:100C00004B464A46FFF7C4FC044600283AD14B46FF
:100C100013AA10A93046FFF7BBFC044690BB13AAE9
:100C20003B4630461146FFF7B3FC044650BB10AAC2
:100C300007F10C0330461146FFF7AAFC044608BB37
:100C400013AA434630461146FFF7DAFA0446C8B9FC
:100C500010AA08F10C0730463B461146FFF7D0FAC0
:100C6000044678B9014613A8FEF7ABF920BB21462C
:100C700010A8FEF7A6F9D8B9424629463046FFF734
:100C800037FE044613A8FEF7E9FB10A8FEF7E6FBC3
:100C90000DA8FEF7E3FB0AA8FEF7E0FB07A8FEF7A6
:100CA000DDFB04A8FEF7DAFB01A8FEF7D7FB78E727
:100CB0002846FEF711FBE4E713AB4A4601A930468C
:100CC000FFF766FC04460028DCD113AB0DA93046C3
:100CD0001A46FFF75DFC04460028D3D113AB0DAADA
:100CE0000AA93046FFF754FC04460028CAD10DAAD1
:100CF000434630461146FFF74BFC04460028C1D15D
:100D00000DA913A8FEF712FD04460028BAD113A9B5
:100D10003046F1F7AFFF04460028B3D110AB07A966
:100D200030461A46FFF734FC04460028AAD107AA29
:100D300013AB30461146FFF763FA04460028A1D1F1
:100D400007AA0AAB30461146FFF75AFA04460028B4
:100D500098D10DAA07AB30461146FFF751FA044669
:100D600000288FD10DAA10AB30461146FFF710FCBA
:100D70000446002886D10AAA3B4630461146FFF7B2
:100D800007FC044600287FF47DAF0AAB0DAA04A936
:100D90003046FFF735FA044600287FF473AF07A901
:100DA0002846FEF7C3FC044600287FF46BAF04A975
:100DB00005F10C00FEF7BAFC044600287FF462AF90
:100DC00001A905F11800FEF7B1FC5AE7004CE8E66E
:100DD00080B0FFFF2DE9F0430646A3B00F46104652
:100DE00001211546FEF7EDF8002840F3C4810023E9
:100DF0004FF0010939461CA81893159312930F93CD
:100E00001B930C93099306930393CDE91693CDE9B5
:100E10001393CDE91093CDE90D93CDE91993CDE965
:100E20000A93CDE90793CDE90493CDE90193CDE988
:100E30001C93CDE91E39CDE92033FEF777FC04463B
:100E400000285AD129461FA8FEF770FC0446002846
:100E500053D11CA8FCF755F880461FA8FCF751F8A1
:100E6000804528BF80461CA84146FEF749FA044643
:100E7000002842D141461FA8FEF742FA0446002846
:100E80003BD1CDF87C90CDF8709000211CA8FEF7E6
:100E900098F858B941461FA8FEF768F9044660BBA8
:100EA0001FA919A8FEF742FC044626E01CA8FCF77F
:100EB00028F801461CA8FEF723FA0446E8B91FA843
:100EC000FCF71FF801461FA8FEF71AFA0446A0B95E
:100ED0001FA91CA8FEF732F80028C0F29C801CA9AC
:100EE0001FAA0846FEF7ABFD044630B901211CA835
:100EF000FEF706FA04460028C7D01CA8FEF7AEFA93
:100F00001FA8FEF7ABFA002C40F0A680012119A81B
:100F1000FEF757F8002840F02B812A46394616A8DC
:100F2000FFF78BF90446002840F0968016A913A815
:100F3000FEF7FCFB0446002840F08E8029460AA8F4
:100F4000FEF7F4FB0446002840F08680294607A8F7
:100F5000FEF7ECFB044600287ED1012110A8FEF725
:100F6000A7F90446002877D101460DA8FEF7A0F99D
:100F70000446002870D1014604A8FEF799F90446FA
:100F8000002869D1012101A8FEF792F90446002842
:100F900062D1159B1B68D80749D5099B1B68DB07E5
:100FA00040F18F8007A913A8FDF7C8FF0028C0F201
:100FB000B88013A907AA0846FFF775F80446002869
:100FC0004AD110A904AA0846FFF76DF80446002884
:100FD00042D101AA0DA90846FFF765F8044600288A
:100FE0003AD1002113A8FDF7ECFF0028D1D1002150
:100FF00004A8FDF7E6FF0028C0F2A680294604A851
:10100000FDF79CFF002880F2A98004A93046FEF776
:101010008DFB044620E01FA91CAA0846FEF70FFD21
:10102000044600287FF469AF01211FA860E7012171
:1010300013A8FEF765F9044670B9129B1B68DF0719
:1010400029D40F9B1B68DC0725D4012110A8FEF7CB
:1010500057F9044600282FD016A8FEF7FFF913A869
:10106000FEF7FCF910A8FEF7F9F90DA8FEF7F6F95E
:1010700019A8FEF7F3F90AA8FEF7F0F907A8FEF79A
:10108000EDF904A8FEF7EAF901A8FEF7E7F9204612
:1010900023B0BDE8F08310A90AAA0846FFF77EF83E
:1010A00004460028D8D10DA916AA0846FEF7FBFF72
:1010B00004460028C9D0CFE701210DA8FEF720F98A
:1010C00064E7012107A8FEF71BF904460028C3D1F5
:1010D000069B1B68D90713D4039B1B68DA070FD440
:1010E000012104A8FEF70CF904460028B4D101211F
:1010F00001A8FEF705F9044600283FF44EAFABE720
:1011000004A90AAA0846FFF749F804460028A3D113
:1011100001A916AA0846FEF7C6FF04460028DFD03C
:101120009AE707A913AA0846FEF7BDFF0446002860
:1011300092D104A910AA0846FEF7B5FF044600287C
:101140008AD10DAA01A946E704A92A460846FFF755
:1011500025F8044600283FF44AAF7DE704A92A4653
:101160000846FEF7A0FF044600283FF447AF73E7A8
:101170006FF00D0470E76FF0030488E72DE9F0418C
:1011800001F1180588B00746884628460021FDF77A
:1011900018FF044600283BD0002301263A1D2946AB
:1011A00005A807930493CDE90563CDE90263FFF732
:1011B00011FE044630BB05AB02A938461A46FFF7BC
:1011C000E7F90446F0B902AB424641463846FFF71C
:1011D000DFF90446B0B908F10C0202AB38461146FB
:1011E0000192FFF7D5F9044660B9019A05AB38467C
:1011F0001146FFF7CDF9044620B931462846FEF7DF
:1012000057F8044605A8FEF729F902A8FEF726F9C3
:10121000204608B0BDE8F081012A2DE9F04F0646CE
:101220008DB00C46154607D80968FFF7A7FF824620
:1012300050460DB0BDE8F08F0C21104608F0CAFDF5
:101240000746002800F0B7804FF00C0881460246A0
:10125000012108FB05F800EB0803009300239360CD
:101260000098C2E900130C329042F8D138460B9333
:1012700008930593CDE90913CDE90613CDE90313CE
:1012800021681831FEF752FA824690BB04F1040B34
:1012900007F10C0104EB85045BF8043BA1F10C029F
:1012A000304601911833FFF773F9824608BB019964
:1012B0005C4501F10C01EFD1A8F10C01321D09A828
:1012C0003944FFF787FD824698B9013D4FF00C087D
:1012D000A7F10C0B15BB09A906A8FEF727FA824651
:1012E00038B906AB03A930461A46FFF751F98246D2
:1012F00038B309A8FEF7B2F806A8FEF7AFF803A8BE
:10130000FEF7ACF8484609F10C09FEF7A7F8009B78
:101310004B45F7D1384607F04FFA89E708FB05B38C
:1013200009AA06A93046FFF733F982460028E0D122
:1013300054F8043C09AA304618331146FFF728F93F
:10134000CDE754F8042C03AB30461146FFF720F9E3
:1013500082460028CDD154F8042C03AB30460C3221
:101360001146FFF715F982460028C2D154F8042C23
:1013700006AB30460C321146FFF70AF982460028C8
:10138000B7D1B16854F8040CFDF7FCFB8246002885
:10139000AFD154F8040CB1680C30FDF7F3FB824672
:1013A0000028A6D154F8040D1830FEF757F8002D88
:1013B0009FD0013D8EE7DFF804A039E780B2FFFF40
:1013C00070B404680E1B002E07DD26789E4208D1FB
:1013D0000134046070BCFBF7AEBD6FF05F0070BC01
:1013E00070476FF06100FAE72DE9F74390461F461A
:1013F00001AA302305468946FFF7E2FF0446F8B903
:101400002E68A9EB0609B9F1000F35DD01994246B6
:10141000337828460E4442F8043B06233146FFF752
:10142000CFFF044660B92A68D8F80410C8F808202D
:101430005318B3422B6007D10C213846FCF7FEFE4F
:10144000204603B0BDE8F083515C01333A4628469C
:1014500042F8041B31462B60FBF76DFD0446002863
:10146000EED12B687A68BB601344B3422B600CBF8B
:1014700004466FF06504E3E76FF05F04E0E737B51B
:101480000223154601AA0446FFF79AFF40B9019AC4
:1014900028462168FEF76EF82368019A13442360FA
:1014A00003B030BD2DE9F04F97B002931368209C34
:1014B0000F2B0193CDE90A0200F2F181219BB54D7A
:1014C0000B44B54EB54F0C93219B0C9A934207D118
:1014D0000B9B00201A46019B136017B0BDE8F08FEC
:1014E000019B83B1019B2199E35C11F8012B5340CF
:1014F000229A219102F8013B019B2292013303F0D1
:101500000F030193E0E70A9BDFF898C25A68029B39
:1015100019680E9113684B400E93029B59680F9106
:1015200053684B400F93029B9968109193684B400E
:101530001093029BD96802F11003303211910D9380
:1015400052F8243C4B4011930A9B1B685B10049398
:10155000013B059303932032DDE90E9ADDE9108308
:101560005FFA89F0190E55F820005FFA83FE56F8ED
:1015700021105FFA88FB55F82EE04840CAF3072196
:1015800055F82BB057F821104840C8F307415CF8D4
:101590002110484052F8401C4140C8B20690080E45
:1015A0000790C1F307400890C1F3072009904FEA64
:1015B0001860C8F3072856F820008EEA000EC9F319
:1015C000072057F820008EEA000ECAF307405CF8A7
:1015D00020008EEA000E4FEA1A605FFA8AFA56F887
:1015E000200055F82AA08BEA0000C3F3072BC3F3B1
:1015F000074357F82BB05CF8233080EA0B00C9F39F
:10160000074B4FEA19695CF82BB056F8299080EA2D
:101610000B008AEA090A57F828908AEA090A8AEA36
:10162000030A039B002B00F3BF80059B12914FEA36
:10163000431C049B002B0D9BD8BF4FF0000C634450
:101640005A689C468AEA020ACDF84CA09968414043
:1016500053481491DA688EEA020E4FEA1E62CDF802
:1016600054E010F80290069A10F802801A6988EA8D
:10167000020282EA0968CAF30722825C88EA022829
:10168000C1F30742825C88EA0248079A10F802B068
:101690005A69CDF8388082EA0B6B5FFA8AF2825C75
:1016A0008BEA020BC1F30722825C8BEA022BCEF39A
:1016B0000742825C8BEA024B089A10F802909A6902
:1016C000099B82EA0942CDF83CB05FFA81F9090E24
:1016D00010F8099082EA09024FEA1A6910F8099095
:1016E00082EA0962CEF307295FFA8EFE10F80990AC
:1016F00082EA0922109210F80390CAF30743DCF83B
:101700001CC0C35C8CEA092910F80EC089EA0C09D8
:1017100010F801C04FEA1821227289EA0C6984F896
:10172000008061704FEA184189EA034384F804B0ED
:10173000A1704FEA1B214FEA1369237361714FEACD
:101740001B414FEA18680EA8A171110A4FEA1B6BE2
:1017500084F803806172110C120E84F807B0A17234
:101760002021E2721A0A84F80F9062731A0C119306
:10177000A273FCF763FD029B03F1100212F8013D16
:101780000133DBB21370002B7FF4ACAE029B9A42A4
:10179000F4D1A7E60415022404210224041902242A
:1017A0003C040024041D0224129152F83C3C8AEAB5
:1017B0000309069BCDF84C9052F8381C4140149117
:1017C00052F8340C8EEA000055F823E015904FEAE9
:1017D000106852F8303C56F8288083EA0E0E079BBA
:1017E0008EEA080EC9F3072857F828808EEA080EFB
:1017F000C1F307485CF828808EEA080E5FFA89F882
:10180000CDF838E056F823E052F82C3C55F8288003
:1018100083EA0E0E089B8EEA080EC1F3072857F8DC
:1018200028808EEA080EC0F307485CF828808EEA0C
:10183000080E5CF82380CDF83CE05FFA81FE52F898
:10184000283C090E55F82EE08EEA080E4FEA19687A
:101850008EEA030E56F82880099B8EEA080EC0F324
:101860000728C0B257F828808EEA080ECDF840E06D
:1018700055F820E057F82300C9F307438EEA000E1D
:1018800052F8240C56F821108EEA000048405CF80B
:101890002310039B4840013B119003935BE66FF0DC
:1018A00020001AE6F0B5ADF6040D012300220DF577
:1018B0008060054613F080014DF8232040F8043B7A
:1018C00002F1010218BF1B2183EA4303B2F5807FB6
:1018D00083EA0103DBB2EDD136480123002213F085
:1018E000800102F1010240F8043B18BF1B210A2AC3
:1018F00081EA4303DBB2F2D163232F4C2F4801214D
:101900002370002380F863305DF82130C3F1FF03BA
:1019100055F823E04FEAEE1242EA4E025FFA82FCEB
:10192000C2F3C01242EA4C02D7B2C2F3C01242EA7A
:101930004702D6B2C2F3C01242EA4602D3B283EAE9
:101940000E0383EA0C037B40734083F0630363540C
:10195000C1540131B1F5807FD6D1DFF85CC0184F9A
:10196000184E194D194C1CF8012B12F0800F4FEA3C
:10197000024314BF1B20002043EA0223013980EAFE
:101980004200C0B282EA000283EA000343EA026333
:101990004FEA336247F8043B46F8042B4FEA3342E0
:1019A0004FEA332345F8042B44F8043BDBD10DF612
:1019B000040DF0BD3C0500243C0400240425022451
:1019C0000415022404190224041D02240421022403
:1019D00010B5FCF709FB012380F83F30836B1BB186
:1019E000064B4FF080625A60D0E90A23BDE81040F0
:1019F00012F57A7243F10003FBF70BBE00ED00E035
:101A000008B5EFF3058353B1124B1B689869FCF7D7
:101A100099FA4FF47A72002308F060FC08BDFBF7D6
:101A200037FDEFF305836BB10B4BD8680B4B1A688E
:101A30001860824281BF0A490A6801320A60FBF7D6
:101A400013FDEBE702F0FCFD0028EDD1DFF814C038
:101A500000DFEBE7282702241801002434270224A2
:101A600030270224753301082DE9F04F85B0EFF3DC
:101A70000583002B42D00020DFF848A1DAF80040AF
:101A8000FBF706FDD4E90C89FBF7EEFCA36BB8EB82
:101A9000030869EBE37918EB000449F10005FCF752
:101AA000A3FA4FF47A73A4FB036703FB05770020C6
:101AB000FBF78CFA002855D1DAF8003093F83D3066
:101AC000002B4FD16FF000434FF0FF329D4208BF13
:101AD0009442ECD0DAF800B09BF83C30002BE6D111
:101AE000594602A8FCF73DFADDE90223AB4208BFE4
:101AF000A2420BD301238BF83D30D8E702F0A0FDC2
:101B00000028B8D1DFF8C0C000DFB5E7FBF7C0FCA4
:101B1000DBE90C01FBF7A8FC231A4FF0010000934E
:101B200065EB01039BF840100193ABF83C00DBE947
:101B3000082316EB020C47EB030339B9DBF8182036
:101B4000116891F8201069BB8BF840004FF000023B
:101B50009BF840008BF83E2010B901208BF8400024
:101B600062462BE0DAF800402046FCF7C0FA00237A
:101B700094F84020A3870AB184F84030DAF80010C6
:101B800002A8FCF7EEF9029CEFF305833BB902F0E3
:101B900057FD20B9A4EB0800DFF830C000DF05B026
:101BA000BDE8F08FDDE90012002A08BF0529CDD37A
:101BB000BCF57A628BF83E0043F1FF335846FBF7E1
:101BC00028FD74E7282702243D3C0108D13701088D
:101BD0002DE9F34705460026674FFFF711FF85F80B
:101BE0002460FBF755FC6B6801A91B1A002B2B68BE
:101BF000D8BF686001931BB15A69121A002A3BDDF5
:101C00002B6003B11D610E60019911B12B89013365
:101C10002B81FBF729FC01A8002931D1019C05F19A
:101C200018094FF0010A002C37D1FFF7E9FEFBF746
:101C30002FFC2B68002B7ED05C69241A24EAE47404
:101C4000FBF712FCD5F83080EFF30583002B75D03D
:101C5000B8F1000F7DD1AB7A002B00F08A80FBF742
:101C600017FCAB7A002B00F082800023AB7202B02D
:101C7000BDE8F047FBF7F8BB03F108019B68BAE742
:101C80008C680B4600229A601A46DB68002BFAD15A
:101C9000026001F108002146BEE7236AD4F80880FB
:101CA00013B104F124009847A269002A0BDB636991
:101CB00013446361FFF7A4FE214602462846FCF761
:101CC000CFF94446AFE7EB6873B1A3420CD82B6A57
:101CD000A34209D3A3792A690133DBB213FA02F2D2
:101CE00014BFA37184F806A0E36913B104F12400C2
:101CF0009847EB6823B1A34202D82B6AA34201D2D2
:101D0000A671DEE7FBF7C4FB4846AB6983B11968EF
:101D10002268914208D30BD1E36003689B68A360FB
:101D20000460FBF7A1FBCCE703F108009B68EDE73B
:101D3000E6600368F3E74FF0FF3481E702F080FCD0
:101D40000246002884D1404601212346BC4600DFDC
:101D500081E798F80030F32B7FF47DAF002C7FF4FF
:101D60007AAF22460121404603F0D6F873E7FBF72D
:101D70007BFBFFF745FE34E7554F010838B50546B4
:101D8000046854B9FBF762F92C6824B92C1D20466D
:101D9000F9F74EF82C60FBF751F9204638BD0000EA
:101DA0002DE9F0418846002504462349C0E9005545
:101DB000404608F0C2F98044C4F8008023681A78CD
:101DC0002F2A1CD1013323601C48FFF7D7FFF8F7F7
:101DD0003BFE1B4B1E68D6B1B768B7B1384607F05B
:101DE00049FB854211D12A464146384608F0A8F8F9
:101DF00058B91248FFF7C2FFF8F706FE17E0002AAD
:101E0000E2D0013301352360D8E77668E3E7072D98
:101E1000EFD12A4641460B4808F092F80028E8D155
:101E20000648FFF7ABFFF8F7EFFD074B1E682046AB
:101E30006660BDE8F08100BFF7A60108D80600245F
:101E4000D4060024FAAD0108D82602242DE9FF4764
:101E50008A463F49054607F0FBFA044628B9FBF7D6
:101E6000F5FC204604B0BDE8F0873A49284607F063
:101E7000EFFA20B901200124FBF7E8FCF1E736492D
:101E8000284607F0E5FA20B902200224FBF7DEFC21
:101E9000E7E72B78402B02D1D5F80140E1E72F4E40
:101EA00003242F48B046FFF769FFF8F7CDFD56F839
:101EB0002490B9F1000F2AD00134402CF7D105F05D
:101EC00063FE182303602648FFF758FFF8F79CFDD0
:101ED0000AE002A8FBF7AAFF054640B905F054FE48
:101EE0001323036046F824504FF0FF34B9E703682A
:101EF00001A9029A9D682AF48033A8470546E8B1F3
:101F00006D4205F041FE056046F82490ECE74FF085
:101F1000FF37134846F82470FFF730FFF8F774FDD9
:101F2000294602A8CDF80490FFF73AFF039D002D43
:101F3000D4D02B7B002BCCD1043D0195019B094AC9
:101F400048F8243000231355074A135589E700BF8A
:101F50004CB3010853B3010844B301080C0000243A
:101F60008826022408260224482602241D4B70B528
:101F7000036004461C48FFF701FFF8F765FDA368FE
:101F80002BB11A4962680B68A34224D10A60184B2E
:101F900015481A68A24204BF00221A60FFF7EEFE3D
:101FA000F8F732FD257BA5B91248261FFFF7E6FE9C
:101FB000F8F74AFD104A402352F8041B8E4208BF2E
:101FC00042F8045C013BF7D10A48FFF7D7FEF8F767
:101FD0001BFD204670BD19465B68A342FBD14A60D9
:101FE000D5E700BF08AC0108D8060024D4060024B9
:101FF000D8260224882602240C00002410B50446AA
:10200000FFF7B4FF204606F0D7FB204610BD0000C6
:1020100008B50348FFF7B2FEBDE80840F8F7F4BC86
:10202000B026022408B50348FFF7A8FEBDE8084023
:10203000F8F70ABDB02602242DE9F0479DF820707C
:10204000054689469246022F98469DF8246022D87C
:10205000124BDB5DFBB1B6FBF3F403FB146414F02D
:10206000FF0418D1FFF7DEFF9DF82830284685F8D9
:10207000609085F865300B9B85F861A085F86280DB
:1020800085F8637085F86460C5F88830FFF7C0FF95
:102090002046BDE8F0874FF0FF30FAE70DAE0108AB
:1020A000274B10B504460360FFF7BCFF2549626863
:1020B000136823F0010313600023A36484F8453000
:1020C000214BD1F88C209A42FBD1204BB4F954001B
:1020D000DA6F42F48042DA67DA6F22F48042DA671C
:1020E0004FF44072CA6040F2C331D3F8D42022F4D6
:1020F0008042C3F8D420F3F759FCB4F9560040F2FB
:10210000C331F3F753FCB4F9580040F2C331F3F78D
:102110004DFCB4F95A0040F2C331F3F747FCB4F96F
:102120005C0040F2C331F3F741FC40F2C331B4F933
:102130005E00F3F73BFC2046FFF76AFF204610BD28
:102140001CB30108006402580003008000440258D8
:1021500010B50446FFF7A4FF204606F02DFB2046ED
:1021600010BD00002DE9F04F0D46164685B0F0F782
:102170006FFDAC1900F10060A042C0F01E8109D9CA
:102180002046F0F745FDB4FBF0F303FB10400028B8
:1021900040F0138190484FF00009DFF858B2FFF784
:1021A000EDFDF8F751FC002E00F0FE80B9F1000FB4
:1021B00040F0F88005F17843B5F1016F4FF0100A57
:1021C0004FEA5343019334BF01230223012B03F051
:1021D000010803F002070CBF4FF000634FF00163EA
:1021E0000293FBF7A3F9FBF77DF9BBF800304FF63C
:1021F000FD715A1E92B28A4297BF784A4FF002632D
:1022000002EA832303F100639D420ED2B5F1006F11
:102210000BD3734C734BD4F888209A42FBD1F4F75C
:10222000D9FD60B14FF44073A360FBF749F9FBF7A8
:102230006BF9BAF1010AD4D14FF0FF396BE0FBF72B
:1022400027F9BBF800204FF6FD71DFF8AC91531E63
:102250009BB28B4299F8143097BF634C4FF00164E6
:1022600004EA422404F10064A5422ABF2C1B019C0D
:10227000640C012B00F093800120002389F81400E6
:10228000C9F81830B8F1000F00F09D80F2F7BAFBE2
:10229000031E18BF0123002F00F099800220039332
:1022A000F2F7B0FB039B00283BD001200023C01AAB
:1022B00089F8143018BF0120C0F10009029B03EB1C
:1022C0004444BFF34F8F494B04F50032C3F87042CA
:1022D00020349442FAD1BFF34F8FBFF36F8FBFF317
:1022E0004F8FBFF36F8F0022C3F85022BFF34F8F81
:1022F000BFF36F8FFBF7B8F8F4F754FD002894D1C3
:10230000374B4FF440729A60B9F1000F8DD1FBF753
:10231000D7F8FBF7F9F82846F0F77AFC361A0544A7
:1023200041E7002BC1D1B8F1000F0AD0304AD36881
:1023300023F4E663D360D36843EA042343F0A403A1
:10234000D36077B12A4AD2F80C3123F4E663C2F89D
:102350000C31D2F80C3143EA042343F0A403C2F851
:102360000C31B8F1000F2BD00120F2F74BFB204AC3
:10237000D36823F4E06323F00403D3605FB1022049
:10238000F2F740FB1A4AD2F80C3123F4E06323F051
:102390000403C2F80C31002888D1002086E74FF0F2
:1023A000FF398BE74FF0FF390B48FFF7E7FCF8F7F1
:1023B0002BFB484605B0BDE8F08F4FF0FF39F8E73A
:1023C000002FEAD0DBE7002FE7D0434666E700287E
:1023D0007FF46BAFAAE700BFA414022400FC3F0007
:1023E000006402580003008000FE1F0000ED00E0C2
:1023F0000020005280E8F11F4C0B02242DE9F04F21
:1024000012F01F0487B082460F461646994640F0E8
:102410002681002900F02381F0F71AFC09EB06035E
:1024200000F10060834200F21A818E48DFF850B25A
:10243000FFF7A4FCF8F708FBB9F1000F00F00681E4
:10244000002C40F001813046F0F7E2FBB6FBF0F5DE
:1024500000FB1565451B4D4528BF4D46BB0701D107
:102460001F2D4BD8202DA8463946DAF8040028BF86
:102470004FF02008424606F0FBF91F2D07D8DAF886
:102480000400C8F12002FF21404406F0FFF9DAF809
:1024900004302025039310230293FBF747F8FBF742
:1024A00021F8714B19884FF6FD734A1E92B29A4279
:1024B00097BF6E4B4FF0026303EA812303F1006381
:1024C0009E4210D2B6F1006F0DD3694C694BD4F81F
:1024D00088209A42FBD1F4F77DFC002800F0AC8004
:1024E0004FF44073A360FAF7EBFFFBF70DF8029B84
:1024F000013B0293D1D14FF0FF3487E025F01F0557
:102500000397A846C7E7012B00F09B8002F17840B3
:102510000123B0F5801F8BF8143006D3A2F10163BC
:10252000B3F5801F80F0858002230020059204937C
:10253000CBF818001846F2F765FA059A20BB049B01
:102540004D48012B67D1C16841F00201C160BFF362
:102550006F8FBFF34F8F002001990958115004303D
:102560002028F9D10592BFF36F8FBFF34F8F184624
:102570000493F2F747FA049B059A012B3E4B51D185
:10258000D96821F00201D96000238BF814300028AB
:102590004FD1019B2032203301939BF814307019E6
:1025A000824203D2002CAED04FF0FF34002D11DD5B
:1025B00006F01F032B44BFF34F8F3048324633449D
:1025C000C0F870222032991A0029F9DCBFF34F8F2E
:1025D000BFF36F8FBFF34F8FBFF36F8F274B002277
:1025E000C3F85022BFF34F8FBFF36F8FF4F7DAFBBE
:1025F00000287FF478AF1E4B4FF440729A60002C95
:102600007FF471AFFAF75CFFFAF77EFFA9EB0809D8
:102610004644474410E7D0F80C1141F00201C0F8DD
:102620000C1194E7D3F80C1121F00201C3F80C113E
:10263000AAE74FF0FF34B0E7039B0446324601930C
:10264000ABE74FF0FF34ABE74FF0FF340548FFF73F
:1026500095FBF8F7D9F9204607B0BDE8F08F4FF0A9
:10266000FF34F8E7A414022480E8F11F00FC3F00C7
:1026700000640258000300800020005200ED00E0DA
:102680004C0B022410B504460B48FFF777FBF8F714
:10269000DBF9FAF74BFFFAF725FFFAF711FFFAF724
:1026A00033FF606808B106F087F80348FFF766FB60
:1026B000F8F7AAF9002010BDA414022410B50446AE
:1026C0001248FFF75BFBF8F7BFF9FAF72FFFFAF7AD
:1026D00009FF0F4B0F4AD3F888109142FBD14FF4FA
:1026E0008E010D4A51614FF440729A60FAF7E8FE8C
:1026F000FAF70AFF2020FAF759FE60600348FFF757
:102700003DFBF8F781F9002010BD00BFA41402249E
:10271000006402580003008000200052014B5869F9
:10272000704700BF1801002401230A4A90F92010C5
:1027300043701C32936810B51BB193F920408C4252
:1027400005DCC0E90232906003B1D86010BD1A46C2
:102750009B68F1E71801002490F82230826B13F097
:10276000100F0CBF602020201044704710B5C469C2
:10277000621CD0E904310CD103B1596142691AB12C
:1027800013610023436101E0074A13630023C3611F
:1027900010BD1BB1DA6959612244DA614269002A2D
:1027A000EED1014AD362F1E718010024C2682AB1D0
:1027B0008368936003B1DA600023C36070470378D5
:1027C000F12B00D07047C068F9E783689A6882608F
:1027D00002B1D06000221846DA60704738B51F4C4D
:1027E000237A022B35D1636A002B34D063694A1CEB
:1027F000587016D1226B002172B94FF0FF30C3E937
:102800000421D86159B10B611548FFF7DEFF02239F
:102810004370A061012038BD11461269ECE72363C3
:10282000F2E7E26A002012B1D569A9420BD2D96160
:10283000C3E9042058B10361002AE5D0D06953618F
:10284000411AD161E0E71046491B1269EBE7E362E8
:10285000F2E70020DFE71846DDE700BF180100249B
:102860003401002491F92020836810B51BB193F93D
:102870002040944205DAC1E90230816003B1D96099
:1028800010BD18469B68F1E70123014643700148DB
:10289000FFF7E8BF3401002470B5124D04462E7ACC
:1028A000696990B9022E0FD16C6A6CB194F920203D
:1028B00091F920309A4207DD2046FFF777FF08465E
:1028C000FFF732FF6670AC6170BD022E05D190F942
:1028D000202091F920309A42F1DC2046BDE870407A
:1028E000FFF7D2BF1801002438B504461546FFF79C
:1028F00033FF01602046FFF739FF1DB1BDE83840C6
:10290000FFF7CABFBDE83840FFF7BEBF10B50446A9
:10291000806918B100221146FFF7E6FF6378232B88
:1029200002BFA36800229A6110BD10B5014604469B
:1029300064B12378F12B07D00846FFF737FF204614
:10294000BDE81040FFF78EBFE468F1E710BD00005E
:1029500038B5254DEC6A002C45D0E369013BE361B5
:10296000002B40D16378732B06D009D8532B0BD0A2
:1029700003F0DF03432B29D12046FFF720FF25E09A
:1029800003F0EF03832BF6E72046FFF718FFC37829
:102990009B071BD5C06890F92120C36AD9788907A5
:1029A00009D599688C4208BFA16821B191F920101E
:1029B0008A42B8BF0A465B69002BEFD190F92030FC
:1029C000934203D080F82020FFF7AFFF2046FFF7A7
:1029D000EDFEFFF759FF246924B1E369002BC1D054
:1029E00000236361EC6238BD1801002410B5034672
:1029F00053E8000F084203D1BFF32F8F002005E0FA
:102A000020EA010243E8002404B1F1E710BD10B54B
:102A1000034653E8000F00EA01028A4203D0BFF3E5
:102A20002F8F002005E020EA010243E8002404B1D2
:102A3000EFE710BD10B543780446332B15D190F85D
:102A40002330416A03F001029B0708D428301AB1F1
:102A5000FFF7DDFF48B10BE0FFF7C8FFFAE7806A38
:102A600001EA000312B19942F4D010BD002BFCD052
:102A7000014600222046BDE81040FFF735BFD0E8F0
:102A80005F3F13B9BFF32F8F04E05A1EC0E8512FE8
:102A900001B1F4E798B2704710B5D0E85F3F5A1C17
:102AA000914200D80022C0E8542F04B1F5E798B253
:102AB00010BD10B5D0E85F3F994202D8BFF32F8F09
:102AC00004E05A1CC0E8542F04B1F3E798B210BDDB
:102AD00010B50446B8B10378F62B14D183683BB126
:102AE000FFF773FE01220021FFF7FEFE002010BD5C
:102AF000C1890C30FFF7DDFFE38983428CBF0020E2
:102B00006FF00200F3E76FF00300F0E7836810B5A1
:102B1000044663B10C30FFF7B2FF40B12046FFF727
:102B200054FE0022BDE810401146FFF7DDBE10BD87
:102B3000284B5A6970B50446002A41D0002842D07B
:102B40000378F52B3FD1037E002B3FD0C168914223
:102B50003CD1013BDBB2037613BB43690BB1016986
:102B600019612169F1B14B6192F92130D56ADDB962
:102B700082F82030A36883B12046FFF726FE064680
:102B80002A462946FFF7B0FEF36AC4E9036563618C
:102B900003B11C610123F46223760020FFF77CFE61
:102BA00000200FE0D362DFE7E978890706D5A9683E
:102BB00021B191F920108B42B8BF0B466D69D6E761
:102BC0004FF0FF3070BD6FF00300FBE76FF00200C5
:102BD000F8E700BF18010024224B70B55D69044678
:102BE0000E46002D35D0002836D00378F52B33D192
:102BF000037E53B9C0E90353EB6A436103B1186123
:102C00000123EC620020237670BDC278D10706D57F
:102C1000C168A94203D1FF2B21D00133F2E7F6B1FD
:102C200093070AD5E06895F9203090F920209A4260
:102C300003DA80F82030FFF778FE31465320FFF7A3
:102C4000CDFD18B129462046FFF70CFE6FF00100BC
:102C5000DAE74FF0FF30D7E76FF00300D4E76FF00B
:102C60000200D1E7180100242DE9F04104460026B6
:102C700001270CB9BDE8F081E378D4F814801B0774
:102C800012D5A36826767BB12046FFF79EFD002271
:102C900005461146FFF728FEEB6AC4E90356636157
:102CA00003B11C61EC6227764446E2E7034653E831
:102CB000000F421C43E8002101B1F8E77047036BA5
:102CC00030B4BBB1CD780024DA78AA420AD31A46D0
:102CD000C1E9012462B191607CB16160283030BCEF
:102CE000FFF7E4BF5A681C46002AF1D01346EBE711
:102CF000C162F1E7C1E90133C1620163EEE730B5BA
:102D0000F0B1C3688B421BD803698B4218D900F11C
:102D100014031A680A60BFF35F8F53E8002F0C6832
:102D20009442F6D143E8001505B1F2E7043050E8CB
:102D3000003F5A1E40E8002101B1F8E7002030BDF5
:102D40006FF00300FBE710B590B100F1140353E8F6
:102D5000004F14B9BFF32F8F04E0226843E800212D
:102D600001B1F4E714B10430FFF7A0FF204610BD15
:102D70000446FBE730B5C0B189B1C2B1CBB1002484
:102D80000160C3604361C0E9014202FB01F41D1907
:102D900005611846013904D1A21A9950012108464B
:102DA00030BD851805602846F4E70146F7E711466F
:102DB000F5E71946F3E730B580B1C9B1A1F10805CF
:102DC00000F108040022A54209D16B6823F0030436
:102DD00043681B1B43603AB96A60012030BD236819
:102DE00022463BB11C46EEE751F8083C1360F4E77D
:102DF0000846F3E71846F1E710B5C378044613F028
:102E0000010322D1038083789A0708D513F0100FAD
:102E1000016B134B0FD0D3F88400FFF770FFA3783A
:102E2000DB071CD50E4B2146D3F8880038B1BDE82E
:102E30001040FFF764BF586FFFF7BDFFEFE7D3F80F
:102E40008000BDE81040FFF7B6BF042343700023A5
:102E5000C360034B5A6B826002B1D0605C6310BDEB
:102E60001801002410B5044600283AD00378F12B4D
:102E700037D1437803F00F03022B06D0032B27D062
:102E8000012B22D06FF002001EE0174B1A7A022AA3
:102E9000F8D15B6A002BF5D0E06AFFF7E5FE20462B
:102EA000FFF734FD6178022917D11048FFF78DFC38
:102EB0000D4B41709861EFF30982A26300225A61C1
:102EC0002046FFF799FF002010BDFFF76FFCE3E7F6
:102ED000FFF76CFCFFF74AFCDEE70020FFF7DCFCA5
:102EE000EEE76FF00300EFE718010024340100243F
:102EF00070B50F4C267A022E18D1636AB3B165699A
:102F0000E86AFFF7B1FE2846FFF700FD04F11C0058
:102F1000FFF75BFC4670A061EFF30983AB6300230E
:102F200028466361BDE87040FFF766BF70BD00BF13
:102F30001801002470B5054638B30378F62B24D168
:102F4000836863B12846FFF740FC00226FF002015E
:102F5000FFF7CAFCA8680028F4D1FFF79DFCAB7806
:102F6000002613F001032E7012D00A4B2946D3F825
:102F7000984024B12046FFF7C2FE304670BDD3F81A
:102F80008000FFF718FF2046F8E76FF00300F5E731
:102F90001846F3E71801002470B50446002849D00C
:102FA0000378F52B46D1037EBBB16369C0680BB1D2
:102FB00022691A61226902B3536190F92120C36A20
:102FC000EBB990F92030934203D080F82020FFF72E
:102FD000ACFCA068F8B9FFF75FFCA078002610F001
:102FE0000100267008D0154B2146D3F89450DDB16E
:102FF0002846FFF784FE304670BDC362DDE7D9780E
:10300000890706D5996821B191F920108A42B8BF85
:103010000A465B69D4E72046FFF7D7FB00226FF032
:103020000201FFF761FCD4E7D3F88000FFF7C3FE8D
:103030002846E1E76FF00300DEE700BF1801002437
:10304000F0B568B381B10F3100F1080621F0070730
:10305000334636685C68F11A24F00304091B8F427A
:1030600004D931680029F3D10846F0BD45683A43D8
:1030700004683D444560204450F8041C08388D42E3
:1030800088BF4560586818B903F108015A60EBE73A
:1030900020F0030019181E504A6019600831E3E758
:1030A0000146E1E72DE9F04F85B08146029120B954
:1030B0000024204605B0BDE8F08F002A00F086808D
:1030C0009468B4B1A007F3D1D368432BF0D99769C2
:1030D000D2E904658EB17107EAD1002DE8D077B945
:1030E00018276B07E4D1A5F14801574B99420BD93A
:1030F000DEE7D368002BEAD0DAE7002F64D07B1E2E
:10310000372BD5D8002DECD1D2E900A30193002CA8
:1031100069D14E4BD3F8880000285DD0FFF713FE2D
:1031200004460028C4D04FF00108A6B9DFF81CB14E
:10313000002D71D1DBF88400002857D0FFF703FE83
:10314000002870D048F0100806464FF4805548F02B
:103150000208002CACD040F2F113FD226563403D23
:1031600023807FB2019B35446284E3700023384A98
:1031700084F80280C4F804A084F8207084F82170D8
:10318000C4E90E59C4E90233C4E90433C4E906337F
:10319000C4E90933C4E90B363260A26B114602F16F
:1031A000340042F8043B8242FBD12A4B20462A4A93
:1031B000C1E90D394FF08073CB63029B0B62234B47
:1031C0001A66FFF769FB74E718279BE792461646D5
:1031D0001827154601929CE701224421D3F880006C
:1031E000FFF72EFF9CE74FF000089EE72A464FF4BA
:1031F00080554FF48051DBF87400FFF721FFF8B9D8
:10320000B8F1000F1ED0DBF888207AB121461046B5
:103210000024FFF774FD9AE732462946DBF8740074
:10322000FFF70EFFEBE74FF48055E9E72146DBF8A7
:1032300080000392FFF7BFFD039A1446164686E707
:10324000064684E7444682E7B7FFFF7F1801002463
:10325000A52E5AE259460108352A010870B54FF6E5
:10326000FE731446421E05460E469A4201D90020BE
:1032700070BD8842FBD3CCB1A068226890B110F039
:103280000303F4D1E1680F29F1D91446F6228370C3
:1032900000234460027083600D4A0E4B8681C58115
:1032A0009A66E5E7E368002BE1D11446094BD3F8B1
:1032B000980028B1FFF747FD0028D8D00123E5E7A3
:1032C00001221021D3F88000FFF7BAFEF4E700BF17
:1032D0000D2B01081801002438B5034660B3D0E96E
:1032E00000458068A0B110F0030201D0002038BD75
:1032F000DB681B2BFAD91346F52283700023C570B7
:10330000027044600376C0E90233C0E90433EEE79B
:10331000DB68002BEAD10A4BD3F8940030B90122C4
:103320001C21D3F88000FFF78BFE01E0FFF70BFDB7
:103330000028DBD00123DFE704460546EBE700BFAA
:103340001801002410B598B140EA010313F00703F7
:103350000ED117290AD90160083910220C184260D1
:1033600084600B5081684A60C3600123184610BD19
:103370000023FBE7014BD868704700BF1801002409
:1033800038B51C4C257A012D28D07DBB1A4B294617
:103390002846E3651023A4F8543005232364FFF77F
:1033A000D1FF08B1C4F8805000210846FFF7CAFFDA
:1033B000B0B9D4F88030002163670846FFF7C2FF38
:1033C00080B9D4F880300021A3670846FFF7BAFF20
:1033D00050B9D4F88030E36701232372002038BD50
:1033E0000023E8E70023EEE70023F4E74FF0FF3087
:1033F000F5E700BF1801002468430224064BDA6A8F
:103400003AB1D0695B6C1BB11B69984228BF184662
:1034100070474FF0FF30F5E71801002410B504465F
:10342000D0B10268806898B110F0030301D0002089
:1034300010BDE1680F29FAD91446F32283700023E6
:10344000446002700D4AC0E902330D4B5A66EFE743
:10345000E368002BEBD11446094BD3F8900028B158
:10346000FFF771FC0028E2D00123E6E701221021DA
:10347000D3F88000FFF7E4FDF4E700BF0F50010828
:1034800018010024014608B538B11320FFF7A6F94A
:1034900080F00100C0B2404208BD6FF00300FBE7BE
:1034A00000F07B43B3F1005F0ED000F07743B3F13F
:1034B000405F09D000F07F40B0F1805F14BF4FF053
:1034C000FF304FF00160704700487047000004086B
:1034D000BFF34F8F0549064BCA6802F4E0621343FD
:1034E000CB60BFF34F8F00BFFDE700BF00ED00E0F2
:1034F0000400FA0503681847094B30B51A46094C11
:10350000D3F89450A542FBD1036829B181680B60C0
:103510004FF44073536130BDC1681B04F7E700BF2F
:1035200000640258000300800B4808B543681A681D
:1035300003681A420CBF01210021FFF7DDFF074895
:1035400043681A6803681A42BDE808400CBF0121AD
:103550000021FFF7D1BF00BF04070024740B022431
:1035600000487047FCB30108D0E904017047D0E976
:103570000A017047D0E90A017047D0E90801704795
:10358000D0E90601704730B503995418049A43EB0B
:103590000205D0E90423AB4208BFA2422CBF0120A0
:1035A000002030BD00207047704700207047D0E9F0
:1035B00000301847D0E90132016810B401EB620015
:1035C0005410D20748BF0A595DF8044B48BFD3587E
:1035D00018477047002050709070D07070470000FE
:1035E000B0F1204F73B504460D460DD3114B18684A
:1035F00038B106680023CDE9002304F1C0427669A2
:10360000B047284602B070BDB0F1104F08D24B1E33
:1036100002449442F5D014F8011B03F8011FF8E7A7
:10362000054B186800230668CDE9002304F1E04249
:103630007669E5E7E80A0224700B022430B5A1F1AF
:103640001004002500F00F02CD7302390009D3B237
:10365000092ACCBF373330330B748C42F2D130BDE2
:10366000322310B50A4C0B800A4BA11C1868FFF7D7
:10367000E5FF094B04F112011868FFF7DFFF074B64
:1036800004F122011868FFF7D9FF204610BD00BFE2
:103690008402002400E8F11F04E8F11F08E8F11F8C
:1036A000042301480B807047800200241223014844
:1036B0000B8070476C02002430B5013800252B4682
:1036C0000135445D002CFAD1DBB201335B0013807D
:1036D0000B7003234B70022310F8015F05B930BD56
:1036E0005A1CCD540233D2B2DBB28C54F4E7000042
:1036F0000A460349034808B5FFF7DEFF084608BD40
:10370000AC2A022403B401080A460349034808B559
:10371000FFF7D2FF084608BDAC2A022411B4010805
:103720000A460349034808B5FFF7C6FF084608BD27
:10373000AC2A02241CB401080A460349034808B510
:10374000FFF7BAFF084608BDAC2A022427B40108D7
:1037500008B5D0F8B4325B689847002008BD08B5BA
:10376000D0F8B4320BB9022008BD1B689847002876
:10377000FAD0F8E7D0E9003018470000092908B569
:103780000AD8D0F8BC32063953F8210010B10349E9
:10379000FFF792FF014800E0002008BDB82B02248B
:1037A0000A2303800048704730030024002070473C
:1037B00000207047002070470020704700207047AD
:1037C000002070477823038000487047B802002427
:1037D00038B51E4C0546237A042B35D1FFF70EFE73
:1037E000E26AA842034694BF00F1FF332B4612B1B0
:1037F000D069C01AD061626C12B11069C01A106130
:10380000E06803440544E360E368AB4213D102235C
:1038100000202372FFF740F800236372BFF34F8F3D
:10382000A27A22B1A3724FF08052094B5A60BDE8D0
:103830003840FEF7CDB80133E360FFF789F8236D18
:10384000002BE1D09847DFE738BD00BF1801002406
:1038500000ED00E038B50F4C0546B4F8541004F103
:103860005600FFF726F9814203D802210A48EFF7F4
:10387000D3F804F15800FFF70FF9E36D43F8205037
:10388000637A23B9054B4FF080525A6038BD01234B
:10389000A372FBE7180100242601028000ED00E07E
:1038A000F8B59C460D4617460446002872D00278AB
:1038B000FA2A6FD100296DD000F1280252E8001FCA
:1038C00011B9BFF32F8F04E0481E42E8000606B18D
:1038D000F4E711B1E66A01229EB9BCF1000F5CD099
:1038E00061468320FEF77AFF40B1304B204659698C
:1038F000FEF7B8FFEFF30983C3E902576FF0010049
:1039000023E0B11CD1E84F0FC1E8432F03B1F9E721
:1039100010F0FF0F44D0B668DEE79A60B268AAB133
:103920005360626A06F10C01284604F0A1FF0FB152
:10393000F3783B70002504F10C07314638463570AA
:10394000FFF7DDF9A3681BB90020F8BD2363E8E7A2
:103950003846FFF7F8F906460028F5D02046FEF76E
:1039600034FF074629460122FEF7BEFF3846FEF720
:10397000F3FE626A0746816806F10C0004F078FFE6
:10398000F923B570314633702046FB68F370FFF7BA
:1039900096F9D9E76FF00300D7E76FF00200D4E79C
:1039A000D6E90132002BB8D1E262B7E71801002452
:1039B000F8B5817804468568002938D04368C66820
:1039C0008BB39D60A26882B35360002706F10C059B
:1039D000214628462770FFF792F9B368002B4CD098
:1039E0002846FFF7B0F90446002846D03046FEF7D7
:1039F000ECFE05463A463946FEF776FF2846FEF7C6
:103A0000ABFE726A8168054604F10C0004F030FFD9
:103A1000F923A770214623703046EB68E370BDE8B8
:103A2000F840FFF74CB9F562CCE73363CDE7AB68FC
:103A300003B35B78832B1DD12846FEF7C6FE0646EE
:103A40000A46FEF751FF3046FEF786FE06466A6AD2
:103A500004F10C01806804F00BFFF3680BB1E2780D
:103A60001A700023214605F10C002370BDE8F840D0
:103A7000FFF745B921462846D1E7F8BD2DE9F041C9
:103A80000C46174698460546002848D00378FA2B7E
:103A900045D1002943D08368C3B15B78832B15D10E
:103AA000FEF793FE064601220021FEF71DFF304679
:103AB000FEF752FE06466A6A2146806804F0D8FE88
:103AC000F06808B107700020BDE8F08105F10C0036
:103AD000FFF739F9064670B121466A6A0C300024B6
:103AE00004F0C6FEF923314628463370B470F770EF
:103AF000FFF7E5F8E7E7B8F1000F13D04146932050
:103B0000FEF76CFE40B1094B28465969FEF7AAFE44
:103B1000EFF30983C3E902476FF00100D4E76FF0C8
:103B20000300D1E76FF00200CEE700BF18010024C8
:103B300038B5274C237A012B03D04FF0FF352846A8
:103B400038BD244A00212448FFF7ACFAA06200F0F7
:103B50004FF805460028F0D1204AE16C2048FFF7D5
:103B6000A1FAA0640028E8D01E4AFF2382F8223080
:103B700092F82230D26863F0FF03C2F30222DB43E3
:103B800014BFB3FA83F32023C3F12003934298BFF9
:103B9000531CFE2202FA03F3124ADBB2D377F0235E
:103BA00082F823309368104ADA63BFF34F8F4FF0E7
:103BB000FF332361FDF70CFF0C48FEF706FE0223DE
:103BC0004370A06183F31488BFF36F8F2372B6E74D
:103BD00018010024B0BE0108DDCF0008ECBE0108CA
:103BE0009546010800ED00E05F060008340100245E
:103BF00038B50D4CFA230025142223700823042124
:103C000004F10C00A570C4E90935084BC4E901555D
:103C1000C4E90B55FFF7AEF8054B064A2846DC64AD
:103C20001A67054A1A6538BDA8430224DC430224FA
:103C300018010024B1390108C946010838B5114CF2
:103C4000237A022B1CD1104B1D682846FAF74FFA35
:103C500000234FF0007285F83F300C4B5A60012270
:103C60006272BFF34F8F5968C90003D54FF00061EE
:103C70005960A27204232372BDE83840FFF7BEBB2F
:103C8000002038BD180100242827022400ED00E0A0
:103C900008B5094B1B6833B1084B1B68503343F818
:103CA0002010002008BD064B1B7813B1054806F014
:103CB0000BFA4FF0FF30F5E7F8680224C42702241E
:103CC000E40A02242CB4010808B5094B1B682BB187
:103CD000084B1B68503353F8200008BD064B1B7877
:103CE00013B1064806F0F0F94FF0FF30F5E700BFDA
:103CF000F8680224C4270224E40A022440B401081C
:103D000038B5044641F21C0004F04EFDC4F8B80278
:103D1000E0B1022241F2180300F580510C4DC2526D
:103D200000230B6041F20401435041F20801455069
:103D300041F20C01435041F21001435041F214038F
:103D4000C252D4F8BC321B69984700B1022038BD7A
:103D5000000004082DE9F0410546406888461146F8
:103D6000DDE9066738B9104806F0AEF96FF47A64F9
:103D70002046BDE8F081002204F00AFA044608B1AA
:103D80000A48F1E76B6832460121404604F0F0F939
:103D900000230246BB4208BFB042E9D0696804482C
:103DA000F7F76CF8E2E700BF54B401086AB4010801
:103DB00077B40108B0F1204F7FB5044614D3154BFA
:103DC0001D681DB32B6800F1C042DE69196B2846DF
:103DD000002303928847039A0023CDE90001284677
:103DE000B04780B204B070BDB0F1104F06D30A4B9B
:103DF00000F1E0421D682B68DE69E7E7EEF708FF97
:103E0000214602460548FEF7ADF9EAE74FF6FF7096
:103E1000E8E700BFE80A0224700B0224283F0224CE
:103E200010B50224C0E90722C0F89442D0F8C002BD
:103E3000EEF759FE002010BD08B5002204231146FC
:103E4000C0F89432D0F8C002EEF74DFE002008BD55
:103E5000F0B541F21802D0F8B84289B00746A35C29
:103E6000042B65D104F5805641F204033168002922
:103E70004FD12278AAB9E358012B41D1002541F254
:103E8000040341F21802E55003233560A35441F2C4
:103E90001102A55441F21202A55241F21402A35498
:103EA0002BE0212A10D1E358052B29D1E378A27801
:103EB0001B0403EB022362781344227903EB0263B1
:103EC00041F20802A350D9E7412A19D1E358052B42
:103ED00016D1E378A0781B0403EB00236078034439
:103EE000207903EB006041F20803E050D7F8BC32C0
:103EF0009B6998470028C1D00225284609B0F0BD2B
:103F0000002341F204023846A3503360EEF7E0FD8F
:103F1000B4E70129B2D941F208020239A058D7F812
:103F2000BC2200EB01312046D569E258A847E1E701
:103F3000072B4FF0000313D141F2190163541849C4
:103F400091F82F5041F2110115F004050AD0062016
:103F5000A05441F212026354A35241F21402A0543D
:103F60001D46CAE70823A35441F212026554A55224
:103F700041F21402A354D0F8BC325B699847094B54
:103F8000094A00210948079206950092CDE90437B5
:103F900004ABCDE9020106480ECBFAF7EFF8ACE727
:103FA000B80200241D40010875370108400D0300C8
:103FB0002006002438B5D0F8B432044601795B6895
:103FC0009847D4F8C04294F8BC33012B21D025681F
:103FD000012384F8BC332846AB6823F00103AB60AF
:103FE000F1F7ACFE4FF48463226813610A4B013B86
:103FF00002D011698906FAD4A36A012B06D1A369FC
:10400000012B03D0AB6B23F48033AB63002384F824
:10401000BC33002038BD00BF410D030008B5FFF7D9
:10402000C9FFFFF755FA00002DE9F7430D7800238B
:104030000646D0F8B84215F06005ADF8063000F03D
:104040007C81202D40F08F8191F80180B8F1060F1E
:1040500000F28981DFE818F0440107004300B40052
:104060000B012201270141F21803CA88E05C02B368
:10407000022801D0052818D1498804F58053196019
:1040800041F2040341F21801E2500323635441F268
:10409000140163542146D6F8C002C6F89432C6E92A
:1040A0005722EEF735FD002515E03046EEF710FDFE
:1040B000F9E7052801D00228F7D14FF483720025D3
:1040C000E25241F211030622E55441F21203E55295
:1040D00041F21403E254284603B0BDE8F083CA88D5
:1040E00041F21800002A5FD0205C04F580530228BA
:1040F00001D0092852D14F8841F204091F6041F2D2
:10410000180344F80920DFB9032A21464FF00302BF
:1041100098BF4FF0090804F8038041F21103E754F7
:1041200041F21203E75241F2140304F803804FF402
:10413000045323804123A3703046FFF771FEB2E79A
:10414000012F41F211011BD009200025023FE0544C
:1041500041F2120365542146E55241F21403E05442
:1041600041F20803E058D6F8BC3200EB07301B6A76
:10417000984734F8092001463046FFF751FEAAE778
:104180000F220025E25441F212036554E55241F238
:104190001403E2543046EEF79BFC9CE7002541F205
:1041A0000402A5501D60F5E7022341F211012354DA
:1041B000625441F21201625241F21401635472E7F7
:1041C00041F2180204F58055A35C1035032B04D08E
:1041D000062B2DD006222946AEE741F2040341F218
:1041E0001100E358EBB1042341F21201A354002261
:1041F0002254625241F21402A35441F20803E058DF
:1042000004F580531968D6F8BC3231B92278412AB6
:1042100003D15B6A2A469847DCE75B6A2A4601219C
:10422000F9E70521A154235441F21202A3520DE0F3
:1042300041F21903E35C012B0CD10721A15441F297
:104240001102A35441F212030022E25241F214037C
:10425000E154BFE7002BBDD1564991F82F10490713
:10426000B8D50221A15441F21102A354DCE741F276
:10427000180341F21001E25C0A2A07D1022200254C
:10428000E25441F214036550E25224E70A22E25458
:104290000E23635041F21403E25204E704F5805107
:1042A0000122183148E741F21802A35C092B3FF6BE
:1042B000FAAE4FF41B75DD40ED4315F001057FF4B8
:1042C000F2AE0223A35441F21002A55041F21402AF
:1042D000A35204F580531D6041F20403E550FAE651
:1042E00041F21800225C092A14D84FF41B73D34002
:1042F000DB4313F001030DD10222225441F21000DE
:10430000235041F21400225204F58052136041F20E
:104310000402A350274B93F8305015F0100508D035
:1043200030464546FFF746FED6F8C002F2F710FDCC
:10433000D1E64888F2F774FDCDE64F780B2F12D8FE
:10434000DFE807F006111111111116111111232CBC
:1043500090F89C32032B06D102220DF106013D4656
:10436000FFF75EFDB7E630460225EEF7B1FBB2E699
:104370004B881B12212B05D1CA880F49092A28BF57
:104380000922F9E600221146F6E690F89C32032B4A
:10439000E9D104F5805101220C31EDE68B78032B35
:1043A000E1D890F89C22032ADDD141F20C02A350FF
:1043B00091E600BFB8020024E502002410B50C4CC1
:1043C000F9F766F82046F9F792FE00236363F9F7E0
:1043D0004BF801210748FFF78FF801210648FFF746
:1043E0008BF801210548BDE81040FFF785B800BFF4
:1043F000B00B0224740B0224280B022404070024AF
:1044000043682DE9F347DDE90A45804691461BB92B
:104410001B4805F059FE23E0002600274FF0FF0A55
:10442000AF42D8F8040008BFA64222D0002209EB10
:10443000060103F0ADFE08B11248EAE70122D8F800
:1044400004300DF107008DF807A0114605F06AFD54
:104450000128024609D0D8F804100B48F6F70EFDE3
:104460006FF47A6002B0BDE8F087013647F10007CB
:10447000D6E703F0C5FC0028F4D00448C9E700BF24
:1044800095B40108ACB40108BAB40108D9B4010864
:1044900070B5044640680D46049E114618B9104890
:1044A00005F012FE12E0002203F072FE08B10D4882
:1044B000F6E7012263683146284605F033FD0128FE
:1044C000024606D061680848F6F7D8FC6FF47A60B7
:1044D00070BD606803F094FC0028F9D00348DFE762
:1044E000E7B4010800B5010810B5010831B50108AD
:1044F00008B5406803F0BAFB002008BDF7B50446D4
:10450000D0E9020103F0B8FD606048B9D4E90212B5
:104510001348F6F7B3FC6FF47A65284603B0F0BD94
:104520000222002103F034FE054618B10D4805F0C3
:10453000CBFDF0E76068002703F0E8FED4E9042330
:104540009F4208BF904206D0A168CDE900230246F1
:104550000548F6F793FC012384F83030DDE700BF0F
:1045600041B5010868B5010875B5010810B50446E4
:1045700004F022F9204610BD10B504460168D0E9C8
:1045800001230548FDF73AFF206804F015F920469D
:10459000BDE8104004F010B9283F022438B5D0F827
:1045A000B832002541F21801044603F58052156027
:1045B00041F204029D5002225A5441F210015D540E
:1045C00041F214015A54D0F8B80218B104F0F4F8CA
:1045D000C4F8B852002038BD1FB51648FEF752F88F
:1045E000154B1868F0B10368DB68984701A90120F2
:1045F000EFF76EFCB0B902A90198EFF795FE0146FE
:1046000068B99DF808300198022B0FD0032B06D112
:10461000EFF768FE18B902210198EEF787FD0198BF
:10462000EFF742FC002005B05DF804FB8268EEF76E
:1046300097FDF4E7283F0224E80A022401F0FCBFBA
:10464000EFF310832BB9EFF31180003818BF01206E
:10465000704701207047000008B5EFF305834BB1A8
:10466000084B5869084B1B6803B19847DFF81CC01A
:1046700000DFFEE7FFF7E4FF0028F1D1DFF810C00C
:1046800000DFEFE718010024F4AD0108F12E010866
:104690001D27010804460B4D07B5EFF30583002BDA
:1046A000FBD1FFF7CDFF02460028F6D12046694630
:1046B0004FF0FF33AC4600DF0028EED1DDE90030DB
:1046C0009847EAE7A13801082DE9F74F394D6C6C9E
:1046D000002C63D023694FF00008DFF8E0904FF022
:1046E000F90A013B6F6923612369002B55D1E36807
:1046F0000BB1A2689A60D5F84CB004F118016B6454
:10470000EFF3058343B1BBF1000F13D1AB69032174
:1047100029486B61EEF780F90191FFF791FF01994C
:1047200002460028EFD158461346CC4600DF002849
:10473000ECD11BE09BF800300191FA2BE6D10BF194
:104740000C00FEF700FB06460028DFD001990C3074
:10475000DBF8242004F08CF80199304686F800A09C
:10476000A6F80280C6E9011BFFF774F8E378012B75
:104770001DD16B6C0021626913B11869824210D29D
:104780002261C4E902131BB118699C60821A1A6184
:1047900059B1CC606C6C002CA6D16F6103B0BDE840
:1047A000F08F1946121ADB68E6E76C64F2E7012322
:1047B0006370EFE718010024270102807D3A0108A9
:1047C00007B5BFF35F8F7E4B0022196810465A6011
:1047D000C1F30721914240F0A5801022DA60794AA6
:1047E0001A611322DA60784A1A611122DA60774A74
:1047F0001A61774ADA60774A1A6107225A60BFF372
:104800004F8FBFF36F8F744B744998684FF000530C
:104810001A1802F16042126843F8042B8B42F7D158
:104820006D4B4FF000529A605A69920315D45A6941
:1048300012F4003211D1BFF34F8FBFF36F8FC3F863
:104840005022BFF34F8FBFF36F8F5A6942F400328B
:104850005A61BFF34F8FBFF36F8F5F4B5A69D60317
:1048600027D45A6912F4803223D1C3F88420BFF3CD
:104870004F8FD3F8802043F6E074C2F3C900C2F32F
:104880004E32520102EA0406014646EA81750139B8
:10489000C3F86052F9D2203A12F1200FF2D1BFF3DF
:1048A0004F8F5A6942F480325A61BFF34F8FBFF382
:1048B0006F8F4B4CD4F8E03043F00073C4F8E03015
:1048C000D4F8E03003F000730193019BF1F760F935
:1048D0004149444BCA6822F4E0621204120C1343AB
:1048E000CB60F1F74DFCA369A369F2F777F8236F6A
:1048F0009D070AD43C4A136843F4807313603B4B12
:104900001B68236F23F018032367374CE36803F019
:104910000703062BE36809D0F2F7FEF8C0B9344864
:10492000F8F77EFF9A600132186153E723F03F03E6
:1049300043F00203E360F0F733F805466368980438
:10494000EAD4F0F72DF8401BB0F57A7FF6D9E3E70B
:10495000F1F71EF9EBF776FFEFF305832BB9FFF7BD
:104960006FFE10B9DFF8A4C000DF224A224B1361AA
:104970004FF4805353614423D360204B936018233A
:1049800093611F4B1360EFF305831BB119491D4859
:10499000EEF742F8FFF754FE01460028F6D11A4818
:1049A000DFF86CC000DF0028F0D0EFF305832BB9EF
:1049B000FFF746FE10B9DFF85CC000DF0021E6E734
:1049C00090ED00E039F00206390702133FF50B13B2
:1049D000120000803900021300ED00E09802002070
:1049E000004402580003FA05004802580010005C19
:1049F000C3B50108D03E0224D02E02242C44022448
:104A0000D7B501081D010180B17401088133010887
:104A1000A5300108313B0108B1F1204F2DE9F043E9
:104A200006468BB00D4614461CD3794F38680028D3
:104A300000F0EA8003684FF0000990460022196BED
:104A400000238847894505F1C04508BF84423DD30E
:104A500038682A460368CDE900899C6900233146FD
:104A6000A04761E0B1F1104F62D2104603F09CFE06
:104A700022463146074603F0FBFE0C2003F094FE6D
:104A8000644B00228460059306AE634B0492CDE92B
:104A9000023002ABC0E900750FCB604D86E80F0015
:104AA000F8F7F6FC2B4653F8184F002C5DD1EB6954
:104AB000332B40F29F802C6A343B04F13402EB61CB
:104AC00034232A6223600123A37157E0386800224F
:104AD0000368196B0023884703F066FE22463146BF
:104AE000804603F0C5FE386808EB040903685B6B79
:104AF00098470646386800220368196B00238847E8
:104B00003146021B484603F0C1FE3C680022236880
:104B100020469E69196B002388472A460023CDE969
:104B2000000141462046B04780B20BB0BDE8F0839B
:104B30003B4F01F1E045002238680368196B002300
:104B4000884700238B4208BF844206D2386800227F
:104B50000368196B002388470446386800230268FD
:104B6000CDE9004394692A4679E72268332A3DD982
:104B7000E268002A37D01A60A3689360F8F774FCE3
:104B800000224FF0FF3304F12407C4E9052396E81F
:104B90000F0087E80F00234BE361FCF731FF224B46
:104BA000024621462362636903441C486361F9F7A6
:104BB00057FA2A6BEFF3058313B9FFF741FDE8B10C
:104BC000D2B11378F32B17D102F10C03012153E872
:104BD000004F44EA010043E8000505B1F7E710463D
:104BE000FEF738FE08E0A2681A60C7E704F1080380
:104BF000A4685AE7F8F738FC002096E71046012130
:104C0000DFF828C000DFF7E74FF6FF708DE700BF41
:104C1000E80A0224AF35010879450108241302246B
:104C2000700B0224D33501083F500108A54F01083D
:104C300073B51F4C04F1560504F15A06B4F854102C
:104C400028460191FDF71BFF58B301993046FDF747
:104C500023FFE36D53F8200018B30378F13B082BD2
:104C6000ECD801A252F823F08D4C01083D4C01080C
:104C7000934C01083D4C01083D4C0108974C01083C
:104C80009B4C01083D4C01089F4C0108236E98473E
:104C9000D4E7636EFBE7A36EF9E7E36EF7E7236FF4
:104CA000F5E7002002B0BDE87040FDF7F5BD00BF9C
:104CB000180100241F4B186870B53830EEF728F83B
:104CC00018B11D4B4FF080625A601C4CE3680133F1
:104CD000E360FDF73DFE0020FDF7DEFD236D03B12F
:104CE0009847226C2AB3A369E16B994203D0D96932
:104CF000E36301B9DA61DA69BAB9267A022E18D10A
:104D0000656AB5B1E36B95F9202093F920309A429A
:104D10000FD12846FDF74AFDE06BFDF7B5FD6E703B
:104D2000236CE563A561EB6103E0013ADA61002AD7
:104D3000E3D070BD2827022400ED00E01801002414
:104D400010B50446EFF305831BB15CB96FF00300A7
:104D500017E0FFF775FC0028F7D12046DFF82CC0DC
:104D600000DF0EE02378F62BF0D1E18904F10C008E
:104D7000FDF79FFEE389834204D92046FEF76AFDD2
:104D8000002010BD6FF00200FBE700BFD12A010830
:104D900010B52C4C2C48F5F757FE636913B994F8FD
:104DA0003D3023B12848F5F72FFE002010BDA36A3F
:104DB00053B1A26A00232549E06AB3EB900F11D2E8
:104DC00042F823100133F7E7E06A214B984294BF81
:104DD00020F003004FF0FF3003F0E6FCA062002853
:104DE000E7D1DFE744231B4A63621B4B2262636007
:104DF0001A4BA3600023E360194B2361EFF3058393
:104E00008BB10023636194F83C302BB1A06A08B1E8
:104E100003F0D2FC0023A3620B48F5F7F5FD206CEC
:104E2000FFF78EFFC1E7FFF70BFC0028E9D1A2F1E5
:104E300078010C48603ADFF830C000DF606100287C
:104E4000B0D1E0E780130224D4130224A52E5AE245
:104E5000FBFFFF7FF813022424130224D11B010857
:104E6000B535010809AE0008A5300108024608B5AD
:104E7000EFF3058313B16FF0050008BDFFF7E0FB0A
:104E80000028F8D11046DFF808C000DFF5E700BFC2
:104E9000992F0108074B10B504460360F6F704FE8E
:104EA000D4F8BC00FFF7E2FF201DFDF7F9F820461B
:104EB00010BD00BF30BD010810B50446FFF7EAFF82
:104EC000204603F079FC204610BD0000024608B5DC
:104ED000EFF3058313B16FF0050008BDFFF7B0FBDA
:104EE0000028F8D11046DFF808C000DFF5E700BF62
:104EF000312B0108024608B5EFF305830BB1002002
:104F000008BDFFF79DFB0028F9D11046DFF804C06B
:104F100000DFF5E7D932010810B402F0010492076E
:104F200009D40C301CB15DF8044BFDF770BD5DF881
:104F3000044BFDF75BBDC06801EA00022CB1914251
:104F400018BF00205DF8044B7047002A08BF0020FE
:104F5000F8E70000F8B50D4617461E460446C0B1F6
:104F60000378F32B15D1002913DBFFF7D5FF90B998
:104F700096B131464320FDF731FC38B1084B20464D
:104F80005969FDF76FFC4D6281F823706FF00100E5
:104F900001E06FF00300F8BD6FF00200FBE700BF17
:104FA00018010024F8B5064670B30378F32B2BD113
:104FB000002929DB00F10C0353E8002F42EA010429
:104FC00043E8004000B1F7E7B56825B92846FDF78A
:104FD00063FC2046F8BD696A304695F82320AF6827
:104FE000FFF79AFF014668B195F823309B0756BF3B
:104FF0006C6A044620EA04042846FDF7D7FB002229
:10500000FDF772FC3D46E0E76FF00304E1E770B5A1
:105010000546846804B970BD616A284694F8232067
:10502000A668FFF779FF014628B12046FDF7BEFBD1
:105030000022FDF759FC3446ECE7C3681847FFF738
:10504000FCBF38B5D0F8C04201F00F0563689D423F
:1050500037D811F0800F4FF01C0234D002FB05430B
:1050600002FB054101223C3381F83D2001221D70E5
:105070009A7094F8BC13914223D084F8BC231A7818
:105080005B782068012B4FF020030CBF00F5106106
:1050900000F5306113FB02131968002904DB1AB113
:1050A0001A6822F080421A601A6842F400121A60EC
:1050B00025B904F57172217CF0F71AFE002384F8FB
:1050C000BC33002038BD02FB014302FB014100223A
:1050D00003F5FE7381F8FD21C8E770B50446164656
:1050E0000D4651BBD0F89432032B1FD1D0E9581292
:1050F00091420ED9891A8A42C0F86011D0F8C002D4
:1051000088BF8AB2314698BF92B2EDF701FD2846BA
:1051100070BDD0F8B4321B6923B190F89C22032AE9
:1051200000D198472046FEF787FEF0E7052BEED129
:10513000C4F89412FFF785FFE9E7D0F8B4329B6911
:1051400033B190F89C22032A02D100259847DEE76C
:105150000225DCE700212DE980480846BDB0FEF7B6
:1051600097FDF1F7D9FCF0F713FDFFF727F9AE48EB
:10517000FDF7A4FAAD4B186803689B689847AC4BE1
:105180001868002800F06E8303689B68984719230D
:10519000A84A3021A848F5F761FEA84ED6F8B432E7
:1051A00013B10023C6F8B432A54B0622A54CDFF894
:1051B000A8C2C6F8B0320123C4F8046486F89C3251
:1051C0000023C6F8C042337023632362E362636244
:1051D000C4E900C20222C4E9062394F8BD33E260A8
:1051E00003F0FF07002B48D1974D032084F8BC73D0
:1051F00007A9D5F8E03043F00103C5F8E030D5F851
:10520000E030099703F001030693069B4FF4C05367
:10521000CDE907320A23CDE90A038C48EDF7B2FC49
:10522000BC2239460DA803F031FB4FF480230CA8B3
:105230000C934FF440132E93F0F7E8FDE8B9844A3D
:1052400005216520D36843F08073D360D5F8D8304A
:1052500043F00063C5F8D830D5F8D83003F00063C8
:105260000593059BD5F8003123F00063C5F80031A4
:10527000EDF766FC774B2022DA600323276884F879
:10528000BD33754BDB6B13F4807308BF2361BB68C0
:10529000D4F8108023F00103BB60A369012B40F018
:1052A000EC82BB6B626B23F48033012ABB63FB6827
:1052B00023F4840323F04003FB60FB6823F44013D2
:1052C000FB6003D1FB6843F48013FB603846F0F7C2
:1052D000F7FC0546B8F1010F10D1FB6D9BB2FB65E1
:1052E000FB6D43F07B7343F40033FB65BB6843F015
:1052F0000603BB60BB6843F02003BB60002D00F0D9
:10530000D182022384F8BD332368A022D6F8C002DC
:105310005A625A6A42F420029A62504BC6F8B4327A
:105320004F4BC6F8BC32F1F713FD4A4B4FF4005215
:10533000C3F88820BFF34F8FBFF36F8F2022C3F8CD
:105340008C20BFF34F8FBFF36F8F434B5A699B691C
:105350001A4200F01B823B4F3C68B946636913F068
:105360000103039340F012826269A3691A4200F0BC
:105370000D826369A26913409B0703D5636903F03B
:10538000020363616369A2691340DE0629D5A3693C
:1053900023F01003A361266AC6F3434306F00F050A
:1053A000022B40F09E8347F6F0731E4214D01C235C
:1053B000C6F30A18204603FB05954246D5F80812A5
:1053C000F0F7CAFCD5F808324344C5F80832D5F8DE
:1053D00014324344C5F814323A68936943F0100319
:1053E00093613B685A6999690A40150300F19E83ED
:1053F000144E3368B1465A6999690A4012F4802FF5
:1054000030D0D3F8182803F50063374604F5106B45
:10541000DB6913409BB2029300230193029B002B94
:1054200040F0C2861EE000BF283F0224700B022419
:10543000E80A0224DCB5010894270224E8270224A4
:10544000BC010024343F02240044025800000258EA
:105450000048025800E100E0000008400802002473
:10546000440200243068426983691A4210D5D4F896
:10547000043823F00103C4F8043896F8F433012B00
:1054800004BF002386F8F433436903F0004343610B
:105490004369826913401A0510D5D4F80838DB0730
:1054A00008D5D6F8043493F89C2283F89D22042270
:1054B00083F89C22436903F4006343614369826972
:1054C00013401F0111D5436903F000634361BA4BD8
:1054D00093F8F423002A40F08287012283F8F42312
:1054E000426DC2F38302C3F8F82343698269134013
:1054F000DD043ED5D4F8043804F5006223F001033E
:1055000053604FF484630361AC4B013B02D00169EB
:105510008906FAD404F51063DFF89CC24FF67F3792
:10552000DCF804100D460399A942C0F06387D369E3
:1055300043F00113D361DCF83030002B00F07B879F
:10554000D2F8843043F00B03C2F88430536C43F03C
:105550000B035364D4F80038994A23F4FE63317C7A
:10556000C4F80038F0F7C4FB3268536903F4805381
:10557000536134686369A26913409F0440F1BE809F
:10558000D4F8003923F4FF6323F00703C4F800398B
:10559000D4F8042842F48072C4F80428D4F8082807
:1055A00012F0060304D012F0020F14BF02230F23DF
:1055B000F360F0F785FEF768FBB2022B40F05987E5
:1055C000804B814A0344934240F241877F4B804A9B
:1055D0000344934240F23E87A0F574037D4AA3F54D
:1055E0001053934240F23987A0F183737A4AA3F5AE
:1055F000E7439342C0F03487784B794A034493429F
:1056000040F23187774B784A03449342C0F02E87AB
:10561000764B774A03449342C0F02B87A0F1B773CF
:10562000744AA3F558539342C0F02687724B734ACD
:105630000344934234BF07230623E268003F4FF040
:10564000000822F4705218BF0127E260E26842EAC3
:105650008323E3604023D6F80444D4F8C052C5F84D
:10566000043205F5FE7195F8BC33A5F8FC81012BD9
:1056700085F8FF8107D00123286885F8BC33F0F74F
:105680008EFB85F8BC83D4F8C052402201234FF032
:105690000008C4F864214FF48070C4F8583105F153
:1056A0003C016A6495F8BC23A8879A4285F83F803C
:1056B000A5F8428006D0286885F8BC33F0F76FFB68
:1056C00085F8BC83012300214022A36184F89C3229
:1056D000D4F8B8326262C4F894126160C4F8A412BB
:1056E00023B1D4F8B43220465B689847D6F8043426
:1056F00032681F74536903F400535361326853696D
:10570000926913401D070FD5D6F8040490F89C3217
:10571000032B04D1D0F8B432DB6903B19847326867
:10572000536903F00803536133685A6999690A4061
:10573000D40203D55A6902F480125A615A699969F0
:105740000A40900203D55A6902F400125A615A695C
:1057500099690A40510003D55A6902F080425A61A2
:105760005A6999690A40520710D55C68630709D5E0
:10577000D6F80404012380F89C32D0F8B4320179C1
:105780005B68984733685A6814435C601C4B1A681E
:10579000511C1960282192FBF1F301FB1323002B0C
:1057A0007FF4D3AD174E184D3478002C3CD1174AF6
:1057B0002B7812782CE000BF343F0224410D030007
:1057C000F8420224405327FFFF340C00401E1BFF09
:1057D0003F420F007F4F120020D6130060B6E5FE57
:1057E0005FE3160000D3CEFE40771B00C05BB3FE24
:1057F000C091210020753800E05459FEE09C410022
:10580000B82C0224B72C02243B0300243A030024C2
:10581000BD4813442B7043681A6803681A420CBFD2
:1058200001210021FDF768FE2B780134A3F10A0263
:10583000E4B2D2B23470F02A05D9B4490A785042A1
:105840009B1A08702B702B78A3427FF47EADAE4874
:1058500043681A6803681A420CBF01210021FDF752
:105860004BFE72E51923AA4A3021AA48F5F7F6FA49
:10587000A949AA4803F0F6FD8FE4FB683846D4F83E
:10588000289043F04003FB60F0F71AFABB6B054623
:10589000B9F1000F03D143F48033BB631AE523F45D
:1058A0008033FAE723683220DA6822F0C042DA60F7
:1058B000DA6842F08042DA60F1F7B2FA67682B46A4
:1058C0004FF01C0C4FF0010E2846D9B25A1C8F42E3
:1058D00000F2B28000234FF01C0C1946D8B20133FD
:1058E000874200F2B8802368D4F82CC0D4E90312B0
:1058F0000292D4E906E201920022904602F14000B1
:10590000013203EB80000F2AC0F80480F6D103F5C2
:105910000060BCF1000F40F0AB80426842F0020230
:1059200042609A6B22F400129A631A6842F04002B5
:105930001A601A6842F080021A600022BEF1010F5C
:10594000C3F8002ED3F80028C3F80028D3F80028A5
:1059500040F09680002940F09080C3F800284FF472
:1059600084621A616E4A013A00F08D8019698906D5
:10597000F9D410221A616A4A013A00F08680196946
:10598000C906F9D4002203F510614FF090484FF09A
:10599000006996464FF67F3A02614261C2619742C2
:1059A00075D1002703F530614FF090484FF0006942
:1059B000BE464FF67F3ABA427ED1026922F4807227
:1059C000026100229A616FF080425A61029A1AB90C
:1059D0009A6942F010029A619969524A0A439A619F
:1059E000019A1AB19A6942F008029A61BCF1010F5A
:1059F00005D19A6942F0804242F004029A61002D7A
:105A00007FF47FAC012284F8385084F8BD23626AA9
:105A1000012A0DD184F8F453C4F8FC239A6942F0AA
:105A200000629A615A6D42F0805242F003025A6558
:105A30001846F0F783F967E40CFB014383F83DE077
:105A400083F83C10A3F8421083F83F001865C3E9BF
:105A50001100134639E70CFB004282F8FD1182F871
:105A6000FC0182F8FF11C2F81012C2E9811135E77A
:105A70009A6B42F400129A635FE742F001026CE70E
:105A800042F0030269E7012573E701257AE7D1F8BF
:105A900000B0BBF1000F0CDA42B9C1F80090C1F8B8
:105AA00010E00132C1F808A0203178E7C1F8008089
:105AB000F5E7C1F800E0F2E7D1F800B0BBF1000F64
:105AC0000CDA47B9C1F80090C1F810E00137C1F80D
:105AD00008A020316FE7C1F80080F5E7C1F800E0C9
:105AE000F2E7062B7FF478AC08220F492046C6F374
:105AF0000A16F0F731F91C2303FB0595D5F814328B
:105B00001E44C5F8146267E4280B02243A030024FB
:105B100007B601089427022432B60108D8010024F0
:105B2000410D030000383C80F8420224D3F8187875
:105B300003F5006304F53069DFF8A0B2DB694FF0CC
:105B400000081F403F0C002F3FF452ACF80740F113
:105B50007B81A24D5FFA88F6286800F5306C0CEB6B
:105B600046139A68D0F8143802EA030A2B461AF052
:105B7000010F1BD0296901220CEB481C0129C9F82F
:105B80000820D0F840E0DCF8082040F09E801107A3
:105B900007D5934B9E4509D9100407D54FF4004310
:105BA00002E0910670D52023CCF808301AF0080FD7
:105BB00000F037812B680822C9F808201A6C03F519
:105BC0003063019203EB481301999A6808468449AF
:105BD000884204D9110402D54FF400429A607F4AEA
:105BE000D2F8045492F8C40305F52A7185F8A80286
:105BF00092F8C5C385F8A9C292F8C73392F8C66374
:105C000006EB0326B6B2A5F8AA6292F8C9E392F8A9
:105C1000C83303EB0E239BB2A5F8AC3292F8CBE36A
:105C200092F8CA2302EB0E224FF0010E92B2C5E9A0
:105C3000A5E200F01F0EA5F8AE22BEF1010F00F0A4
:105C4000AF81BEF1020F00F0CA81BEF1000F40F03B
:105C5000A88200F06000202800F0F781402800F0C2
:105C6000F481002840F08780BCF1090F00F28380A6
:105C7000DFE81CF06F018901810083018100F200DF
:105C80004900810058011E0112F0280F8ED154499D
:105C90008E4501D9120481D4DCF81020DBF80412FF
:105CA000C2F312028A1ACBF81422DBF8082211443C
:105CB000D5F8102258EA0202CBF8081210D1494A4E
:105CC0000121F0F715F8454B0AE047498E4512D1FE
:105CD00011043FF563AF900602D52022CCF80820CE
:105CE0001C223146D5F8040402FB0633D3F80822FF
:105CF000FFF7F3F95AE7D5F8101258EA0101EFD18E
:105D000005F57172DDE70023ADF83030330A013B51
:105D1000062B30D8DFE803F00416222F2F4E570051
:105D2000D5F8B0321B680CA9287C9847BDF8302004
:105D3000002A64D0B5F8AE32002B57D12846FEF7C2
:105D40007BF860E02A7CD5F8B4322AB99B6A0CA8AB
:105D5000984702234370E9E7DB6AF8E7F1B20529C7
:105D60001FD8DFE801F0030A0E12161AD5F8B03278
:105D70005B68002BD7D12846BDE0D5F8B0329B68D0
:105D8000F7E7D5F8B032DB68F3E7D5F8B0321B6936
:105D9000EFE7D5F8B0325B69EBE7D5F8B0329B6935
:105DA000E7E7D5F8B4329B6B002BE4D00CAA284669
:105DB0009847BBE72B7C002BDDD1D5F8B4320CA87B
:105DC0005B6B9847B2E72B7C002BD4D1D5F8B4326B
:105DD0000CA81B6B98470723BCE700BF343F022485
:105DE0000A30544FF84202240A31544F9A42014675
:105DF000284628BF1A46ADF83020FEF711F8B5F84E
:105E0000AE32002B9AD0019B1A46CC4B9A4208D94D
:105E1000CB4B1969012904D103F571721868EFF7AA
:105E200067FF1AF0100F02D01023C9F808301AF0DB
:105E3000200F02D02023C9F808301AF4005F03D0E5
:105E40004FF40053C9F8083008F101087F0809F140
:105E500020090BF11C0B76E61A438CD17F2E8AD8D1
:105E600095F89C32032B86D0F3B2D5F8C01285F892
:105E70009E3291F8BC03012810D0086881F83830B0
:105E8000D0F8003823F4FE63C0F80038D0F80038AA
:105E900043EA0613C0F8003881F8BC232846FDF712
:105EA000CBFF1EB1022385F89C32ACE70123FAE751
:105EB000F1B2A44E012931703FF65DAF95F89C32E6
:105EC000022B09D0032B19D02846ECF701FE3178BC
:105ED0002846FDF73DFC96E700293FF42FAF01214E
:105EE0000323696085F89C322846FDF738FC0228B8
:105EF00028467FF424AFECF7EBFD84E739B90223A1
:105F00002846696085F89C32FDF722FC16E769682F
:105F100001293FF413AFC9B22846FDF719FC3178C7
:105F20006960E1E7012A7FF426AF95F89C32022BE5
:105F30000AD8002B3FF41FAF2946002341F8083F41
:105F40002846FDF76DFF5EE7032B7FF414AF291D94
:105F5000F6E795F89C32013B022B3FF60CAF022A84
:105F60007FF409AF0123EB60D5F8A4320BB1032312
:105F7000EB60022205F10C01E2E7012E7FF443AF52
:105F8000C5F8A462DAE695F89C32013B022B3FF695
:105F9000F2AE012E7FF437AF0023C5F8A432CDE670
:105FA00000F06002402A02D042063FF5E4AE95F8C8
:105FB0009C22013A022A3FF6DEAEDBB2022B3FF60C
:105FC000DAAED5F8B43228469B689847B5F8AE32B9
:105FD000002B7FF418AF00287FF415AFAEE600F079
:105FE0006000202831D040282FD000287FF4C3AE95
:105FF000BCF1010FD9B240D0BCF1030F2BD0BCF1E2
:10600000000F7FF4B8AE95F89C22022A00F09C8025
:10601000032A7FF4B0AE5BB201F00F001426002B10
:1060200006FB005080F29F808269002A3FF4A3AEF5
:1060300001F07F0202FB06662E4411F07F0240F061
:106040009E803260022231467AE7D5F8B432284683
:106050009B689847D7E695F89C32022B5AD0032BC1
:106060007FF489AE4B063FF469AE56EA02037FF433
:1060700065AE2846FEF7E5FF60E695F89C22022A09
:1060800048D0032A7FF477AE002E7FF4BCAE4A06D8
:106090003FF454AED5F8C02201F00F0150688142A0
:1060A0003FF64CAEC1EBC10013F0800F4FF01C0364
:1060B0004FEA800039D03C3003FB01230126104415
:1060C00083F83D6000230170837092F8BC33012B8C
:1060D0003FF434AE012311684FF0200C82F8BC333A
:1060E00043780678012B0CBF01F5106301F530638E
:1060F0001CFB0633196821F400111960C1780239BC
:10610000012903D8196841F080511960002382F8F1
:10611000BC3313E64E0628463FF4EDAEFEF791FF82
:1061200080212846FEF78DFF6DE600F5FE7003FB2B
:1061300001230026104483F8FD61C3E70A30544F61
:10614000343F0224F83E02244E067FF414AE1806B3
:106150004FF000034FF002024CBF05F1140105F5AA
:10616000AA710B60ECE6D0F85821002A3FF403AE88
:1061700001F07F0206FB025606F5AA765DE7002BCA
:10618000D5F8C0024FF01C03B5BF03FB020103FBAF
:10619000010391F83E3093F8FE3103B101233360DF
:1061A00050E700F08001BCE7029BD90740F10C8169
:1061B000D9F800009DF804A0D0F8101800F510627E
:1061C000D0F834580AF00F0802EB4A1225FA08F802
:1061D00092684FEAC8185FFA88F848EA010808EAA6
:1061E000020818F0010F42D0019BD4F8342803F0C4
:1061F0000F01012303FA01F122EA0102D9F810107C
:106200009942C4F83428CBF808300BD1019BD7E968
:1062100011522A44BA64D9F85020134302D1984A43
:10622000EFF766FD974BD3F80454BAF1000F40F036
:106230009B80D5F89422022A40F08E80D5E9082070
:10624000824260D9121A996CD5F8C0022A6292B2C1
:10625000ECF749FC52465146D5F8C002ECF758FC21
:1062600095F8A022012A02D1002285F8A02218F078
:10627000080F02D00822CBF8082018F0100F02D027
:106280001022CBF8082018F0400F02D04022CBF8A3
:10629000082018F0020F02D00222CBF8082018F0D4
:1062A000800F00F09180D7E91421914200F28C8098
:1062B000521A796CD9F800508A42019B05F5106C8E
:1062C00028BF0A4605F580510CEB431C033201EB55
:1062D0000A339208DCF818E01FFA8EFE9645D7E9DB
:1062E00014016FD3884201D900284CD1019A0121B1
:1062F000D5F8343802F00F0201FA02F223EA020361
:10630000C5F8343860E0E969B1FBF0F200FB121225
:1063100072B988420CD8D5F89822914208D25246D8
:106320005146D5F8C002ECF7DEFBC5F898A291E71C
:10633000D5F8B422D2682AB195F89C12032901D16C
:106340002846904780212846FEF77BFE0522C5F8A7
:106350009422002211467FE732F0040380D180218D
:106360002846FEF76EFE7BE7D5F8B4225269002A74
:106370003FF47DAF95F89C1203297FF478AF514626
:106380002846904773E7411A7A6C99F810009142B9
:1063900028BF1146CA1C920830B1B86C0844B864D2
:1063A000786D0144796595E788B2D7F848E0033005
:1063B00080080EEB80007045EFD05EF8048BC3F8C8
:1063C0000080F8E7884291D9019B1C370BF1200B24
:1063D00001330193029B5B080293FFF71FB8D3F8C8
:1063E000043493F89C2283F89D22042283F89C2293
:1063F000FFF77BB89F60203353F8201C21F4001175
:1064000043F8201C53F8201C41F0006143F8201C85
:10641000C3F8E871D3F8E01121F40011C3F8E011DA
:10642000D3F8E01141F00061C3F8E01103990131A4
:106430000391FFF775B8536943F4005343F02B03FE
:106440005361136943F00B031361FFF783B80F2304
:10645000FFF7F3B80E23FFF7F0B80D23FFF7EDB801
:106460000C23FFF7EAB80B23FFF7E7B80A23FFF77F
:10647000E4B80923FFF7E1B80823FFF7DEB800BF4F
:10648000F8420224343F0224094B0A4A1978FF29B2
:106490000BD101339342F9D1074A1978FF2904D16E
:1064A00001339342F9D1012070470020704700BFAB
:1064B0000003000800040008000500085248F8B571
:1064C0000578BFF35B8F15F0010540F09280F6F779
:1064D00083FF002800F08D804C4C5C224C4B2946F9
:1064E00004F108004B4E236001274B4B636002F020
:1064F000CDF93B23201DC4F8A850A4F89A30474B8F
:10650000A4F86850C4F88C5084F89850C4E9276304
:106510004FF4003366266366414BA4F8A460C4E9D7
:106520002437404BC4E92B35F6F704FE04F1BC00D8
:10653000A4F8B860F4F77CFC3B4B3C48C4F8F43159
:10654000C4F8005284F80452FBF718FCF4F77CFA04
:10655000374A1568092D51DC364B1B68981E1946C1
:1065600003F1120630F9027F662F4AD0B042F9D10A
:10657000143308460231B0F9006001363BD166237E
:1065800003800135156000252848FBF7F7FBF4F779
:106590003BFA0020002100224FF0FF33C4F8B45032
:1065A000C4F8602184F8542184F8FD2184F8FE2188
:1065B0000222C4F81831C4F8E830C4F8FC30C4E949
:1065C00044014FF400300121C4F8F8010320C4F85D
:1065D000281184F8F010C4E93802C4E93D333522AB
:1065E0004FF080730848C4F8EC20C4F80031F6F787
:1065F000EBFE0648F8BD9942BBD1C2E76FF001053A
:10660000C2E74FF0FF35BFE7AC2B0224C02C0224B9
:1066100030BD01083C0042001CB3010856005A007E
:1066200040420F0035D10008005A6202781402245B
:10663000A0140224D00600242DE98048744AA7B093
:10664000136804AF53B9734B7349196001F50231F4
:106650000B6843F480730B60012313600720DFF89D
:10666000E8B1FDF731FB10F0010000F0C580012317
:106670006A488BF8003003F027FD0020684EFDF7D4
:1066800023FB054667480478BFF35B8F14F00104D1
:1066900030D1F6F7A1FE68B3634BD3F8D020510098
:1066A00000F1AD80D3F8D020002AC0F2A880D3F842
:1066B000D020D20000F1A580D3F8D020500100F105
:1066C000A080D3F8D020D10100F19D80D3F8D02054
:1066D00012020BD4D3F8D020900200F19680D3F8A8
:1066E000D03013F4800F0CBF0B2401244D483470BC
:1066F000F6F76AFE4D4C2378BFF35B8FD9070BD4B6
:106700002046F6F769FE38B1474B2046D3F8D02033
:10671000474B1A60F6F758FE434A0820D2F8D030AB
:1067200043F48033C2F8D03034782146FDF7B0FA14
:10673000012C08D14DF659710020FDF7A9FA4FF44C
:10674000FA70F0F76DFBF0F745FB0A20F0F768FBF5
:106750004DF659739D4200F02082FFF795FE0446E6
:10676000002800F03B829BF8003013B1314803F061
:10677000ABFC40F2AA739D4240F041810120FDF73D
:10678000A3FA0546C4B20220FDF79EFA8046032014
:10679000FDF79AFA9BF8003078612BB10346424628
:1067A00021462548F4F76AFB2448FBF787FF14F0DD
:1067B000020F234E61D014F0600A4FF02800DFF87A
:1067C0008C9045D0F6F7F2FD002308F10062C8F581
:1067D0000011C0F8009080F820304362C0E9042323
:1067E0000132C0E90133C0E9061301D0002943D1C9
:1067F00000211448ECF710F98BF800003DE706245F
:1068000074E7042472E7032470E702246EE700BFF4
:10681000F8680224C4270224004000588DB60108FD
:10682000C82E0224B02B022400440258B42B0224A8
:10683000CC2E0224ABB60108C8B60108283F0224BA
:10684000F43E02240101FF80E40A022408A90108A1
:10685000F6F7ACFD4FF000620023C0F808A080F806
:1068600020A0C0F824A0C0E904234FF400120023A4
:10687000C0E9009AC0E906233060620702D5FFF73D
:106880001DFE3060230705D59BF8003013B1C448C6
:1068900003F01AFC280614D528203568F6F786FD83
:1068A000C04B002280F819803060C0E90035002319
:1068B000C0E90223C0E9042300230376C36180F802
:1068C000203014F0400FB84D08D0C820F6F76EFD08
:1068D0008146B649ECF7CEF8C5F80090A10607D579
:1068E0005420F6F763FD0446B049ECF7A7F82C6096
:1068F00028683168002800F0AB8003685B6A98471D
:106900000646002840F0A180A949AA4801F0B4FB3E
:10691000804600286ED003460422012107F12000A2
:1069200001F026FC32463146404601F031FC386A1F
:10693000FCF7B6FD421C044600F01E819D4907F19C
:106940001800FBF72DFA07F11800F7F76FFA054664
:1069500000283ED101F018F913237D610360204621
:106960004FF00009ECF754F9B0F5804F924D28BF75
:106970004FF48040064601F017FF82467B69994537
:1069800080F0D480434632460121504601F0F0FBAE
:1069900004EB090120463961ECF73AF939690246FE
:1069A000B1FBF0F300FB13133BB92846FBF7DAFB0E
:1069B00042F21070F6F7F0FC39690A463346514648
:1069C0002846FBF71BFD4FF47A70B144F6F7E4FC60
:1069D000D4E7036807F13002B9699B699847051E3F
:1069E00005DA6D4201F0D0F87E610560B7E73B6CD7
:1069F0007B61B4E76FF002010020FDF749F96F4BAE
:106A00009BF800101A6802F07F42B2F1005F00F0BC
:106A1000B8801A6802F07F42B2F1105F00F0B180D6
:106A20001A6802F07F42B2F1405F00F0AA801B6852
:106A300003F07F43B3F1605F00F0A380002900F012
:106A4000AC805F4803F040FBA7E06FF00101D3E7A3
:106A500000296BD06B46084608EE903A0B689B689D
:106A600098470546002840F08980306803689B6A93
:106A70009847102802463068B8BF1022016893007A
:106A8000073323F00703ADEB030DD3170DF1100906
:106A9000CDE900232B464C6942464946A047D9F828
:106AA0000000FCF7FDFC431C044662D0ECF7B0F894
:106AB000B0F5804F28BF4FF48040814601F074FE4E
:106AC00008EE100A7B69AB422DD93068002218EE1F
:106AD000101A0368019208EB0502CDF80090D3F874
:106AE00014A00023D04704EB050A2046ECF790F8E9
:106AF0000246BAFBF0F300FB13A33BB951462E4804
:106B0000FBF730FB42F21070F6F746FC4B4652465C
:106B100018EE101A2848FBF771FC4FF47A704D44B8
:106B2000F6F73AFCCEE718EE903A9D462248FBF77E
:106B3000A9FD244B00222448FB630021234BC7E915
:106B40000D223B6307F13003CDE90201FA6B2048C7
:106B500000920ECBF7F712FB9BF8003013B11D48E3
:106B600003F0B2FA00210846FDF792F8F0F71AF99F
:106B7000FEE718EE903A9D4621463DE76FF003018F
:106B80003AE719B10D491448F4F778F9002108469D
:106B9000FDF77EF80948F7F7E7F8FEF7DBFA00BFE4
:106BA000E4B6010884BD0108303F0224FFA60108B5
:106BB000F9B60108FCB60108283F022400000408C9
:106BC00037B70108F5340108400D0300D13401083E
:106BD000600600240BB701081CB70108834B07F1BE
:106BE0003005834AFB63834B3B630023C7E90D00F9
:106BF000CDE90223FB6B8048009395E80E00F7F780
:106C0000BDFA21462046FDF743F89BF8003013B14A
:106C10007A4803F059FA7A4C4FF4707600213246E4
:106C2000204601F033FE774B04F12001002063621F
:106C3000A146754B2365754BE365EDF749F904F102
:106C40004C010120EDF744F904F158010220EDF761
:106C50003FF9626A7861294600203E63ECF7F8F953
:106C600088BB3B6B2946226D0120A3623E63ECF793
:106C7000EFF9F8B109249BF8003023B14FF470719B
:106C80006348F4F7FBF801239C4289F864302CD167
:106C90005B4C604E94F86430042B87F8373000F278
:106CA0000483012B00F2078300F09783FF2384F80D
:106CB000643092E33B6B2946E26D022063653E63DC
:106CC000ECF7C6F908B10124D5E73B6B206A2366CF
:106CD000ECF7F2F90446D9F85800ECF7EDF9A042C8
:106CE0002CBFC9F86800C9F868400020EDF766F9C4
:106CF000824658B19BF800301BB100214648F4F79A
:106D0000BDF83F4B012283F86420C1E7D9F828E0A1
:106D1000BEF5707F04D8D9F854C0BCF5707F07D990
:106D20009BF80030002BECD03C4803F0CDF9E8E7AD
:106D3000D9F858300446D9F824B002469B68014679
:106D4000064638617B60D9F85030FB6003468E45BB
:106D50000ED894450CD88E452E4C04D1944502D1C2
:106D60003B699E4262D02378002BCAD02C48DCE7D6
:106D700083421BD10BEBC108FD680131D8F80480B8
:106D8000434405EBC2080132D8F8048040448342F2
:106D9000DDD138691E44184438617868984221D2A0
:106DA0001C4B1B78002BACD01E48BEE70FD20BEB60
:106DB000C108022CD8F80480434405D1154B1B7838
:106DC000002B9ED01848B0E701310124DFE7FD68B1
:106DD000012C05EBC208D8F804804044EED0013203
:106DE0000224D4E7002420462346B0E7F534010806
:106DF00090D0030029350108B00B022449B70108DF
:106E000020070024F84A0224FC860224FC6802249D
:106E10005CB70108E40A02249CB70108C6B7010860
:106E20005BB8010826B80108F2B701082022FF214B
:106E300007F13C0001F02AFD0123002007F12001A9
:106E40003B6303F10123F865C7E90D30EDF7E2FA82
:106E500007F118010220EDF7DDFA23783BB397F82C
:106E60002030012B61D0A74AA749032B18BF0A463F
:106E700097F8231097F82130019197F82210A34832
:106E80000091A349F3F7FAFF237883B13B7E012BEE
:106E90004DD09C4A9C49032B18BF0A46F97E7B7E45
:106EA0000191B97E994800919A49F3F7E7FF97F865
:106EB00022304FF0000B97F820503E7EDFF85882CA
:106EC0003B61294698F80000EDF7E7FA002834D036
:106ED000314698F80100EDF7E0FA70B398F8022017
:106EE000042A02D03B699A4227D18B4B03EB8B03D8
:106EF000DD78237853B1E5B1012D1CD08749884B4B
:106F0000022D18BF19468748F3F7B8FF012DFD651C
:106F100000F0B080022D00F0AF80E5B12378002BA7
:106F20003FF4EFAE00218048E9E6804AA0E77F4ABF
:106F3000B4E77F49E7E77F49E5E70BF1010B08F18B
:106F40000408BBF1040FBCD123781BB17A4803F0CD
:106F5000BBF80023FB6597F83530012B40F02A8100
:106F60003B6B012B40F0268197F83400012840F05C
:106F7000218197F83760012E40F08A8107F11801CE
:106F80000020EDF747FA0546002840F0458107F15B
:106F900020013046EDF73EFA012840F03A8123788F
:106FA0001BB129466548F3F769FF654B3B62002337
:106FB00087F82430FB7E4FF000083D7E3B6197F858
:106FC000206097F8233097F81AA0DFF880B1FB60B3
:106FD00029469BF80000EDF760FA002800F02281B6
:106FE00031469BF80100EDF758FA002800F01A81AD
:106FF0009BF80220042A03D03B699A4240F0128198
:107000009BF80320042A03D0FB689A4240F00A81CF
:107010009BF80420042A02D0524540F003812378D3
:107020007BB19BF80530022B00F0F880032B00F0B9
:10703000F78044493A4A042B18BF11464248F3F7F7
:107040001DFF9BF80540A31E022B00F2E580022CD9
:1070500003D0042C0CBF04240324012007F13001C9
:10706000EDF792F8002800F0EB8001280CBF012416
:107070000524E5E04FF0020A07F120015FFA8AF0EB
:10708000ECF726FF064600287FF448AFD7F820B07B
:107090005846EDF710FA9BF800303861022B06D005
:1070A000012B2BD90725386AECF7FEFE35E74FF0A8
:1070B000030A0025A84638690123D9F8681007F1AA
:1070C000180201FB08015846ECF786F800286FDB30
:1070D000012207F118015846EDF7D6F8002837D0FD
:1070E00016B1002D08BF454608F10108C245E2D19E
:1070F000002E40D0002D08BF554631E04FF4346AD1
:10710000D7E700BF60B6010866B6010894B8010869
:1071100086B80108D3B8010888BE0108E1B90108A2
:107120006AB60108DBB8010822B901085BB601089C
:10713000FDB8010853B80108EEB8010853B90108B9
:10714000030103037CB601089CB9010898BE01083D
:1071500066B3002DC8D0237813B1A74802F0B4FF5E
:107160000323B5FBF3F35A1C03EB4303ED1A3A6315
:10717000013587F83450386A012307F11802816815
:107180008039ECF729F8054600287FF4C7AE0122C4
:1071900007F11801386AEDF777F808B101233B765B
:1071A0003B7E03F00F0387F837307CE701269BE72F
:1071B000012578E707F13000904DEDF7C5F997F814
:1071C000373085F86430033B012B05D8EDF704F91F
:1071D00010B1FF2385F8643097F83730023B022B5B
:1071E0000BD8ECF71FFF40B1FF2385F864302378FC
:1071F0003BB1834802F068FF03E095F86430FF2B51
:10720000F5D007F13000ECF7D9FE012385F86430A2
:107210003EE500283FF4CEAEFF2411E079490DE7AA
:1072200079490BE708F101080BF1060BB8F1030FE0
:107230007FF4CEAE237813B1744802F045FF0124E9
:107240006E4B83F864406D4B93F86430012B7FF4F0
:107250001FAD0020ECF78EFE0446002007F1300140
:10726000ECF792FF14B100283FF412ADD9F82C408E
:10727000012007F13001ECF787FF654B9C427FF45A
:1072800007AD00287FF404AD042389F86430FFE4DF
:1072900007F13001ECF778FF584B08B1052232E5D1
:1072A00097F8372083F86420CDE7052B7FF4FEACF8
:1072B000EDF792F87CE00020ECF75CFE054600203C
:1072C00007F13001ECF760FF0DB100287DD0337875
:1072D0003BB1504802F0F8FE337813B14E4802F04B
:1072E000F3FE07F1180100200025ECF7F1FD07F18E
:1072F00020010120ECF7ECFDA846D4F828B0C345E6
:107300002ED1236C13F00C0F39D133781BB12946E1
:107310004248F3F7B3FD00230095B9691A46386A6D
:10732000EBF7E8FF7861002835D1D9F850300146F5
:10733000386A5A68EBF714FFD9E91423013B52F875
:10734000331002EBC30013684268C91A386AEBF7BE
:1073500007FFB869ECF7A8FD386AECF7A5FD1AE05D
:10736000D9F824302946B86903EBC80308F10108AD
:10737000D3F804A052465544EBF7F2FEBFE7284984
:1073800007F130033A6A01F14000ECF795F8002864
:1073900011DA03237B6194F86430DA1E012A1AD8CB
:1073A000EDF71AF8786100287FF480ACECF73AFE2C
:1073B000786190B17AE4A8D107F13002012119482F
:1073C000ECF7CAFE0028A0D0E3E707F13000EDF7A4
:1073D000BBF87861DFE7022BE8D094F86430FF2B2C
:1073E00025D1337803BB07F13000ECF7E7FD786176
:1073F00008B34FF0FF352DE002B901082007002443
:107400004AB9010883B6010888B60108ADB9010878
:107410003DB8F396BFB90108EEB9010809BA0108F1
:107420004C0700248C0700241E4802F04DFE94F8FF
:107430006430012BD7D100210846ECF7A5FE0546A4
:1074400040B930220146B81801F020FA236A7D6164
:107450005B68BB60A06DECF727FDE06CECF724FDEA
:10746000206AECF721FD7B69002B08BF2B461D46E7
:107470004BB13378002B3FF490AB29460A48F3F721
:10748000FDFCFFF78ABBFCF799FFA468BB682344A7
:107490001C4633781BB121460448F3F7EFFC204625
:1074A000F6F762FC4AB9010848BA010877BA010840
:1074B0001FB5134B6C460B250FCB84E80F002046FD
:1074C0001C24FDF717FD0F4B18600F480F4B45604C
:1074D00003600F4BC4608360FDF70CFD0D4B18601B
:1074E0000D480E4BC460C0E900350D4B8360FDF7BD
:1074F00001FD0C4B186000F0C1FFFFF79DF800BFC5
:1075000070BC0108882702243C430224AABA01085F
:107510004C43022480270224FC3E0224B7BA01080F
:107520000C3F0224402702248A4A2DE9F84F1368B1
:1075300053B9894B8949196001F502310B6843F44D
:1075400080730B60012313600020854CFCF7BCFBAB
:1075500040F2AA73834D984263D10120FCF7B4FB3B
:10756000C0B220600120FCF7AFFB00F007002071E3
:107570000120FCF7A9FBC0F3001060710120FCF7AB
:10758000A3FBC0F3C010A0710220FCF79DFBA0601C
:107590000320FCF799FBE0600420FCF795FBC0B2E8
:1075A00020620420FCF790FB00F0070084F8240020
:1075B0000420FCF789FBC0F3001084F825000420A8
:1075C000FCF782FBC0F3C01084F826000520FCF70E
:1075D0007BFBA0620620FCF777FB2B78E0628BB187
:1075E000614802F071FD2B7863B1227921685F4810
:1075F000F3F744FC2B782BB194F82420216A5C48E3
:10760000F3F73CFC237994F8242003F002019A421A
:1076100040F01481F9B12B784BB3564802F054FD79
:1076200025E002204FF4F013A4210422A06221607F
:10763000A2802162A284C4E9020301234FF4003036
:10764000A37184F826302B78E062002BDAD04A4808
:1076500002F03AFDD6E7130703D52B783BB1474834
:10766000DCE7570714D5FEF729FF20612063637913
:10767000002B3AD023799E070FD52B7833B13D48A4
:1076800002F022FD6379002B00F08980BDE8F88FBD
:107690002B78002BEBD03A48C0E713F0080604D053
:1076A0002B78002BF2D03548EAE7580718D5282068
:1076B000344FF5F77BFE216906720676D4E9022382
:1076C000C0E90071C0E90426C0E908362BB90123DE
:1076D000002203760023C0E9082360616063D1E7DC
:1076E0002B78002BD2D02648CAE7A379002B53D0A1
:1076F000226A23689A4204D02B7813B1224802F000
:10770000E3FCA268A36A9A4204D02B7813B11F4805
:1077100002F0DAFC28201E4EF5F748FE2269002709
:10772000A168606141766063C0E9006200220026C2
:107730000276C26180F82020C0E90267C0E90467D0
:10774000F3F778FF00289DD02B78002B9AD01148B2
:1077500096E700BFF8680224C427022400400058BE
:10776000B0050024E40A0224C1BA0108D3BA010812
:10777000EABA010812BB0108FFBA01081DBB0108E3
:1077800025BB01083CBE01082EBB010837BB010820
:1077900084BD010841BB01082369636163632368F9
:1077A000590643D5C820F5F701FE73490646EBF7A5
:1077B00061F9E661E06961690368E0635B6A9847C3
:1077C00020B12B7813B16D4802F07EFC38200126E1
:1077D000F5F7ECFD0027E3680025694A4FF480586F
:1077E000DFF8C4B14FF00009DFF8C0A18260C0F833
:1077F00000B04561A061C0E903A3C0E90667C0E924
:107800000867C0E90A893820F5F7D0FDE36A5D4AC8
:10781000C0F800B0C0E9022AC0E90435C0E9066733
:10782000C0E90867C0E90A89A0632FE75420F5F78B
:10783000BDFD51490646EBF701F9BAE729B12B78AE
:1078400073B1514802F040FC0AE01A0703D52B78C7
:1078500033B14E48F6E75F070CD5FEF72FFE2061E7
:1078600094F824309E070AD52B789BB1484802F043
:107870002BFC0FE02B78002BF2D04648E2E71807EC
:1078800003D52B7833B14148F1E759070ED5FEF700
:1078900015FE20636679002E42D023799A070AD517
:1078A0002B7843B3384802F00FFC24E02B78002BF0
:1078B000F0D03948DBE713F0080603D02B78D3B1BA
:1078C0003248F0E75F0726D52820344FF5F76EFDE4
:1078D000216906720676D4E90223C0E90071C0E985
:1078E0000426C0E908362BB90123002203760023C1
:1078F000C0E90823606194F82560002E00F0DD8067
:1079000094F8243098072FD52B78002B69D0204885
:1079100002F0DAFB65E02B78002BECD01D48C2E7C3
:10792000A379F3B128204FF00008F5F73FFD4FF0A1
:1079300000092169A2681A4F06764276C66180F86E
:1079400020606061C0E90071C0E90289C0E9048972
:10795000F3F770FE0028CED02B78002BCBD0114847
:10796000A1E723696361C6E713F0080620D02B78EE
:10797000002B36D00548CBE7FFA6010848BB01081D
:1079800050BB010863BB010812BB01081DBB010805
:107990007EBB010873BB010889BB01083CBE01081E
:1079A00084BD010894BB0108E8BD01085FBB010864
:1079B00059077DD528205C4FF5F7F8FC216B06723E
:1079C0000676D4E90A23C0E90071C0E90426C0E9BB
:1079D00008362BB90123002203760023C0E90823CF
:1079E00060636379002B2FD123685A0640F18C80A5
:1079F000C820F5F7DBFC4D490646EBF73BF8E6619E
:107A0000E069616903685B6A984720B12B7813B11C
:107A1000474802F059FB3820F5F7C8FC454AE368AF
:107A20000260454AA0618260444AC0E90323002302
:107A3000012243610023C0E90623C0E908234FF473
:107A400080520023C0E90A2394F82530002B7FF4EC
:107A50001DAE236A5B065FD5C820F5F7A7FC384941
:107A60000646EBF707F8E663E06B616B03685B6A59
:107A7000984720B12B7813B1324802F025FB38200B
:107A8000F5F794FC2B4AE36A02602F4A82602B4A86
:107A9000C0E903230023012243610023C0E9062338
:107AA000C0E908234FF480520023C0E90A23BBE653
:107AB0002B78002B95D025482AE794F8263003B37D
:107AC00028204FF00008F5F771FC4FF00009216BFA
:107AD000A26A1F4F06764276C66180F82060606316
:107AE000C0E90071C0E90289C0E90489F3F7A2FD89
:107AF00000283FF476AF2B78002B3FF472AF154887
:107B000006E7236B63636CE75420F5F74FFC0749E6
:107B10000646EAF793FF72E75420F5F747FC084959
:107B20000646EAF78BFF9EE73CBE0108AEBB0108A4
:107B3000B2BB0108E8BD0108C3BB01085FBB010877
:107B4000D3BB0108D7BB0108E8BB010889BB01080A
:107B500084BD0108A1BB010810B5FEF795FC68B90A
:107B6000074C23781BB9FFF7DFFC01232370054B7B
:107B70005A790AB1586910BD9869FCE70020FAE704
:107B8000A0060024B0050024014B1868704700BF10
:107B90003C03002470B505460C4611B9002630465A
:107BA00070BD18B183690BB900F094F92C4B9C425D
:107BB00014D16C68636ED80705D4A389990502D4E3
:107BC000A06D00F08AFDB4F90C308BB9666E16F02A
:107BD0000106E3D1A06D00F082FDE0E7214B9C425D
:107BE00001D1AC68E6E7204B9C4208BFEC68E1E7B6
:107BF0002146284600F042F8236B064633B1216A3D
:107C0000284698470028B8BF4FF0FF36A3891A06C8
:107C100003D521692846F6F703F9616B41B104F1F8
:107C20004403994202D02846F6F7FAF8002363632A
:107C3000A16C21B12846F6F7F3F80023A36400F005
:107C400031F90023A381636EDB0702D4A06D00F03D
:107C500046FDA06D00F03FFD00F02AF99FE700BF50
:107C600030BF010850BF010810BF0108024B014698
:107C70001868FFF78FBF00BF3C0300248A892DE9F5
:107C8000F041054610070C4658D44B68002B05DC24
:107C90000B6C002B02DC0020BDE8F081E66A002EB0
:107CA000F9D0002312F480522F682B6032D0606D1F
:107CB000A3895A0705D56368C01A636B0BB1236C9F
:107CC000C01A00230246E66A216A2846B047431CD0
:107CD000A38906D129681D292CD82A4ACA40D6076B
:107CE00028D500226260D9042269226004D5421C92
:107CF00001D12B6803B96065616B2F600029CAD080
:107D000004F14403994202D02846F6F789F800208E
:107D10006063C1E7216A01232846B047411CC7D1EF
:107D20002B68002BC4D01D2B01D0162B01D12F6046
:107D3000B1E7A38943F04003A381ADE70F69002FAA
:107D4000A9D093070E6808BF4B690F6018BF0023C6
:107D5000A6EB07088B60B8F1000F9CDD216AA66ACC
:107D600043463A462846B047002806DCA38943F03C
:107D70004003A3814FF0FF308EE70744A8EB0008D3
:107D8000E9E700BF0100402038B50B6905460C4605
:107D900013B90025284638BD18B183690BB900F026
:107DA00099F8144B9C421BD16C68B4F90C30002B31
:107DB000EFD0626ED00704D4990502D4A06D00F014
:107DC0008CFC28462146FFF759FF636EDA0705460B
:107DD000E0D4A3899B05DDD4A06D00F080FCD9E739
:107DE000054B9C4201D1AC68DFE7044B9C4208BFC5
:107DF000EC68DAE730BF010850BF010810BF010886
:107E0000014620B9044B0549186800F018BB044B23
:107E10001868FFF7B9BF00BF70BF0108897D01086E
:107E20003C030024002310B50446C0E90033C0E938
:107E30000433836081814366C281836119460822CD
:107E40005C3000F023FD054B6362054BA362054BDC
:107E5000E362054B2462236310BD00BFC98B010898
:107E6000EF8B0108278C01084B8C0108014900F0B9
:107E7000E6BA00BF897D010870B54A1E68255543E2
:107E80000E4605F17401F5F7CFFF044640B100211D
:107E9000C0E900160C30A06005F1680200F0F6FCA5
:107EA000204670BD014800F018BC00BF4CA502245C
:107EB000014800F014BC00BF4CA50224014800F0AA
:107EC0000CBC00BF4BA50224014800F008BC00BF59
:107ED0004BA5022410B50446FFF7F0FFA3691BB1C0
:107EE000BDE81040FFF7F0BFC4E912332365134B20
:107EF000134A1B68A262A34204BF0123A361204668
:107F000000F020F86060204600F01CF8A0602046D9
:107F100000F018F80022E06004216068FFF782FF9B
:107F2000A06801220921FFF77DFFE06802221221EB
:107F3000FFF778FF0123A361D2E700BF70BF0108FC
:107F40006D7E0108F8B50746FFF7ACFF1E4B1E68B3
:107F5000B36913B93046FFF7BDFF4836D6E901349F
:107F6000013B03D533680BB33668F7E7B4F90C501F
:107F7000D5B9164BE36004F15800656600F0AAFB22
:107F8000FFF796FFC4E90155C4E904552560A561D2
:107F90000822294604F15C0000F078FCC4E90D5584
:107FA000C4E912552046F8BD6834D9E704213846A3
:107FB000FFF762FF044630600028D5D1FFF778FF55
:107FC0000C233B60EEE700BF70BF01080100FFFF1C
:107FD000F7B50F46114601AA054601F093F806468B
:107FE00018B90024204603B0F0BD2846FFF7AAFFC9
:107FF00004460028F5D03946019A4FF4DB73284631
:1080000000F02CFD071E09DA0025FFF74BFFA06DDD
:10801000A58100F060FBFFF74BFFE2E7636EDB0733
:1080200005D4A389980502D4A06D00F056FB0E4B31
:1080300063620E4BA3620E4BE362F1050D4BE781C9
:10804000A6812462236305D5022300222146284607
:1080500000F09CF8636EDA07C4D4A3899B05C1D4F1
:10806000A06D00F03CFBBDE7C98B0108EF8B010858
:10807000278C01084B8C0108024B0A460146186800
:10808000FFF7A6BF3C0300242DE9F74F1F46134618
:108090007B430C9C06468A4691469B465FD018B1AE
:1080A00083690BB9FFF716FF2E4B9C4228D17468E9
:1080B000636EDB0705D4A3899D0502D4A06D00F093
:1080C0000CFB6368002B01DA00236360D846D4E917
:1080D000001545451ED34246504600F0C9FB606876
:1080E0002168636EA0EB08004144DA0760602160FC
:1080F0002FD4A3899B052CD4A06D00F0F0FA28E0C2
:10810000194B9C4201D1B468D2E7184B9C4208BF7E
:10811000F468CDE72A46504600F0AAFB23682B44BA
:1081200023602146A8EB05033046019300F0B2FC22
:10813000AA44019B88B1636ED80705D4A389990529
:1081400002D4A06D00F0CBFA5D44A5EB0803B3FBAD
:10815000F9F7384603B0BDE8F08F9846B7E71F46F9
:10816000F7E700BF30BF010850BF010810BF01088A
:1081700007B5009313460A46014603480068FFF717
:1081800083FF03B05DF804FB3C03002400F00AB851
:1081900013460A4601460248006800F003B800BFD3
:1081A0003C0300242DE9F0410C4617461D460646C7
:1081B00018B183690BB9FFF78DFE514B9C4222D158
:1081C0007468636ED90705D4A3899A0502D4A06D9B
:1081D00000F083FAA38903F48473B3F5847F03D199
:1081E00021463046FFF7D0FDD4F82C80B8F1000FBF
:1081F00013D11D233360636ED90778D54FF0FF3557
:108200002846BDE8F0813F4B9C4201D1B468D8E7D5
:108210003D4B9C4208BFF468D3E7012D36D035F0C2
:10822000020362D123691BB92146304600F07CFA73
:1082300021463046FFF7A8FD0028DCD1216A2B46F5
:108240003A463046C0470130D5D0616B41B104F1A8
:108250004403994202D03046F5F7E2FD0023636300
:1082600023692360A389002623F402636660A38147
:108270000822314604F15C0000F008FB656E15F041
:1082800001053BD1A3899B05BAD421E021463046A4
:10829000FFF77AFDA28912F480520CD0656DA38994
:1082A0005A0719D56368ED1A636B0BB1236CED1A8D
:1082B0002F440025B6E72B46216A3046C047431CB1
:1082C0000546ECD1636ED80798D4A389990595D457
:1082D000A06D00F004FA93E71807E9D52368226936
:1082E000002BE5D09B1A1D44E2E7162382E7A38901
:1082F0009A0583D4A06D00F0F2F97FE735467FE759
:1083000030BF010850BF010810BF0108024B0146F1
:10831000186800F003B800BF3C03002470B50C4699
:10832000054618B183690BB9FFF7D4FD324B9C4267
:1083300014D16C68636EDA0705D4A3899B0502D457
:10834000A06D00F0CAF9E66ACEB91D232B60636EFA
:10835000DE070DD54FF0FF35284670BD274B9C42F8
:1083600001D1AC68E6E7264B9C4208BFEC68E1E728
:10837000A3899D05EED4A06D00F0B1F9EAE7A289CA
:1083800002F00C03082B19D12368BBB121695B1AD9
:10839000002B13DDD00511D502230022216A2846C7
:1083A000B047411C05460DD1636EDA07D2D4A389CC
:1083B0009B05CFD4A06D00F092F9CDE712F4805266
:1083C0000FD0656DA28956070DD56368ED1A636BF2
:1083D0000BB1236CED1A636ED907BDD49305BBD4E2
:1083E000E8E70123DAE71007F5D52368002BF2D080
:1083F00021695B1A1D44EEE730BF010850BF010838
:1084000010BF01082DE9F0410F4600F14804002695
:10841000D4E90185B8F1010805D52468002CF7D10D
:108420003046BDE8F081AB89012B06D9B5F90E3095
:10843000013302D02846B84706436835EAE72DE9FC
:10844000F8430646884600F148040027D4E9019520
:10845000B9F1010905D52468002CF7D13846BDE8EB
:10846000F883AB89012B07D9B5F90E30013303D05E
:1084700029463046C04707436835E9E770B50D4DDA
:108480000D4C641BA4100026A64209D10B4D0C4CC8
:1084900002F004F9641BA4100026A64205D170BDA9
:1084A00055F8043B98470136EEE755F8043B9847EA
:1084B0000136F2E70804002408040024080400241C
:1084C0001004002438B5074B1D68EB6B04461BB93C
:1084D000242000F069F9E863E96B2046BDE83840E4
:1084E00000F002B83C0300242DE9F3410746019156
:1084F00000F092FE01998046384600F091FE4369F3
:108500009A07044603F26C7605D1642296FBF2F3D7
:1085100002FB13637BBB4FF4C87396FBF3F503FBBD
:108520001565B5FA85F56D09684B302202FB0535F6
:1085300000F038FC00F042FC654B1B6853B3D8F8E0
:108540000430B34219D1D8F80010D7E90067D8E950
:108550000823D1B9964277EB030323DAD8E9122333
:10856000964277EB0303B4BF0123002323621BDB96
:10857000D8F828101AE00125D6E7304600F06AFB4B
:108580000028E0D14FF0FF3304E0964277EB03037D
:1085900002DA00232362EBE7D8E91223964277EB55
:1085A0000303F6DA01232362D8F850104FF4616315
:1085B0003C2091FBF3F603FB1613616893FBF0F28A
:1085C00000FB12302368891AA26861601B1A921B93
:1085D0003B2B2360A26035DD013161603C3B2360B1
:1085E00063683B2B34DD0132A2603C3B6360A368CF
:1085F000172B33DDE2690132E261A2690132062AFA
:10860000C8BF0022A261E268183B0132A36023695F
:10861000E26055F823108A420EDD0B2BA2EB01021B
:10862000E26003F1010209BF6369226100220133A4
:1086300002BF22616361E26100F0BAFB204602B032
:10864000BDE8F081002BCBDA013961603C33C6E72D
:10865000002BCCDA013AA2603C33C7E7002BEBDAFF
:10866000E269013AE261A269013A48BF0622A261C9
:10867000E2681833013AE260A360002ADCD1236982
:10868000013B05D42361236955F82330E360D3E728
:108690000B23236163695A1E626103F26B729307B5
:1086A00005D1642192FBF1F301FB132363B94FF46D
:1086B000C87192FBF1F301FB1323B3FA83F35B0957
:1086C00003F5B673E361DEE70123F9E774BF010840
:1086D0003CA5022470477047704770477047704749
:1086E00070B50E46B1F90E10002996B014461D461D
:1086F00007DA00232B60B3891A0610D44FF4806385
:108700000EE06A4600F034FD0028F2DB019A02F424
:108710007042A2F500535A425A412A60EEE74023C4
:108720000020236016B070BD8B8973B59D07064687
:108730000C4607D504F147032360236101236361DD
:1087400002B070BD01AB6A46FFF7CAFF009905464B
:108750003046F5F769FB48B9B4F90C309A05EFD407
:1087600023F0030343F00203A381E3E70D4BB3625D
:10877000A389206043F08003A381009B6361019B78
:1087800020615BB1B4F90E10304600F0F9FD28B15C
:10879000A38923F0030343F00103A381A0890543C8
:1087A000A581CDE76D7E0108024B01461868F5F7FB
:1087B0003BBB00BF3C030024024B01461868F5F7A1
:1087C0002FBB00BF3C03002400000000000000009D
:1087D00001F0FF01102A2BDB10F0070F08D010F872
:1087E000013B013A8B422DD010F0070F42B3F6D176
:1087F000F0B441EA012141EA014122F007047FF08F
:1088000000070023F0E80256083C85EA010586EAE5
:10881000010685FA47F5A3FA87F586FA47F6A5FA21
:1088200087F68EB9EED1F0BC01F0FF0102F007022D
:1088300032B110F8013B013A83EA010313B1F8D1D8
:108840000020704701387047002D06BF35460338B9
:10885000073815F0010F07D1013015F4807F02BFF2
:10886000013015F4C03F0130F0BC0138704700BF43
:108870000A44914200F1FF3300D1704710B511F85E
:10888000014B03F8014F9142F9D110BD0244034658
:10889000934200D1704703F8011BF9E713B54A432F
:1088A00011460192F5F7C0FA044618B1019A002169
:1088B000FFF7ECFF204602B010BD000037B50029DD
:1088C00048D051F8043C0190002BA1F10404B8BF3A
:1088D000E418F4F7ABFD204A01981368154633B944
:1088E0006360146003B0BDE83040F4F799BDA34263
:1088F0000BD921686218934204BF1A685B686360F1
:1089000004BF521822602C60ECE71A465B680BB17A
:10891000A342FAD911685518A5420BD12468214405
:108920005418A3421160DDD11C685B685360214478
:108930001160D7E702D90C230360D3E725686119DA
:108940008B4204BF19685B68636004BF49192160EA
:108950005460C7E703B030BD18A50224F8B5CD1C9C
:1089600025F0030508350C2D38BF0C25002D0646D3
:1089700001DBA94203D90C2333600020F8BDF4F7D2
:1089800055FD21490A6814469CB9204F3B6823B91C
:108990002146304600F008F938602946304600F09C
:1089A00003F9431C23D10C2333603046F4F738FD20
:1089B000E3E723685B1B17D40B2B03D923601C440C
:1089C000256004E06368A2420CBF0B605360304630
:1089D000F4F726FD04F10B00231D20F00700C21A56
:1089E000CCD01B1AA350C9E722466468CCE7C41C4C
:1089F00024F00304A042E3D0211A304600F0D4F85A
:108A00000130DDD1CFE700BF18A502241CA5022448
:108A1000F8B5074614460E4621B9BDE8F8401146A0
:108A2000F5F702BA22B9F5F7FBF925462846F8BD55
:108A300000F0C8FCA0420FD221463846F5F7F4F901
:108A400005460028F2D031462246FFF711FF314695
:108A50003846F5F7E5F9E9E73546E7E738B5074D74
:108A600004460846114600222A601A46F9F7EEF934
:108A7000431C02D12B6803B1236038BD54A50224E6
:108A8000838903F00903092B01D1FFF7B9B900204D
:108A900070470000F8B50C46054618B183690BB95C
:108AA000FFF718FA3B4B9C420AD16C68B4F90C20D2
:108AB00000236360A3899E060CD54FF0FF3066E06B
:108AC000354B9C4201D1AC68F0E7344B9C4208BF67
:108AD000EC68EBE7580748D4D90605D409232B6086
:108AE00042F04003A381E8E71A070BD52146284648
:108AF000FFF74AF90028E0D1A389A06023F008031A
:108B0000A381A061A38943F00403A38123691BB956
:108B100021462846FFF708FEA689B4F90C70B30772
:108B20000FD00123A3811E4B1E49186806F00906C9
:108B3000FFF768FC092EA78103D121462846FFF7DD
:108B40009DF82269666A6369216A22602846B047F7
:108B5000002860601CDCB4F90C3017BF002243F021
:108B60002003626043F04003BCE7616B0029CDD075
:108B700004F14403994202D02846F5F751F9236CD9
:108B8000636000206063002BC0D0E36B2360F8BDFE
:108B90000020FCE730BF010850BF010810BF0108EA
:108BA00070BF0108818A010838B5064D00230446CC
:108BB00008462B60F4F742FC431C02D12B6803B13A
:108BC000236038BD54A5022410B50C46B1F90E102F
:108BD00000F000FC0028ABBF636DA3891B1823F4D1
:108BE0008053ACBF6365A38110BD002070472DE9A1
:108BF000F0411F468B89DB0505460C46164605D518
:108C0000B1F90E100223002200F0CAFBA389B4F9C7
:108C10000E1023F48053A38132463B462846BDE81C
:108C2000F04100F04DBA10B50C46B1F90E1000F04D
:108C3000B7FB431CA38915BF606523F4805343F43D
:108C40008053A38118BFA38110BDB1F90E1000F0AD
:108C500049BA00002DE9F74F804600F0DDFA40F2F6
:108C6000B173984540F398806FF4F66343449B10CA
:108C700040F26D12A8F2B27502FB05356FF0630287
:108C8000A8F26D7393FBF2F31D444FF4C8736FF4B5
:108C9000C86298FBF3F703FB17874244B7FA87FCD7
:108CA000B2FBF3F208F0030315446422C0F8048019
:108CB00098FBF2F64FEA5C1C02FB1686044600F1B4
:108CC000500B00934FF0070E227A63694A2A28D18D
:108CD0000099EA1801B906B90FBB3B2BD4BF00239A
:108CE000012313445A1EA3692C4901FB0232A36AD3
:108CF00013441A46DB17C4E908232834A345E3D1FB
:108D0000D0E90845D0E91223944275EB0303B4BFC0
:108D1000012300230360012003B0BDE8F08F00238E
:108D2000DFE7442A01D1EA18DDE7009A72BB002E82
:108D30000CBFE0464FF001081949E26801924FF07C
:108D4000300A0AFB08182A464FF00009A8F1040867
:108D5000019909F10109494558F829A018DC02F1E7
:108D6000040898FBFEF9C9EBC909A8EB0909B3EBA4
:108D70000909236903F1FF3348BF09F10709C3EB70
:108D8000C3034B44534505DA1A44ACE7E046D3E746
:108D90005244DDE7073BF5E70020BDE780510100C5
:108DA00074BF01080148FFF797BC00BF4FA502241C
:108DB0000148FFF793BC00BF4FA50224014B186880
:108DC00000F002B83C0300242DE9F04F8DB00746B7
:108DD00000F022FAAE49AF4E0546384600F014FACC
:108DE000044670B9AC4BAD4A1860AD4B1860AD4B42
:108DF0003068C3E90022FFF7DFFC34600DB0BDE846
:108E0000F08F316800295FD13068FFF7D5FC20462C
:108E100000F030FB411C3846F5F706F830600028BA
:108E200057D12378A04AA1493A2B08BF01340AAE92
:108E30003346204600F0E0FA0028DFDD0A9BE71801
:108E4000E35C2D2B49D101374FF0FF340DF1200A9F
:108E50000DF11E0B4FF00008CDE9016A944903960D
:108E6000CDF800B0334607AA3846ADF81E80ADF8FD
:108E7000208000F0C1FA4045C0DDBDF81E30BDF8CD
:108E80002020DFF838923C2101FB0322BDF81C3082
:108E90004FF4616101FB03235C43AC62814C824B64
:108EA00023600A9B81491F444A463346384600F0F6
:108EB000A3FA404516DC23686360774BAA6A1A6000
:108EC000774BC3F8008099E700F0C2FA00289BD1E5
:108ED00094E7214600F0C6FAA3E72B2B08BF013721
:108EE0000124B3E70A9BC4F80490FC18FB5C2D2B0B
:108EF00040F08B8001344FF0FF370023ADF81C3079
:108F0000ADF81E30ADF820300A93CDE902A6CDE9C8
:108F100000B66749334607AA204600F06DFA0028DC
:108F200078DCAF6AA7F561670A9B2F651C442F4662
:108F30004FF0000923782C2B08BF013494F80080EF
:108F4000B8F14D0F78D10DF12603CDE9016309ABDE
:108F500000935849039633460DF12202204600F053
:108F60004BFA03287FF44AAFBDF822104B1E0B2B9F
:108F70003FF644AFBDF82420531E042B3FF63EAF0E
:108F8000BDF82630062B3FF639AFC7E9031287F844
:108F900008807B610A9B04EB03080223ADF81C30B8
:108FA0000023ADF81E30ADF820300A9398F8003059
:108FB0002F2B09D1CDE902A6CDE900B63E493346B3
:108FC00007AA404600F018FABDF81E30BDF8202070
:108FD0003C2101FB0322BDF81C304FF4616101FB11
:108FE0000323BB610A9C28374444B9F1000F20D009
:108FF0006868FFF72FFE284BAA6A1A602B6D9B1A30
:10900000274A18BF01231360F8E62B2B08BF013451
:10901000012772E7BDF81E30BDF820203C2101FB7E
:109020000322BDF81C304FF4616101FB03235F4351
:109030007AE74FF001097DE7B8F14A0F06BF013426
:10904000434644230A220BA92046059300F0AAFABE
:10905000DDF82C80059BADF82600A04514D14D23EA
:10906000B9F1000F07D12B7203210223C5E90313C5
:10907000C5F8149091E785F830300B220123C5E93B
:109080000D230023EB6388E780B23B72786184E7AD
:10909000D4BF010838A5022440A50224D7BF010887
:1090A0003CA50224A00300242BA50224DBBF010859
:1090B000FEBF0108EABF0108FDBF010820A5022488
:1090C00038B5074D04460846114600222A601A4664
:1090D000F4F7D4FD431C02D12B6803B1236038BDE3
:1090E00054A5022438B5064D0023044608462B60DB
:1090F000F4F71CFE431C02D12B6803B1236038BD7A
:1091000054A502240B78722B30B522D0772B24D0B3
:10911000612B27D016230360002030BD622D12D0B2
:10912000782D13D02B2D07D120F01C0023F0030342
:1091300040F0100043F0020311F8015F002DEDD163
:1091400023431360E9E743F48033F5E743F4006316
:10915000F2E7002423460420EEE74FF4C064012325
:109160000820E9E74FF4027401234FF48470E3E729
:1091700038B5074D00230446084611462B60F4F726
:10918000BFFC431C02D12B6803B1236038BD00BF74
:1091900054A502242DE9F84F074689461646F4F7F0
:1091A00039F9184B1C689A4634B14B46984613F867
:1091B000011B39B13D29F9D13846F4F725F90020D2
:1091C000BDE8F88FA8EB0908A34654F8040B002863
:1091D000F2D04246494600F055F90028F4D154F83F
:1091E000043C03EB080513F808303D2BECD1DAF80A
:1091F0000030ABEB03039B1038463360F4F704F9FF
:10920000681CDDE70004002407B501AAFFF7C2FFD0
:1092100003B05DF804FB000000487047A803002479
:109220002DE9F041D0E900670C46514A0023304651
:10923000394601F053F8394605464D4A3046002379
:1092400001F04CF8002ABCBF02F5A83202F5C0724A
:109250004FF4616105F52F20B2FBF1F301FB1322FE
:109260004FF03C01ACBF00F66C2000F66B20A36011
:10927000B2FBF1F301FB132263602260C31C0722DF
:1092800093FBF2F2C2EBC2029B1A48BF07330028DD
:10929000A361B8BFA0F50E333649AEBF90FBF1F124
:1092A000A3F52C7393FBF1F1334B03FB010048F65C
:1092B000AC62B0FBF2F2024440F2B45CB0FBFCF3EF
:1092C000D21A40F26D172D4BB0FBF3F36426D31A7C
:1092D000B3FBF7F5B3FBFCF3B5FBF6F2D31A03448B
:1092E00007FB1533992003EB830C0CF1020C03F1FF
:1092F000010EBCFBF0F7784302304FF00508B0FBDD
:10930000F8F0AEEB000040F2F95EF44594BF4FF088
:10931000020C6FF0090C67444FF4C87C0CFB015140
:10932000012F98BF0131B3F5997F0CD3A3F5997341
:10933000E361A1F26C710023E060C4E9047123626F
:109340002046BDE8F08115F0030F02D106FB125252
:109350005AB94FF4C876B5FBF6F206FB1252B2FAD0
:1093600082F252093B331344E2E70122FAE700BFDD
:1093700080510100B13A02004FC5FDFFB03A020032
:1093800038B5064D0023044608462B60F4F707FC69
:10939000431C02D12B6803B1236038BD54A50224BD
:1093A00038B5074D04460846114600222A601A4681
:1093B000F4F7C4FB431C02D12B6803B1236038BD12
:1093C00054A5022451F8043C181F002BBCBF0B58B5
:1093D000C018704738B5074D0446084611460022AC
:1093E0002A601A46F4F7F8FB431C02D12B6803B13C
:1093F000236038BD54A502240EB410B59FB021AC33
:109400004FF4017154F8042B0192ADF81C10049034
:10941000089000F02FF80C4B059009900D930B4825
:10942000019A006803940023119316934FF6FF737B
:10943000ADF81E3004A9234600F018F91FB0BDE8AE
:10944000104003B0704700BFEB8B01083C030024C1
:1094500010F8012B11F8013B012A28BF9A42F7D0DE
:10946000D01A7047034611F8012B03F8012B002A8C
:10947000F9D17047034613F8012B002AFBD1181AC3
:109480000138704710B56AB10139841810F8013BF2
:1094900011F8012F934203D1A04201D0002BF5D146
:1094A000981A10BD1046FCE72DE9F0433B4E864666
:1094B0008C4660461CF8014BA55D15F00805F8D1F7
:1094C0002D2C34D19CF800404FF0010800F1020C23
:1094D000002B5ED0102B0CD1302C0AD19CF8000050
:1094E00000F0DF0058284FD19CF8014010230CF108
:1094F000020C4FF0FF370025B7FBF3F703FB07F92A
:109500006FEA09092846A4F13006092E18D8344616
:10951000A34224DD002D1FDB87421DD301D1A145CD
:109520001ADB00FB034001251CF8014BEBE72B2C59
:1095300008BF9CF80040A84608BF00F1020CC7E72E
:10954000A4F14106192E01D8373CE1E7A4F16106E8
:10955000192E04D8573CDBE74FF0FF35E4E7002D28
:1095600007DA2223CEF800304FF0FF3042B9BDE8D1
:10957000F083B8F1000F00D04042002AF7D00DB1BF
:109580000CF1FF311160F2E73024002BB1D1082338
:10959000AFE7302CA2D00A23ABE700BF11C001080F
:1095A000FFF782BF13460A46014602480068FFF7EC
:1095B0007BBF00BF3C03002438B54B1C144603D1CD
:1095C0004FF0FF35284638BD938923F0200393815F
:1095D000636B5268CDB28BB1A36B934208DD2368F5
:1095E0005A1E226003F8015C636801336360E9E797
:1095F000214600F0B5FB0028F1D0E1E7216923689E
:1096000051B1994208D213F8011CA94204D1013B7F
:10961000013223606260D5E7C4E90F3204F14403EC
:1096200063630323A363234603F8465F2360012398
:10963000DCE710B50C46496B69B104F1440399426B
:1096400001D0F4F7EDFB236C63600020606313B17D
:10965000E36B236010BD2369236000236360A3894B
:1096600043F02003A3814FF0FF30F3E72DE9F04FE3
:109670000C46ADF5237D0021CDE94411B249A091FE
:109680000DF10408B149B24FDFF8C892CDF8188146
:109690000646A191009392F800A0BAF1000F00F0E5
:1096A00051811AF8073013F0080302F1010519D0AF
:1096B0006368002B0FDD23681A78BA5C120701D4A7
:1096C0002A46E8E7459A0132459262680133013A39
:1096D00062602360ECE7A19B214630469847002852
:1096E000E9D0EDE7BAF1250F40F083804193439331
:1096F00053782A2B02BF1023951C41930A22AB46B4
:109700001BF8011BA1F13003092B1DD9914803223D
:10971000FFF75EF840B10123A0EB090003FA00F067
:10972000419B184341905D4615F8013B782B06D8C4
:10973000572B10D8252B5CD056D8002B74D0032380
:1097400047930A23429381E0439B02FB0313303B80
:1097500043935D46D3E7A3F15802202AEFD801A135
:1097600051F822F0379801083F9701083F97010808
:10977000959801083F9701083F9701083F97010816
:109780003F9701083F9701083F9701083F9701085D
:10979000AB98010881980108EF970108EF9701083D
:1097A000EF9701083F970108859801083F97010846
:1097B0003F9701083F9701083F970108BB980108B0
:1097C0008D9801082F9801083F9701083F970108DD
:1097D000B79801083F970108819801083F97010851
:1097E0003F97010837980108453B022BA7D805236E
:1097F0002BE06368002B0DDD23681A78524540F09A
:10980000A180013362682360459B013A01336260A5
:10981000459355E7A19B2146304698470028EBD059
:109820004498002840F084804FF0FF3086E0419A51
:1098300042F020024192419A42F400724192102279
:109840006F2B429234BF0323042347936368002B9A
:1098500041DD419B590604D423681A78BA5C12078B
:1098600040D4479B022B4FDC6B46224641A9304631
:1098700000F074F8012865D002287FF421AFCFE70B
:109880000A22DDE7002342930323DEE70823429305
:109890000423DAE72946404600F0ACF9419B43F047
:1098A0004003419305460123CFE7419B43F040032A
:1098B00041930023C9E70223C7E74198C3063FF558
:1098C000FFAE009B459A191D00911B68C0074CBF55
:1098D0001A801A60F4E6A19B21463046984700287A
:1098E000B7D09DE7459A013245926268013A002A55
:1098F000626002DD01332360AEE7A19B2146304662
:1099000098470028A8D08BE7042B06DC6B4622463C
:1099100041A9304600F07AF8ACE70F4B002B3FF43A
:10992000CFAE6B46224641A93046AFF30080A1E797
:10993000A38913F0400F18BF4FF0FF300DF5237DC2
:10994000BDE8F08F4498F9E7B9950108339601080E
:1099500011C0010811C10108000000002DE9F84301
:1099600015468A6880460C4632B98A69002A0CBFBF
:1099700001224FF0FF328A602268DFF88C90D10616
:109980005FBF1A68111D196016680027A06988B1A9
:10999000012807D12B681A7863699B5C53B927BBF0
:1099A000BDE8F883022820D12B681B7813F8093012
:1099B0001B071AD42368DA065EBF2B681B7806F8EB
:1099C000013B2A686B6801322A60A268013B013AB8
:1099D0006B600137A26042B1002BD7DCD4F8803134
:1099E0002946404698470028D0D0236813F010033A
:1099F00005D1E2680132E260A26902B133702369E5
:109A00001F4427610020CBE711C001082DE9F04F6A
:109A10009846744B0C468246164693E8070087B07A
:109A200003AB83E80700704BA169704A032918BF94
:109A30001A46A36801925A1EB2F5AE7F88BF6FF432
:109A4000AE75274682BF03EB050940F25D13A360A4
:109A500057F81C3B43F4506398BF4FF00009236054
:109A60003D464FF0000B316803AB097853F82B00EB
:109A70000222FEF7ADFE28B3BBF1010F59D1626897
:109A80002AB92268082342F40072636022602268C7
:109A900022F4A0622260A268511EA16092B13268D5
:109AA000511C3160127805F8012B7268013A002AC6
:109AB000726007DCD4F88021314650469047002878
:109AC00040F085800BF1010BBBF1030FCBD1636834
:109AD0000BB90A236360636845496069C91A00F0DD
:109AE00089F84FF0000BA3682268002B3DD0316845
:109AF000606991F800C010F80C00002835D0BCF166
:109B0000300F24D1100522D50BF1010BB9F1000F54
:109B100003D0013309F1FF39A3607368013B002BC7
:109B200073601BDD336801333360A368013BA360BE
:109B3000D9E7BBF1020FAED1226802F4C061B1F5E2
:109B4000007FBFD11023636042F48072A2E722F449
:109B5000106222600B7805F8013BDEE7D4F8803113
:109B60003146504698470028DFD02368D9050DD5E7
:109B7000BD4209D915F8011CD4F87C313246504653
:109B8000984705F1FF394D46BD4228D0226812F0B2
:109B9000100213D12A706368019E39465046B047BF
:109BA000D8F8003021681A1DC8F8002011F0200FE5
:109BB0001B680FD01860E3680133E360ED1BAB4412
:109BC00025695D442561002007B0BDE8F08F4FF0A6
:109BD000000BCAE7CA074CBF18801860EBE70120EA
:109BE000F2E700BF30C10108A19501085D9D0108A1
:109BF0002EC1010870B50B7804465E2B0BBF4B7865
:109C0000481C881C002208BF0122611E04F1FF05C8
:109C100001F8012FA942FBD10BB9013870BD82F0C8
:109C20000101E154421C12F8015C2D2D02F1FF36B6
:109C3000104606D05D2DF1D00DB93046EEE72B462B
:109C4000EFE716785D2EFAD0B342F8DC1846013003
:109C500086422154FBDCD84330445D1CB342A8BF8C
:109C600000202B180232DEE72DE9F0473A4E8646F7
:109C70008C4660461CF8014BA55D15F00805F8D12F
:109C80002D2C33D19CF800404FF0010800F1020C5C
:109C9000002B5CD0102B0CD1302C0AD19CF800008A
:109CA00000F0DF0058284DD19CF8014010230CF142
:109CB000020C08F10047013F0026B7FBF3F93046DC
:109CC00003FB197AA4F13005092D18D82C46A342BC
:109CD00024DD751C07D081451DD301D1A2451ADBB7
:109CE00000FB034001261CF8014BEBE72B2C08BFBF
:109CF0009CF80040A84608BF00F1020CC8E7A4F198
:109D00004105192D01D8373CE1E7A4F16105192D72
:109D100004D8573CDBE74FF0FF36E4E7731C06D16D
:109D20002223CEF80030384642B9BDE8F087B8F1BA
:109D3000000F00D04042002AF7D00EB10CF1FF31E5
:109D40001160F2E73024002BB3D10823B1E7302CA7
:109D5000A4D00A23ADE700BF11C00108FFF784BFFC
:109D60002DE9F0410C46496B04F1440399421DD1A1
:109D70004FF48061F4F758F818B94FF0FF30BDE8A0
:109D8000F0814FF48063A36394F84630606380F8F9
:109D9000FF3394F8453080F8FE3394F8443080F86F
:109DA000FD3300F2FD3020600020E8E7A66B77006D
:109DB0003A46F4F737F805460028DED000EB0608EF
:109DC000014632464046FEF753FDC4E90D57C4F83C
:109DD0000080E9E7024B0A4601461868F4F71EB80E
:109DE0003C03002470B50E461446054618B183693D
:109DF0000BB9FEF76FF8144B9C421AD16C68636E76
:109E0000D80705D4A389990502D4A06DFEF765FC97
:109E100022462846314600F0A1F8636EDA0705466F
:109E200005D4A3899B0502D4A06DFEF758FC2846F3
:109E300070BD064B9C4201D1AC68E0E7044B9C42EC
:109E400008BFEC68DBE700BF30BF010850BF010866
:109E500010BF0108024B0A4601461868FFF7C2BF4F
:109E60003C0300242DE9F843089C8946174602FB71
:109E700003F8054618B183690BB9FEF72BF8264B9A
:109E80009C4223D16C68636EDE0705D4A3899805D4
:109E900002D4A06DFEF721FCA389190720D5236900
:109EA000F3B10026464529D0A06819F806100138FC
:109EB0000028A06004DAA369984219DB0A2917D0A8
:109EC00023685A1C226019700136EBE7134B9C4241
:109ED00001D1AC68D7E7124B9C4208BFEC68D2E7CF
:109EE0002146284600F08CF90028DAD0002605E04B
:109EF0002246284600F032F90130E5D1636EDA07D8
:109F000005D4A3899B0502D4A06DFEF7E8FBB6FB40
:109F1000F7F0BDE8F88300BF30BF010850BF01086B
:109F200010BF010807B5009313460A4601460348CF
:109F30000068FFF797FF03B05DF804FB3C030024C3
:109F400030B501390024A24201D1002005E0035DB3
:109F500001340D5DAB42F6D0581B30BD70B50D46D7
:109F60001446064618B183690BB9FDF7B3FF1C4BC5
:109F70009C4224D17468636ED80705D4A3899905DF
:109F800002D4A06DFEF7A9FBA368013B002BA360E0
:109F900005DAA26993421CDBEBB20A2B19D02368C5
:109FA0005A1C22601D70EDB2636EDA0705D4A389D6
:109FB0009B0502D4A06DFEF792FB284670BD094BAD
:109FC0009C4201D1B468D6E7074B9C4208BFF468B5
:109FD000D1E729462246304600F0C0F80546E3E7BF
:109FE00030BF010850BF010810BF010870B50E4610
:109FF000054618B183690BB9FDF76CFFAB69AC6816
:10A0000013B92846FDF766FF2C4B9C4220D16C68A3
:10A01000636EDB0705D4A389980502D4A06DFEF713
:10A020005CFBA38919071DD52369DBB1013EA36839
:10A0300016F8011F013BA36039BB002B38DA22461A
:10A040000A21284600F08AF8013011D00A2511E0D3
:10A050001B4B9C4201D1AC68DAE71A4B9C4208BF0B
:10A06000EC68D5E72146284600F0CAF80028DDD084
:10A070004FF0FF35636EDA0705D4A3899B0502D440
:10A08000A06DFEF72CFB284670BD002B04DAA269F8
:10A090009A4206DC0A2904D023685A1C22601970EF
:10A0A000C5E72246284600F059F80130BFD1DFE766
:10A0B00023680A255A1C22601D70DBE730BF0108A7
:10A0C00050BF010810BF0108024B01461868FFF796
:10A0D0008DBF00BF3C030024C9B2034610F8012B1A
:10A0E0001AB18A42F9D118467047002918BF0023D7
:10A0F000F9E770B503461E4613F8014B44B14A1EFA
:10A1000001E0A54204D012F8015F002DF9D1F2E779
:10A11000301A70BD10B50139034632B111F8014F44
:10A1200003F8014B013A002CF7D11A440021934265
:10A1300000D110BD03F8011BF9E770B503461E46B8
:10A1400013F8014B3CB14A1E01E0A542F7D012F8CA
:10A15000015F002DF9D1301A70BD0000F8B50E4630
:10A160001446054618B183690BB9FDF7B3FE214BC0
:10A170009C422BD16C68A369A360A3891A072FD5D1
:10A1800023696BB323692068C01A6369F6B28342FE
:10A19000374604DC21462846FDF7F6FD30BBA368B0
:10A1A000013BA36023685A1C22601E706369013062
:10A1B000834204D0A389DB0706D50A2E04D12146A9
:10A1C0002846FDF7E1FD88B93846F8BD0A4B9C42A8
:10A1D00001D1AC68CFE7094B9C4208BFEC68CAE7E5
:10A1E0002146284600F00CF80028CBD04FF0FF376E
:10A1F000EAE700BF30BF010850BF010810BF0108E7
:10A20000324B70B51D6806460C4625B1AB6913B9D3
:10A210002846FDF75FFE2E4B9C420FD16C68A38948
:10A22000B4F90C2019072CD4DD0611D409233360AE
:10A2300042F04003A3814FF0FF303EE0254B9C42AB
:10A2400001D1AC68EBE7244B9C4208BFEC68E6E721
:10A25000580712D5616B41B104F14403994202D011
:10A260003046F3F7DDFD00236363A38923F0240365
:10A27000A3810023636023692360A38943F008035B
:10A28000A38123694BB9A38903F42073B3F5007F3D
:10A2900003D021463046FEF747FAA089B4F90C20D6
:10A2A00010F001030AD00023A36063695B42A3613D
:10A2B000236943B910F08000BAD170BD810758BF3F
:10A2C0006369A360F4E70020F7E700BF3C030024C4
:10A2D00030BF010850BF010810BF01087BB972B937
:10A2E0000029BEBF00204FF0004106E008BF002853
:10A2F0001CBF6FF000414FF0FF3000F0A1B9ADF18D
:10A30000080C6DE904CE002909DB002B1ADB00F0F4
:10A3100035F8DDF804E0DDE9022304B0704740427F
:10A3200061EB4101002B1BDB00F028F8DDF804E0B5
:10A33000DDE9022304B0404261EB4101524263EB8C
:10A3400043037047524263EB430300F017F8DDF814
:10A3500004E0DDE9022304B0404261EB41017047B3
:10A36000524263EB430300F009F8DDF804E0DDE955
:10A37000022304B0524263EB430370472DE9F047D8
:10A38000089D04468C46002B40F083808A42174685
:10A3900047D9B2FA82F242B1C2F1200024FA00F0A9
:10A3A0009140974040EA010C94404FEA1748230C33
:10A3B000BCFBF8F61FFA87FE08FB16C143EA01430F
:10A3C00006FB0EF1994209D9FB1806F1FF3080F027
:10A3D0001981994240F21681023E3B445B1AA4B2B5
:10A3E000B3FBF8F008FB103344EA034400FB0EFE15
:10A3F000A64509D93C1900F1FF3380F00581A64537
:10A4000040F2028102383C4440EA0640A4EB0E04CC
:10A4100000261DB1D4400023C5E900433146BDE804
:10A42000F08702B9FFDEB2FA82F2002A50D1CB1BCC
:10A430004FEA174E1FFA87F80126B3FBFEFC210CEA
:10A440000EFB1C3341EA034108FB0CF38B4207D996
:10A4500079180CF1FF3002D28B4200F2E980844679
:10A46000C91AA3B2B1FBFEF00EFB101143EA01447E
:10A4700008FB00F8A04507D93C1900F1FF3302D2D0
:10A48000A04500F2D9801846A4EB080440EA0C402D
:10A49000BFE78B4209D9002D00F0B1800026C5E945
:10A4A000000130463146BDE8F087B3FA83F6002E4E
:10A4B0004AD18B4202D3824200F2B880841A61EB07
:10A4C000030101208C46002DA8D0C5E9004CA5E76A
:10A4D000C2F1200320FA03F6974001FA02F04FEA96
:10A4E000174ED9403043030CB1FBFEF61FFA87F834
:10A4F0000EFB161143EA014306FB08F1994204FAE8
:10A5000002F409D9FB1806F1FF3C80F08D809942D6
:10A5100040F28A80023E3B445B1A81B2B3FBFEF0FC
:10A520000EFB103341EA034100FB08F38B4207D9CD
:10A53000791800F1FF3C73D28B4271D9023839444B
:10A54000CB1A40EA064678E7C6F1200C03FA06F477
:10A5500022FA0CF31C4320FA0CF701FA06F34FEA37
:10A56000144E21FA0CF11F433B0CB1FBFEF91FFA0C
:10A5700084F80EFB191143EA014109FB08FA8A45E8
:10A5800002FA06F200FA06F308D9611809F1FF3061
:10A5900048D28A4546D9A9F102092144A1EB0A0112
:10A5A000BFB2B1FBFEF00EFB101147EA014700FB02
:10A5B00008F8B84507D9E71900F1FF312ED2B845A0
:10A5C0002CD90238274440EA0940A7EB0807A0FB32
:10A5D00002894F45C64649461AD317D05DB1B3EB41
:10A5E0000E0267EB010707FA0CFCF2404CEA02028C
:10A5F000F740C5E9002700263146BDE8F0872E4622
:10A6000028460BE70646E9E61846FDE64345E5D24F
:10A61000B8EB020E69EB04010138DFE70846D2E728
:10A6200060468DE78146B9E7664675E730464AE7FA
:10A63000ACF1020C394413E702383C4424E700BF74
:10A64000704700BF53B94AB9002908BF00281CBF92
:10A650004FF0FF314FF0FF30FFF7F2BFADF1080CC4
:10A660006DE904CEFFF78AFEDDF804E0DDE90223A0
:10A6700004B07047430803F05533C01A830803F051
:10A68000333300F03330184400EB101000F00F307B
:10A6900000EB002000EB0040000E7047F8B500BF53
:10A6A000F8BC08BC9E467047F8B500BFF8BC08BCB3
:10A6B0009E467047436F6D6D616E6420706172617C
:10A6C0006D206572726F723A2077726F6E672061CB
:10A6D0006464726573732073697A650A00496E76E3
:10A6E000616C696420616C74206279746573207395
:10A6F000697A65002E2E002F006C6974746C656693
:10A7000073006170706C69636174696F6E5F756E00
:10A710006E616D65645F6D75746578006170706CF5
:10A7200069636174696F6E5F756E6E616D65645F9C
:10A730007468726561640065717565756500452DA5
:10A74000496E76616C696420726561643A20666165
:10A750005F6964202564206F6666736574203078B5
:10A760002578206C656E20307825780A00452D52BA
:10A77000656164206661696C65643A2066615F6941
:10A7800064202564206F66667365742030782578B0
:10A79000206C656E20307825780A004D4355426F55
:10A7A0006F745F45434945535F763100452D666CB4
:10A7B0006173685F617265615F6F70656E2C207593
:10A7C0006E6B6E6F776E2069642025640A0070726C
:10A7D000696D617279007365636F6E64617279008F
:10A7E000452D496D61676520696E20746865202577
:10A7F0007320736C6F74206973206E6F74207661A0
:10A800006C6964210A00492D537761702073656378
:10A81000746F72202564206F662025640A00572D0E
:10A820002564207374617475732077726974652070
:10A830006661696C7320706572666F726D696E67B0
:10A840002074686520737761700A0050696E6D61CD
:10A8500070206572726F723A2077726F6E67207027
:10A860006F7274206E756D6265722E0053484132AE
:10A870003536005348413232340001808080808078
:10A8800080800480808080808080088080808080BC
:10A890008080108080808080808020808080808088
:10A8A000808040000408102040020408102040006E
:10A8B0000000000102030401020304060708090066
:10A8C0000000000000000001010000000000000284
:10A8D0002200000000000004230000000000000827
:10A8E000FFFF00000000000001000200040006005D
:10A8F00008000A000C001000200040008000000149
:10A900000000000000000000E1A90008F5A900080F
:10A91000657E00083D7E0008AF7B0008A1AD000801
:10A92000017E0008CB7D0008AB350108C579000821
:10A93000DF7A0008B57D00089D7D0008CF7A000809
:10A94000C97A00084F7B0008EF7A0008337A0008C4
:10A95000C17A000800000000000000005DD000087F
:10A96000000000000000000061A0000895A00008A1
:10A97000756E0008396E000853B50008C3B30008AF
:10A98000DBB100088BB200087D9E00086F720008E2
:10A99000F59F0008AB0C0008C7AF000861AD0008C8
:10A9A000439900087DAB000857AB0008A10C0008D4
:10A9B00049A4000855720008B10C00083B72000859
:10A9C0000DA9000811AF0008B37B0008EBA5000833
:10A9D000A5A500082172000885A50008B56E00082D
:10A9E00079AA000835AA0008B1A00008FCFFFFFF03
:10A9F000000000008DA00008A7A0000800000000D3
:10AA00000000000000000000000000005DD0000811
:10AA1000A50C0008AB0C0008A50C0008A50C00084C
:10AA2000C30C0008A50C0008FCFFFFFF000000009D
:10AA30000000000000000000000000000000000016
:10AA400000000000000000005DD00008A50C000818
:10AA5000AB0C0008A50C0008A50C0008C30C0008EE
:10AA6000A50C0008000000000000000045270008B9
:10AA700089270008756E0008396E00084921000812
:10AA8000F9210008C11F000879200008551F00089F
:10AA9000E5250008AD25000885230008936F000810
:10AAA000C11E00081D1F0008051E0008931E000897
:10AAB000A10C00083D1E0008DD0F0008B10C0008C5
:10AAC000AD0F0008672F0008076F00084510000849
:10AAD000F51C00088F1C00088D0F0008551C00088D
:10AAE000B56E0008FCFFFFFF000000008127000892
:10AAF0009B27000800000000000000006D0E000809
:10AB000033100008250F0008170E0008010E00087A
:10AB1000F50D0008E90D0008DD0D0008490E0008DC
:10AB20000000000000000000B10D00082110000826
:10AB3000470D0008310D0008030D00085D0D0008E9
:10AB4000250D0008190D0008F70C0008EB0C000893
:10AB5000DF0C0008C90C00087FCD00087BCD000881
:10AB600077CB000877CB00087DCB00086FCD0008BD
:10AB70008F0D00080000000000000000D9D600087A
:10AB80000000000000000000850E00080F10000803
:10AB9000250F0008330E0008010E0008F50D00080F
:10ABA000E90D0008DD0D0008490E00080000000056
:10ABB00000000000C90D0008FD0F0008470D000847
:10ABC000310D0008030D0008790D0008250D00085F
:10ABD000190D0008F70C0008EB0C0008DF0C00084A
:10ABE000C90C00087FCD00087BCD000877CB00089A
:10ABF00077CB00087DCB00086FCD00088F0D0008D3
:10AC000000000000000000006D1F0108FD1F01088A
:10AC1000000000000000000075B70008F9B7000848
:10AC200077C295F360D2EF7F3552500F2CB6798002
:10AC30002A8648CE3D0201002A8648CE3D02010008
:10AC40002A8648CE3D030107002A8648CE3D0301EF
:10AC50000700000040420F0020000000010000003B
:10AC600002000000040000000800000010000000C6
:10AC700020000000400000008000000000010000F3
:10AC800000020000000400000008000000100000A6
:10AC90000020000000400000008000006CA80108B7
:10ACA00006204000ACAC0108F00A02244508000868
:10ACB00039080008E9070008D90700081D0800083E
:10ACC000FD070008D1CB0008910800080000000033
:10ACD000515350494600464C415348494150004663
:10ACE00041543332202020002A2B2C3A3B3C3D3E5D
:10ACF0005B5D7C223F7F0053464450000000000013
:10AD0000FBFFFBFEECEAF3EFF7F3EDEDEAFB8CF073
:10AD1000F4E9EA809A45418E418F8045454549498D
:10AD2000498E8F9092924F994F555559999A9B9C65
:10AD30009D9E9F41494F55A5A5A6A7A8A9AAABAC22
:10AD4000ADAEAFB0B1B2B3B4B5B6B7B8B9BABBBCBB
:10AD5000BDBEBFC0C1C2C3C4C5C6C7C8C9CACBCCAB
:10AD6000CDCECFD0D1D2D3D4D5D6D7D8D9DADBDC9B
:10AD7000DDDEDFE0E1E2E3E4E5E6E7E8E9EAEBEC8B
:10AD8000EDEEEFF0F1F2F3F4F5F6F7F8F9FAFBFC7B
:10AD9000FDFEFF00000000006410B71DC8206E3BE0
:10ADA000AC30D9269041DC76F4516B6B5861B24DD2
:10ADB0003C7105502083B8ED44930FF0E8A3D6D63C
:10ADC0008CB361CBB0C2649BD4D2D38678E20AA0A4
:10ADD0001CF2BDBD3031323334353637383961621B
:10ADE0006364656630313233343536373839414241
:10ADF00043444546000000000D0064656661756CC3
:10AE000074005254582056352E352E33000102045A
:10AE1000982F8A4291443771CFFBC0B5A5DBB5E9C5
:10AE20005BC25639F111F159A4823F92D55E1CAB39
:10AE300098AA07D8015B8312BE853124C37D0C55C7
:10AE4000745DBE72FEB1DE80A706DC9B74F19BC10F
:10AE5000C1699BE48647BEEFC69DC10FCCA10C24FF
:10AE60006F2CE92DAA84744ADCA9B05CDA88F976E3
:10AE700052513E986DC631A8C82703B0C77F59BF4D
:10AE8000F30BE0C64791A7D55163CA066729291479
:10AE9000850AB72738211B2EFC6D2C4D130D385316
:10AEA00054730A65BB0A6A762EC9C281852C7292D8
:10AEB000A1E8BFA24B661AA8708B4BC2A3516CC706
:10AEC00019E892D1240699D685350EF470A06A103F
:10AED00016C1A419086C371E4C774827B5BCB0348E
:10AEE000B30C1C394AAAD84E4FCA9C5BF36F2E682C
:10AEF000EE828F746F63A5781478C8840802C78CBB
:10AF0000FAFFBE90EB6C50A4F7A3F9BEF27871C6BD
:10AF10002900000000500052D22700003B00000032
:10AF200000500052D227000058000000005000528C
:10AF3000D22B0000FFFF0000FFFFFFFF000000001A
:10AF40002A00000000500052D22700003C00000000
:10AF500000500052D227000059000000005000525B
:10AF6000D22B0000FFFF0000FFFFFFFF00000000EA
:10AF70004200000000500052D2270000570000009D
:10AF800000500052D2270000FFFF0000FFFFFFFF2C
:10AF9000000000000100000000500052D227000015
:10AFA0003D00000000500052D22700005600000073
:10AFB00000500052D2270000FFFF0000FFFFFFFFFC
:10AFC000000000001200000000500052D2270000D4
:10AFD0005A00000000500052D2270000FFFF00007E
:10AFE000FFFFFFFF000000001600000000500052AD
:10AFF000D22B00001A00000000500052D22700009F
:10B000006600000000500052D22B0000FFFF00003D
:10B01000FFFFFFFF0000000001000000004C0040A7
:10B02000D22300000300000000440040D21F0000B3
:10B030000800000000780040D22F00000A00000045
:10B0400000100140D21F00000A010000000C00584F
:10B05000D20F00000B000000004C0040D21B00008B
:10B060001300000000780040D22F000015000000FF
:10B0700000500040D23B00001700000000100140CB
:10B08000D21F000017010000000C0058D22300005E
:10B0900018000000004C0040D22300001B000000FC
:10B0A00000480040D21F00001C000000005000407B
:10B0B000D23B00001F00000000100140D21300002E
:10B0C0002700000000140140D21F00002B000000E8
:10B0D00000480040D21F00002B010000004C00403F
:10B0E000D223000030000000004C0040D2230000BA
:10B0F0003200000000500040D22300003600000063
:10B1000000440040D21F0000390000000048004009
:10B11000D21F000040000000007C0040D22300004D
:10B120004700000000780040D21F000056000000D9
:10B1300000780040D21F00006900000000140140A8
:10B14000D21F00007E000000004C0040D22300000F
:10B1500089000000004C0040D2230000990000004C
:10B16000007C0040D2230000FFFF0000FFFFFFFF34
:10B170000000000000000000004C0040D22300004E
:10B180000200000000440040D21F0000090000003F
:10B1900000100140D21F000009010000000C0058FF
:10B1A000D20F00000C000000004C0040D21B000039
:10B1B0000F00000000780040D22F000014000000B3
:10B1C00000780040D22F000016000000001001405F
:10B1D000D21F00001601000000500040D23B0000CA
:10B1E00016020000000C0058D223000019000000D5
:10B1F000004C0040D22300001A000000004800402C
:10B20000D21F00001D00000000500040D23B000093
:10B210001E00000000100140D213000026000000B4
:10B2200000140140D21F00002A0000000048004026
:10B23000D21F00002A010000004C0040D223000071
:10B240002C00000000500040D2230000310000001C
:10B25000004C0040D22300003500000000440040B4
:10B26000D21F00003800000000480040D21F00003C
:10B2700041000000007C0040D22300004800000094
:10B2800000780040D21F0000570000000078004006
:10B29000D21F00006E00000000140140D21F000009
:10B2A0007D000000004C0040D22300009800000008
:10B2B000007C0040D2230000FFFF0000FFFFFFFFE3
:10B2C0000000000000000000000000002DCB00087E
:10B2D000E5CF00089DD0000831CB00086BCB0008FB
:10B2E000AF7B0008AF7B000861CB00089BCD000856
:10B2F00091CD000865CB00088BCD00087FCD0008FC
:10B300007BCD000877CB000877CB000865D000081C
:10B310006FCD00080000000000000000A12001081F
:10B32000512101082520010811200108000000001A
:10B330000000000011D10008000000000000000023
:10B3400075D600082F737464657272002F7374646D
:10B35000696E002F7374646F757400004B60D227A0
:10B360003E3CCE3BF6B053CCB0061D65BC8698760D
:10B3700055BDEBB3E7933AAAD835C65A96C298D8CA
:10B380004539A1F4A033EB2D817D0377F240A4630E
:10B39000E5E6BCF847422CE1F2D1176BF551BF3717
:10B3A0006840B6CBCE5E316B5733CE2B169E0F7CEA
:10B3B0004AEBE78E9B7F1AFEE242E34F512563FC86
:10B3C000C2CAB9F3849E17A7ADFAE6BCFFFFFFFF20
:10B3D000FFFFFFFF00000000FFFFFFFFFFFFFFFF79
:10B3E000FFFFFFFFFFFFFFFF000000000000000065
:10B3F0000000000001000000FFFFFFFF46494C4530
:10B4000042440044465520496E7465726661636526
:10B410000044465520436F6E66696700417264754B
:10B42000696E6F205341004769676100452D525492
:10B4300043536574424B505265676973746572007B
:10B44000452D525443476574424B505265676973AA
:10B4500074657200452D526561643A696E76616C5F
:10B4600069642068616E646C6500452D5265616495
:10B470003A667365656B00452D526561643A686193
:10B480006E646C6520256420636F756E742030785F
:10B49000257A780A00452D45726173653A696E76A2
:10B4A000616C69642068616E646C6500452D45724D
:10B4B0006173653A667365656B00452D457261730E
:10B4C000653A68616E646C6520256420636F756EF3
:10B4D00074203078257A780A00452D4572617365AD
:10B4E0003A666C75736800452D50726F6772616DB6
:10B4F0003A696E76616C69642068616E646C65009F
:10B50000452D50726F6772616D3A667365656B00A9
:10B51000452D50726F6772616D3A68616E646C653B
:10B5200020256420636F756E74203078257A780A40
:10B5300000452D50726F6772616D3A666C75736865
:10B5400000452D43616E6E6F74206F70656E2066CE
:10B55000696C6520626C6F636B20646576696365F6
:10B560002025732025730A00452D496E69743A66BB
:10B570007365656B00572D46696C652025732073D4
:10B58000697A6520283078257A78292073686F7564
:10B590006C64206265207468652073616D65206F3E
:10B5A0006620756E6465726C79696E6720626C6F77
:10B5B000636B2064657669636520283078257A7826
:10B5C000290A00536574537973436C6F636B20666B
:10B5D00061696C65640A006D61696E00404D435598
:10B5E000626F6F742020202020202020762E2530AE
:10B5F00032642020202F30783030303030303030FE
:10B600002F302A344B67004041726475696E6F2099
:10B6100020626F6F742020762E2530326420202027
:10B620002F307830303030303030302F302A344BBB
:10B630006700404578742046696C6520466C6173EC
:10B64000682020304D422020202F3078303030309C
:10B65000303030302F302A344B6700676F6F640012
:10B66000756E73657400626164004255473B2063E8
:10B67000616E27742068617070656E007265766512
:10B6800072740074657374007065726D00492D5397
:10B6900074617274696E672041726475696E6F209F
:10B6A000626F6F746C6F6164657200492D536563DE
:10B6B000757265206B657973206E6F7420636F6E91
:10B6C0006669677572656400492D537461727420F0
:10B6D0004F54412030782558203078255820307834
:10B6E00025580A00452D20205344204E4F54205306
:10B6F0005550504F52544544007262002F66732FCC
:10B700005550444154452E42494E00492D536B65D6
:10B71000746368207570646174656400492D426FBC
:10B720006F74696E6720736B657463682061742041
:10B73000307825780A0A00492D4E6F20736B6574A6
:10B74000636820666F756E6400492D53746172746E
:10B75000696E67204D4355626F6F7400572D4661C7
:10B76000696C65642072656164696E6720736563E6
:10B77000746F72733B20424F4F545F4D41585F4985
:10B780004D475F534543544F52533D2564202D2070
:10B79000746F6F20736D616C6C3F0A00572D4661AA
:10B7A000696C65642072656164696E6720696D61AA
:10B7B000676520686561646572733B20496D6167E8
:10B7C000653D25750A00572D43616E6E6F742075B7
:10B7D0007067726164653A206D6F7265207365638E
:10B7E000746F7273207468616E20616C6C6F776522
:10B7F0006400572D43616E6E6F74207570677261BF
:10B8000064653A20736C6F74732068617665206E8E
:10B810006F6E2D636F6D70617469626C6520736506
:10B8200063746F727300572D43616E6E6F74207571
:10B830007067726164653A206E6F7420616C6C2071
:10B84000736563746F72732066697420696E7369BF
:10B850006465207363726174636800572D43616E81
:10B860006E6F7420757067726164653A20736C6FD7
:10B87000747320617265206E6F7420636F6D7061E8
:10B880007469626C65005072696D61727920696DCE
:10B8900061676500492D25733A206D616769633DD5
:10B8A00025732C20737761705F747970653D3078F3
:10B8B00025782C20636F70795F646F6E653D3078FA
:10B8C00025782C20696D6167655F6F6B3D30782549
:10B8D000780A005363726174636800492D426F6F88
:10B8E0007420736F757263653A2025730A00492DC1
:10B8F000426F6F7420736F757263653A206E6F6E5E
:10B900006500452D446574656374656420696E63E4
:10B910006F6E73697374656E74207374617475737C
:10B920002100572D4661696C656420726561646908
:10B930006E6720626F6F74207374617475733B203F
:10B94000496D6167653D25750A00452D70616E6919
:10B95000632100492D5365636F6E646172792069BC
:10B960006D616765206F6620696D61676520706134
:10B970006972202825642E2920697320756E7265EE
:10B9800061636861626C652E205472656174206920
:10B990007420617320656D7074790A00492D5377A6
:10B9A000617020747970653A2025730A00492D531F
:10B9B00077617020747970653A206E6F6E6500490A
:10B9C0002D496D61676520757067726164652073CC
:10B9D00065636F6E6461727920736C6F74202D3EA5
:10B9E000207072696D61727920736C6F7400492DDB
:10B9F00045726173696E6720746865207072696D45
:10BA000061727920736C6F7400492D436F7079698E
:10BA10006E6720746865207365636F6E6461727908
:10BA200020736C6F7420746F207468652070726965
:10BA30006D61727920736C6F743A203078257A7852
:10BA40002062797465730A00452D4661696C6564EE
:10BA500020746F206C6F63617465206669726D7706
:10BA600061726520696D6167652C206572726F7205
:10BA70003A2025640A0A00492D426F6F74696E6787
:10BA8000206669726D7761726520696D61676520F6
:10BA9000617420307825780A0A0073696E676C65D6
:10BAA000746F6E5F6D75746578006D616C6C6F633B
:10BAB0005F6D7574657800656E765F6D7574657819
:10BAC00000492D437573746F6D204F54412064619C
:10BAD000746100492D5365636F6E64617279205BF8
:10BAE00025645D205B25645D0A00492D5363726106
:10BAF000746368205B25645D205B25645D0A0049F2
:10BB00002D44656661756C74204F544120646174E6
:10BB10006100452D55206F6E2049415000452D5341
:10BB2000444D4D4300452D436F6E66696700452DBA
:10BB300042442055215300452D4D4252205521535A
:10BB400000452D496E697400452D4D6F756E74006A
:10BB50002F66732F7570646174652E62696E007252
:10BB6000622B002F66732F736372617463682E6299
:10BB7000696E00452D5520636F6E66696700452D1F
:10BB800053206F6E2049415000452D5320636F6E46
:10BB900066696700452D496E69742055204D4252F3
:10BBA00000452D496E69742053204D425200736543
:10BBB0006300452D4D6F756E742055206F6E204CBF
:10BBC0004F47002F7365632F7570646174652E6233
:10BBD000696E0073637200452D4D6F756E7420534E
:10BBE000206F6E204C4F47002F7363722F73637268
:10BBF000617463682E62696E007274785F74696D37
:10BC00006572007274785F69646C650040496E7497
:10BC100065726E616C20466C6173682020324D4203
:10BC20002020202F307830383030303030302F30F6
:10BC3000312A3132384B612C31352A3132384B6759
:10BC40000040457874205241572020466C6173684B
:10BC50002031364D422020202F307839303030309E
:10BC60003030302F343039362A344B670000000032
:10BC70009ABA01080B000000FCA402241C0000007A
:10BC800000000000000000000000000000000000B4
:10BC900000000000000000000000000000000000A4
:10BCA0000000000000000000000000000000000094
:10BCB000000000000000000001000000E803000098
:10BCC000050000006843022410000000000000008E
:10BCD0000000000000000000000000000000000064
:10BCE0000000000000000000000000000000000054
:10BCF0000000000000000000000000000000000044
:10BD00000000000000000000000000000010000023
:10BD1000B0BE0108ECBE010895460108F13B0108E0
:10BD2000D4BE010804000000000000000000000074
:10BD3000954E0108B94E01083DBF0008A9BA000898
:10BD4000AF7B000871BB00080DBE000819BC0008DD
:10BD5000AB350108C5790008C5790008BD79000830
:10BD600043790008397900083D7900084F7B0008C5
:10BD7000EF7A0008CB790008B579000800000000D0
:10BD800000000000DFA90008FD7B000835B60008B0
:10BD90009D7C0008C7780008737800081F780008A9
:10BDA000D9770008AB350108C5770008B1770008DE
:10BDB0009D77000875770008617700085B770008B9
:10BDC0004F7B0008EF7A0008CB7900082F77000836
:10BDD00055770008437700083F7700083B77000855
:10BDE0000000000000000000A93501086D450108B1
:10BDF000FD440108F1440108A5350108553D01083D
:10BE00009144010801440108AB350108813501085E
:10BE10007B350108753501086F350108397900084F
:10BE2000693501088735010887350108873501081C
:10BE3000613501080000000000000000DDA90008D5
:10BE4000F17B0008C1760008B9760008B1760008D9
:10BE5000677600081D760008DD750008AB3501081F
:10BE6000EB740008E3740008CD740008B374000894
:10BE7000AB740008997400088F75000841750008BC
:10BE8000F374000891740008010501000105030224
:10BE90000401040103040302040104030402040175
:10BEA0000401040301030304010400000000000076
:10BEB00003BC010800000000B44402244400000058
:10BEC000F84402240003000001000000010000000B
:10BED000000000000000000000000000A843022451
:10BEE00034000000DC43022450000000F9BB0108CC
:10BEF000000000007044022444000000F8470224BF
:10BF00000003000028000000010000000000000005
:10BF10000000000000000000000000000000000021
:10BF20000000000000000000000000000000000011
:10BF30000000000000000000000000000000000001
:10BF400000000000000000000000000000000000F1
:10BF500000000000000000000000000000000000E1
:10BF600000000000000000000000000000000000D1
:10BF7000400300241F0000001C0000001F00000000
:10BF80001E0000001F0000001E0000001F00000037
:10BF90001F0000001E0000001F0000001E00000027
:10BFA0001F0000001F0000001D0000001F00000017
:10BFB0001E0000001F0000001E0000001F00000007
:10BFC0001F0000001E0000001F0000001E000000F7
:10BFD0001F000000545A00474D54002531305B5E6D
:10BFE000302D392C2B2D5D256E004D256875256E65
:10BFF0002E256875256E2E256875256E002F2568FF
:10C0000075256E3A256875256E3A256875256E008A
:10C010000020202020202020202028282828282018
:10C020002020202020202020202020202020202010
:10C030002088101010101010101010101010101078
:10C040001004040404040404040404101010101068
:10C050001010414141414141010101010101010132
:10C060000101010101010101010101011010101084
:10C070001010424242424242020202020202020204
:10C080000202020202020202020202021010101058
:10C090002000000000000000000000000000000080
:10C0A0000000000000000000000000000000000090
:10C0B0000000000000000000000000000000000080
:10C0C0000000000000000000000000000000000070
:10C0D0000000000000000000000000000000000060
:10C0E0000000000000000000000000000000000050
:10C0F0000000000000000000000000000000000040
:10C10000000000000000000000000000000000002F
:10C1100000686C4C002B2D00303000785800412D09
:10C1200046612D66383930313233343536375D006B
:10C1300015C1010818C101081BC101080000000059
:10C1400000000000000000000000000000000000EF
:10C1500000000000000000000000000000000000DF
:10C1600000000000000000000000000000000000CF
:10C1700000000000000000000000000000000000BF
:10C1800000000000000000000000000000000000AF
:10C19000000000000000000000000000000000009F
:10C1A000000000000000000000000000000000008F
:10C1B000000000000000000000000000000000007F
:10C1C000000000000000000000000000000000006F
:10C1D000000000000000000000000000000000005F
:10C1E000000000000000000000000000000000004F
:10C1F000000000000000000000000000000000003F
:10C20000000000000000000000000000000000002E
:10C21000000000000000000000000000000000001E
:10C22000000000000000000000000000000000000E
:10C2300000000000000000000000000000000000FE
:10C2400000000000000000000000000000000000EE
:10C2500000000000000000000000000000000000DE
:10C2600000000000000000000000000000000000CE
:10C2700000000000000000000000000000000000BE
:10C2800000000000000000000000000000000000AE
:10C29000000000000000000000000000000000009E
:10C2A000000000000000000000000000000000008E
:10C2B000000000000000000000000000000000007E
:10C2C000000000000000000000000000000000006E
:10C2D000000000000000000000000000000000005E
:10C2E000000000000000000000000000000000004E
:10C2F000000000000000000000000000000000003E
:10C30000000000000000000000000000000000002D
:10C31000000000000000000000000000000000001D
:10C32000000000000000000000000000000000000D
:10C3300000000000000000000000000000000000FD
:10C3400000000000000000000000000000000000ED
:10C3500000000000000000000000000000000000DD
:10C3600000000000000000000000000000000000CD
:10C3700000000000000000000000000000000000BD
:10C3800000000000000000000000000000000000AD
:10C39000000000000000000000000000000000009D
:10C3A000000000000000000000000000000000008D
:10C3B000000000000000000000000000000000007D
:10C3C000000000000000000000000000000000006D
:10C3D000000000000000000000000000000000005D
:10C3E000000000000000000000000000000000004D
:10C3F000000000000000000000000000000000003D
:10C40000000000000000000000000000000000002C
:10C41000000000000000000000000000000000001C
:10C42000000000000000000000000000000000000C
:10C4300000000000000000000000000000000000FC
:10C4400000000000000000000000000000000000EC
:10C4500000000000000000000000000000000000DC
:10C4600000000000000000000000000000000000CC
:10C4700000000000000000000000000000000000BC
:10C4800000000000000000000000000000000000AC
:10C49000000000000000000000000000000000009C
:10C4A000000000000000000000000000000000008C
:10C4B000000000000000000000000000000000007C
:10C4C000000000000000000000000000000000006C
:10C4D000000000000000000000000000000000005C
:10C4E000000000000000000000000000000000004C
:10C4F000000000000000000000000000000000003C
:10C50000000000000000000000000000000000002B
:10C51000000000000000000000000000000000001B
:10C52000000000000000000000000000000000000B
:10C5300000000000000000000000000000000000FB
:10C5400000000000000000000000000000000000EB
:10C5500000000000000000000000000000000000DB
:10C5600000000000000000000000000000000000CB
:10C5700000000000000000000000000000000000BB
:10C5800000000000000000000000000000000000AB
:10C59000000000000000000000000000000000009B
:10C5A000000000000000000000000000000000008B
:10C5B000000000000000000000000000000000007B
:10C5C000000000000000000000000000000000006B
:10C5D000000000000000000000000000000000005B
:10C5E000000000000000000000000000000000004B
:10C5F000000000000000000000000000000000003B
:10C60000000000000000000000000000000000002A
:10C61000000000000000000000000000000000001A
:10C62000000000000000000000000000000000000A
:10C6300000000000000000000000000000000000FA
:10C6400000000000000000000000000000000000EA
:10C6500000000000000000000000000000000000DA
:10C6600000000000000000000000000000000000CA
:10C6700000000000000000000000000000000000BA
:10C6800000000000000000000000000000000000AA
:10C69000000000000000000000000000000000009A
:10C6A000000000000000000000000000000000008A
:10C6B000000000000000000000000000000000007A
:10C6C000000000000000000000000000000000006A
:10C6D000000000000000000000000000000000005A
:10C6E000000000000000000000000000000000004A
:10C6F000000000000000000000000000000000003A
:10C700000000000000000000000000000000000029
:10C710000000000000000000000000000000000019
:10C720000000000000000000000000000000000009
:10C7300000000000000000000000000000000000F9
:10C7400000000000000000000000000000000000E9
:10C7500000000000000000000000000000000000D9
:10C7600000000000000000000000000000000000C9
:10C7700000000000000000000000000000000000B9
:10C7800000000000000000000000000000000000A9
:10C790000000000000000000000000000000000099
:10C7A0000000000000000000000000000000000089
:10C7B0000000000000000000000000000000000079
:10C7C0000000000000000000000000000000000069
:10C7D0000000000000000000000000000000000059
:10C7E0000000000000000000000000000000000049
:10C7F0000000000000000000000000000000000039
:10C800000000000000000000000000000000000028
:10C810000000000000000000000000000000000018
:10C820000000000000000000000000000000000008
:10C8300000000000000000000000000000000000F8
:10C8400000000000000000000000000000000000E8
:10C8500000000000000000000000000000000000D8
:10C8600000000000000000000000000000000000C8
:10C8700000000000000000000000000000000000B8
:10C8800000000000000000000000000000000000A8
:10C890000000000000000000000000000000000098
:10C8A0000000000000000000000000000000000088
:10C8B0000000000000000000000000000000000078
:10C8C0000000000000000000000000000000000068
:10C8D0000000000000000000000000000000000058
:10C8E0000000000000000000000000000000000048
:10C8F0000000000000000000000000000000000038
:10C900000000000000000000000000000000000027
:10C910000000000000000000000000000000000017
:10C920000000000000000000000000000000000007
:10C9300000000000000000000000000000000000F7
:10C9400000000000000000000000000000000000E7
:10C9500000000000000000000000000000000000D7
:10C9600000000000000000000000000000000000C7
:10C9700000000000000000000000000000000000B7
:10C9800000000000000000000000000000000000A7
:10C990000000000000000000000000000000000097
:10C9A0000000000000000000000000000000000087
:10C9B0000000000000000000000000000000000077
:10C9C0000000000000000000000000000000000067
:10C9D0000000000000000000000000000000000057
:10C9E0000000000000000000000000000000000047
:10C9F0000000000000000000000000000000000037
:10CA00000000000000000000000000000000000026
:10CA10000000000000000000000000000000000016
:10CA20000000000000000000000000000000000006
:10CA300000000000000000000000000000000000F6
:10CA400000000000000000000000000000000000E6
:10CA500000000000000000000000000000000000D6
:10CA600000000000000000000000000000000000C6
:10CA700000000000000000000000000000000000B6
:10CA800000000000000000000000000000000000A6
:10CA90000000000000000000000000000000000096
:10CAA0000000000000000000000000000000000086
:10CAB0000000000000000000000000000000000076
:10CAC0000000000000000000000000000000000066
:10CAD0000000000000000000000000000000000056
:10CAE0000000000000000000000000000000000046
:10CAF0000000000000000000000000000000000036
:10CB00000000000000000000000000000000000025
:10CB10000000000000000000000000000000000015
:10CB20000000000000000000000000000000000005
:10CB300000000000000000000000000000000000F5
:10CB400000000000000000000000000000000000E5
:10CB500000000000000000000000000000000000D5
:10CB600000000000000000000000000000000000C5
:10CB700000000000000000000000000000000000B5
:10CB800000000000000000000000000000000000A5
:10CB90000000000000000000000000000000000095
:10CBA0000000000000000000000000000000000085
:10CBB0000000000000000000000000000000000075
:10CBC0000000000000000000000000000000000065
:10CBD0000000000000000000000000000000000055
:10CBE0000000000000000000000000000000000045
:10CBF0000000000000000000000000000000000035
:10CC00000000000000000000000000000000000024
:10CC10000000000000000000000000000000000014
:10CC20000000000000000000000000000000000004
:10CC300000000000000000000000000000000000F4
:10CC400000000000000000000000000000000000E4
:10CC500000000000000000000000000000000000D4
:10CC600000000000000000000000000000000000C4
:10CC700000000000000000000000000000000000B4
:10CC800000000000000000000000000000000000A4
:10CC90000000000000000000000000000000000094
:10CCA0000000000000000000000000000000000084
:10CCB0000000000000000000000000000000000074
:10CCC0000000000000000000000000000000000064
:10CCD0000000000000000000000000000000000054
:10CCE0000000000000000000000000000000000044
:10CCF0000000000000000000000000000000000034
:10CD00000000000000000000000000000000000023
:10CD10000000000000000000000000000000000013
:10CD20000000000000000000000000000000000003
:10CD300000000000000000000000000000000000F3
:10CD400000000000000000000000000000000000E3
:10CD500000000000000000000000000000000000D3
:10CD600000000000000000000000000000000000C3
:10CD700000000000000000000000000000000000B3
:10CD800000000000000000000000000000000000A3
:10CD90000000000000000000000000000000000093
:10CDA0000000000000000000000000000000000083
:10CDB0000000000000000000000000000000000073
:10CDC0000000000000000000000000000000000063
:10CDD0000000000000000000000000000000000053
:10CDE0000000000000000000000000000000000043
:10CDF0000000000000000000000000000000000033
:10CE00000000000000000000000000000000000022
:10CE10000000000000000000000000000000000012
:10CE20000000000000000000000000000000000002
:10CE300000000000000000000000000000000000F2
:10CE400000000000000000000000000000000000E2
:10CE500000000000000000000000000000000000D2
:10CE600000000000000000000000000000000000C2
:10CE700000000000000000000000000000000000B2
:10CE800000000000000000000000000000000000A2
:10CE90000000000000000000000000000000000092
:10CEA0000000000000000000000000000000000082
:10CEB0000000000000000000000000000000000072
:10CEC0000000000000000000000000000000000062
:10CED0000000000000000000000000000000000052
:10CEE0000000000000000000000000000000000042
:10CEF0000000000000000000000000000000000032
:10CF00000000000000000000000000000000000021
:10CF10000000000000000000000000000000000011
:10CF20000000000000000000000000000000000001
:10CF300000000000000000000000000000000000F1
:10CF400000000000000000000000000000000000E1
:10CF500000000000000000000000000000000000D1
:10CF600000000000000000000000000000000000C1
:10CF700000000000000000000000000000000000B1
:10CF800000000000000000000000000000000000A1
:10CF90000000000000000000000000000000000091
:10CFA0000000000000000000000000000000000081
:10CFB0000000000000000000000000000000000071
:10CFC0000000000000000000000000000000000061
:10CFD0000000000000000000000000000000000051
:10CFE0000000000000000000000000000000000041
:10CFF0000000000000000000000000000000000031
:10D000000000000000000000000000000000000020
:10D010000000000000000000000000000000000010
:10D020000000000000000000000000000000000000
:10D0300000000000000000000000000000000000F0
:10D0400000000000000000000000000000000000E0
:10D0500000000000000000000000000000000000D0
:10D0600000000000000000000000000000000000C0
:10D0700000000000000000000000000000000000B0
:10D0800000000000000000000000000000000000A0
:10D090000000000000000000000000000000000090
:10D0A0000000000000000000000000000000000080
:10D0B0000000000000000000000000000000000070
:10D0C0000000000000000000000000000000000060
:10D0D0000000000000000000000000000000000050
:10D0E0000000000000000000000000000000000040
:10D0F0000000000000000000000000000000000030
:10D10000000000000000000000000000000000001F
:10D11000000000000000000000000000000000000F
:10D1200000000000000000000000000000000000FF
:10D1300000000000000000000000000000000000EF
:10D1400000000000000000000000000000000000DF
:10D1500000000000000000000000000000000000CF
:10D1600000000000000000000000000000000000BF
:10D1700000000000000000000000000000000000AF
:10D18000000000000000000000000000000000009F
:10D19000000000000000000000000000000000008F
:10D1A000000000000000000000000000000000007F
:10D1B000000000000000000000000000000000006F
:10D1C000000000000000000000000000000000005F
:10D1D000000000000000000000000000000000004F
:10D1E000000000000000000000000000000000003F
:10D1F000000000000000000000000000000000002F
:10D20000000000000000000000000000000000001E
:10D21000000000000000000000000000000000000E
:10D2200000000000000000000000000000000000FE
:10D2300000000000000000000000000000000000EE
:10D2400000000000000000000000000000000000DE
:10D2500000000000000000000000000000000000CE
:10D2600000000000000000000000000000000000BE
:10D2700000000000000000000000000000000000AE
:10D28000000000000000000000000000000000009E
:10D29000000000000000000000000000000000008E
:10D2A000000000000000000000000000000000007E
:10D2B000000000000000000000000000000000006E
:10D2C000000000000000000000000000000000005E
:10D2D000000000000000000000000000000000004E
:10D2E000000000000000000000000000000000003E
:10D2F000000000000000000000000000000000002E
:10D30000000000000000000000000000000000001D
:10D31000000000000000000000000000000000000D
:10D3200000000000000000000000000000000000FD
:10D3300000000000000000000000000000000000ED
:10D3400000000000000000000000000000000000DD
:10D3500000000000000000000000000000000000CD
:10D3600000000000000000000000000000000000BD
:10D3700000000000000000000000000000000000AD
:10D38000000000000000000000000000000000009D
:10D39000000000000000000000000000000000008D
:10D3A000000000000000000000000000000000007D
:10D3B000000000000000000000000000000000006D
:10D3C000000000000000000000000000000000005D
:10D3D000000000000000000000000000000000004D
:10D3E000000000000000000000000000000000003D
:10D3F000000000000000000000000000000000002D
:10D40000000000000000000000000000000000001C
:10D41000000000000000000000000000000000000C
:10D4200000000000000000000000000000000000FC
:10D4300000000000000000000000000000000000EC
:10D4400000000000000000000000000000000000DC
:10D4500000000000000000000000000000000000CC
:10D4600000000000000000000000000000000000BC
:10D4700000000000000000000000000000000000AC
:10D48000000000000000000000000000000000009C
:10D49000000000000000000000000000000000008C
:10D4A000000000000000000000000000000000007C
:10D4B000000000000000000000000000000000006C
:10D4C000000000000000000000000000000000005C
:10D4D000000000000000000000000000000000004C
:10D4E000000000000000000000000000000000003C
:10D4F000000000000000000000000000000000002C
:10D50000000000000000000000000000000000001B
:10D51000000000000000000000000000000000000B
:10D5200000000000000000000000000000000000FB
:10D5300000000000000000000000000000000000EB
:10D5400000000000000000000000000000000000DB
:10D5500000000000000000000000000000000000CB
:10D5600000000000000000000000000000000000BB
:10D5700000000000000000000000000000000000AB
:10D58000000000000000000000000000000000009B
:10D59000000000000000000000000000000000008B
:10D5A000000000000000000000000000000000007B
:10D5B000000000000000000000000000000000006B
:10D5C000000000000000000000000000000000005B
:10D5D000000000000000000000000000000000004B
:10D5E000000000000000000000000000000000003B
:10D5F000000000000000000000000000000000002B
:10D60000000000000000000000000000000000001A
:10D61000000000000000000000000000000000000A
:10D6200000000000000000000000000000000000FA
:10D6300000000000000000000000000000000000EA
:10D6400000000000000000000000000000000000DA
:10D6500000000000000000000000000000000000CA
:10D6600000000000000000000000000000000000BA
:10D6700000000000000000000000000000000000AA
:10D68000000000000000000000000000000000009A
:10D69000000000000000000000000000000000008A
:10D6A000000000000000000000000000000000007A
:10D6B000000000000000000000000000000000006A
:10D6C000000000000000000000000000000000005A
:10D6D000000000000000000000000000000000004A
:10D6E000000000000000000000000000000000003A
:10D6F000000000000000000000000000000000002A
:10D700000000000000000000000000000000000019
:10D710000000000000000000000000000000000009
:10D7200000000000000000000000000000000000F9
:10D7300000000000000000000000000000000000E9
:10D7400000000000000000000000000000000000D9
:10D7500000000000000000000000000000000000C9
:10D7600000000000000000000000000000000000B9
:10D7700000000000000000000000000000000000A9
:10D780000000000000000000000000000000000099
:10D790000000000000000000000000000000000089
:10D7A0000000000000000000000000000000000079
:10D7B0000000000000000000000000000000000069
:10D7C0000000000000000000000000000000000059
:10D7D0000000000000000000000000000000000049
:10D7E0000000000000000000000000000000000039
:10D7F0000000000000000000000000000000000029
:10D800000000000000000000000000000000000018
:10D810000000000000000000000000000000000008
:10D8200000000000000000000000000000000000F8
:10D8300000000000000000000000000000000000E8
:10D8400000000000000000000000000000000000D8
:10D8500000000000000000000000000000000000C8
:10D8600000000000000000000000000000000000B8
:10D8700000000000000000000000000000000000A8
:10D880000000000000000000000000000000000098
:10D890000000000000000000000000000000000088
:10D8A0000000000000000000000000000000000078
:10D8B0000000000000000000000000000000000068
:10D8C0000000000000000000000000000000000058
:10D8D0000000000000000000000000000000000048
:10D8E0000000000000000000000000000000000038
:10D8F0000000000000000000000000000000000028
:10D900000000000000000000000000000000000017
:10D910000000000000000000000000000000000007
:10D9200000000000000000000000000000000000F7
:10D9300000000000000000000000000000000000E7
:10D9400000000000000000000000000000000000D7
:10D9500000000000000000000000000000000000C7
:10D9600000000000000000000000000000000000B7
:10D9700000000000000000000000000000000000A7
:10D980000000000000000000000000000000000097
:10D990000000000000000000000000000000000087
:10D9A0000000000000000000000000000000000077
:10D9B0000000000000000000000000000000000067
:10D9C0000000000000000000000000000000000057
:10D9D0000000000000000000000000000000000047
:10D9E0000000000000000000000000000000000037
:10D9F0000000000000000000000000000000000027
:10DA00000000000000000000000000000000000016
:10DA10000000000000000000000000000000000006
:10DA200000000000000000000000000000000000F6
:10DA300000000000000000000000000000000000E6
:10DA400000000000000000000000000000000000D6
:10DA500000000000000000000000000000000000C6
:10DA600000000000000000000000000000000000B6
:10DA700000000000000000000000000000000000A6
:10DA80000000000000000000000000000000000096
:10DA90000000000000000000000000000000000086
:10DAA0000000000000000000000000000000000076
:10DAB0000000000000000000000000000000000066
:10DAC0000000000000000000000000000000000056
:10DAD0000000000000000000000000000000000046
:10DAE0000000000000000000000000000000000036
:10DAF0000000000000000000000000000000000026
:10DB00000000000000000000000000000000000015
:10DB10000000000000000000000000000000000005
:10DB200000000000000000000000000000000000F5
:10DB300000000000000000000000000000000000E5
:10DB400000000000000000000000000000000000D5
:10DB500000000000000000000000000000000000C5
:10DB600000000000000000000000000000000000B5
:10DB700000000000000000000000000000000000A5
:10DB80000000000000000000000000000000000095
:10DB90000000000000000000000000000000000085
:10DBA0000000000000000000000000000000000075
:10DBB0000000000000000000000000000000000065
:10DBC0000000000000000000000000000000000055
:10DBD0000000000000000000000000000000000045
:10DBE0000000000000000000000000000000000035
:10DBF0000000000000000000000000000000000025
:10DC00000000000000000000000000000000000014
:10DC10000000000000000000000000000000000004
:10DC200000000000000000000000000000000000F4
:10DC300000000000000000000000000000000000E4
:10DC400000000000000000000000000000000000D4
:10DC500000000000000000000000000000000000C4
:10DC600000000000000000000000000000000000B4
:10DC700000000000000000000000000000000000A4
:10DC80000000000000000000000000000000000094
:10DC90000000000000000000000000000000000084
:10DCA0000000000000000000000000000000000074
:10DCB0000000000000000000000000000000000064
:10DCC0000000000000000000000000000000000054
:10DCD0000000000000000000000000000000000044
:10DCE0000000000000000000000000000000000034
:10DCF0000000000000000000000000000000000024
:10DD00000000000000000000000000000000000013
:10DD10000000000000000000000000000000000003
:10DD200000000000000000000000000000000000F3
:10DD300000000000000000000000000000000000E3
:10DD400000000000000000000000000000000000D3
:10DD500000000000000000000000000000000000C3
:10DD600000000000000000000000000000000000B3
:10DD700000000000000000000000000000000000A3
:10DD80000000000000000000000000000000000093
:10DD90000000000000000000000000000000000083
:10DDA0000000000000000000000000000000000073
:10DDB0000000000000000000000000000000000063
:10DDC0000000000000000000000000000000000053
:10DDD0000000000000000000000000000000000043
:10DDE0000000000000000000000000000000000033
:10DDF0000000000000000000000000000000000023
:10DE00000000000000000000000000000000000012
:10DE10000000000000000000000000000000000002
:10DE200000000000000000000000000000000000F2
:10DE300000000000000000000000000000000000E2
:10DE400000000000000000000000000000000000D2
:10DE500000000000000000000000000000000000C2
:10DE600000000000000000000000000000000000B2
:10DE700000000000000000000000000000000000A2
:10DE80000000000000000000000000000000000092
:10DE90000000000000000000000000000000000082
:10DEA0000000000000000000000000000000000072
:10DEB0000000000000000000000000000000000062
:10DEC0000000000000000000000000000000000052
:10DED0000000000000000000000000000000000042
:10DEE0000000000000000000000000000000000032
:10DEF0000000000000000000000000000000000022
:10DF00000000000000000000000000000000000011
:10DF10000000000000000000000000000000000001
:10DF200000000000000000000000000000000000F1
:10DF300000000000000000000000000000000000E1
:10DF400000000000000000000000000000000000D1
:10DF500000000000000000000000000000000000C1
:10DF600000000000000000000000000000000000B1
:10DF700000000000000000000000000000000000A1
:10DF80000000000000000000000000000000000091
:10DF90000000000000000000000000000000000081
:10DFA0000000000000000000000000000000000071
:10DFB0000000000000000000000000000000000061
:10DFC0000000000000000000000000000000000051
:10DFD0000000000000000000000000000000000041
:10DFE0000000000000000000000000000000000031
:10DFF0000000000000000000000000000000000021
:10E000000000000000000000000000000000000010
:10E010000000000000000000000000000000000000
:10E0200000000000000000000000000000000000F0
:10E0300000000000000000000000000000000000E0
:10E0400000000000000000000000000000000000D0
:10E0500000000000000000000000000000000000C0
:10E0600000000000000000000000000000000000B0
:10E0700000000000000000000000000000000000A0
:10E080000000000000000000000000000000000090
:10E090000000000000000000000000000000000080
:10E0A0000000000000000000000000000000000070
:10E0B0000000000000000000000000000000000060
:10E0C0000000000000000000000000000000000050
:10E0D0000000000000000000000000000000000040
:10E0E0000000000000000000000000000000000030
:10E0F0000000000000000000000000000000000020
:10E10000000000000000000000000000000000000F
:10E1100000000000000000000000000000000000FF
:10E1200000000000000000000000000000000000EF
:10E1300000000000000000000000000000000000DF
:10E1400000000000000000000000000000000000CF
:10E1500000000000000000000000000000000000BF
:10E1600000000000000000000000000000000000AF
:10E17000000000000000000000000000000000009F
:10E18000000000000000000000000000000000008F
:10E19000000000000000000000000000000000007F
:10E1A000000000000000000000000000000000006F
:10E1B000000000000000000000000000000000005F
:10E1C000000000000000000000000000000000004F
:10E1D000000000000000000000000000000000003F
:10E1E000000000000000000000000000000000002F
:10E1F000000000000000000000000000000000001F
:10E20000000000000000000000000000000000000E
:10E2100000000000000000000000000000000000FE
:10E2200000000000000000000000000000000000EE
:10E2300000000000000000000000000000000000DE
:10E2400000000000000000000000000000000000CE
:10E2500000000000000000000000000000000000BE
:10E2600000000000000000000000000000000000AE
:10E27000000000000000000000000000000000009E
:10E28000000000000000000000000000000000008E
:10E29000000000000000000000000000000000007E
:10E2A000000000000000000000000000000000006E
:10E2B000000000000000000000000000000000005E
:10E2C000000000000000000000000000000000004E
:10E2D000000000000000000000000000000000003E
:10E2E000000000000000000000000000000000002E
:10E2F000000000000000000000000000000000001E
:10E30000000000000000000000000000000000000D
:10E3100000000000000000000000000000000000FD
:10E3200000000000000000000000000000000000ED
:10E3300000000000000000000000000000000000DD
:10E3400000000000000000000000000000000000CD
:10E3500000000000000000000000000000000000BD
:10E3600000000000000000000000000000000000AD
:10E37000000000000000000000000000000000009D
:10E38000000000000000000000000000000000008D
:10E39000000000000000000000000000000000007D
:10E3A000000000000000000000000000000000006D
:10E3B000000000000000000000000000000000005D
:10E3C000000000000000000000000000000000004D
:10E3D000000000000000000000000000000000003D
:10E3E000000000000000000000000000000000002D
:10E3F000000000000000000000000000000000001D
:10E40000000000000000000000000000000000000C
:10E4100000000000000000000000000000000000FC
:10E4200000000000000000000000000000000000EC
:10E4300000000000000000000000000000000000DC
:10E4400000000000000000000000000000000000CC
:10E4500000000000000000000000000000000000BC
:10E4600000000000000000000000000000000000AC
:10E47000000000000000000000000000000000009C
:10E48000000000000000000000000000000000008C
:10E49000000000000000000000000000000000007C
:10E4A000000000000000000000000000000000006C
:10E4B000000000000000000000000000000000005C
:10E4C000000000000000000000000000000000004C
:10E4D000000000000000000000000000000000003C
:10E4E000000000000000000000000000000000002C
:10E4F000000000000000000000000000000000001C
:10E50000000000000000000000000000000000000B
:10E5100000000000000000000000000000000000FB
:10E5200000000000000000000000000000000000EB
:10E5300000000000000000000000000000000000DB
:10E5400000000000000000000000000000000000CB
:10E5500000000000000000000000000000000000BB
:10E5600000000000000000000000000000000000AB
:10E57000000000000000000000000000000000009B
:10E58000000000000000000000000000000000008B
:10E59000000000000000000000000000000000007B
:10E5A000000000000000000000000000000000006B
:10E5B000000000000000000000000000000000005B
:10E5C000000000000000000000000000000000004B
:10E5D000000000000000000000000000000000003B
:10E5E000000000000000000000000000000000002B
:10E5F000000000000000000000000000000000001B
:10E60000000000000000000000000000000000000A
:10E6100000000000000000000000000000000000FA
:10E6200000000000000000000000000000000000EA
:10E6300000000000000000000000000000000000DA
:10E6400000000000000000000000000000000000CA
:10E6500000000000000000000000000000000000BA
:10E6600000000000000000000000000000000000AA
:10E67000000000000000000000000000000000009A
:10E68000000000000000000000000000000000008A
:10E69000000000000000000000000000000000007A
:10E6A000000000000000000000000000000000006A
:10E6B000000000000000000000000000000000005A
:10E6C000000000000000000000000000000000004A
:10E6D000000000000000000000000000000000003A
:10E6E000000000000000000000000000000000002A
:10E6F000000000000000000000000000000000001A
:10E700000000000000000000000000000000000009
:10E7100000000000000000000000000000000000F9
:10E7200000000000000000000000000000000000E9
:10E7300000000000000000000000000000000000D9
:10E7400000000000000000000000000000000000C9
:10E7500000000000000000000000000000000000B9
:10E7600000000000000000000000000000000000A9
:10E770000000000000000000000000000000000099
:10E780000000000000000000000000000000000089
:10E790000000000000000000000000000000000079
:10E7A0000000000000000000000000000000000069
:10E7B0000000000000000000000000000000000059
:10E7C0000000000000000000000000000000000049
:10E7D0000000000000000000000000000000000039
:10E7E0000000000000000000000000000000000029
:10E7F0000000000000000000000000000000000019
:10E800000000000000000000000000000000000008
:10E8100000000000000000000000000000000000F8
:10E8200000000000000000000000000000000000E8
:10E8300000000000000000000000000000000000D8
:10E8400000000000000000000000000000000000C8
:10E8500000000000000000000000000000000000B8
:10E8600000000000000000000000000000000000A8
:10E870000000000000000000000000000000000098
:10E880000000000000000000000000000000000088
:10E890000000000000000000000000000000000078
:10E8A0000000000000000000000000000000000068
:10E8B0000000000000000000000000000000000058
:10E8C0000000000000000000000000000000000048
:10E8D0000000000000000000000000000000000038
:10E8E0000000000000000000000000000000000028
:10E8F0000000000000000000000000000000000018
:10E900000000000000000000000000000000000007
:10E9100000000000000000000000000000000000F7
:10E9200000000000000000000000000000000000E7
:10E9300000000000000000000000000000000000D7
:10E9400000000000000000000000000000000000C7
:10E9500000000000000000000000000000000000B7
:10E9600000000000000000000000000000000000A7
:10E970000000000000000000000000000000000097
:10E980000000000000000000000000000000000087
:10E990000000000000000000000000000000000077
:10E9A0000000000000000000000000000000000067
:10E9B0000000000000000000000000000000000057
:10E9C0000000000000000000000000000000000047
:10E9D0000000000000000000000000000000000037
:10E9E0000000000000000000000000000000000027
:10E9F0000000000000000000000000000000000017
:10EA00000000000000000000000000000000000006
:10EA100000000000000000000000000000000000F6
:10EA200000000000000000000000000000000000E6
:10EA300000000000000000000000000000000000D6
:10EA400000000000000000000000000000000000C6
:10EA500000000000000000000000000000000000B6
:10EA600000000000000000000000000000000000A6
:10EA70000000000000000000000000000000000096
:10EA80000000000000000000000000000000000086
:10EA90000000000000000000000000000000000076
:10EAA0000000000000000000000000000000000066
:10EAB0000000000000000000000000000000000056
:10EAC0000000000000000000000000000000000046
:10EAD0000000000000000000000000000000000036
:10EAE0000000000000000000000000000000000026
:10EAF0000000000000000000000000000000000016
:10EB00000000000000000000000000000000000005
:10EB100000000000000000000000000000000000F5
:10EB200000000000000000000000000000000000E5
:10EB300000000000000000000000000000000000D5
:10EB400000000000000000000000000000000000C5
:10EB500000000000000000000000000000000000B5
:10EB600000000000000000000000000000000000A5
:10EB70000000000000000000000000000000000095
:10EB80000000000000000000000000000000000085
:10EB90000000000000000000000000000000000075
:10EBA0000000000000000000000000000000000065
:10EBB0000000000000000000000000000000000055
:10EBC0000000000000000000000000000000000045
:10EBD0000000000000000000000000000000000035
:10EBE0000000000000000000000000000000000025
:10EBF0000000000000000000000000000000000015
:10EC00000000000000000000000000000000000004
:10EC100000000000000000000000000000000000F4
:10EC200000000000000000000000000000000000E4
:10EC300000000000000000000000000000000000D4
:10EC400000000000000000000000000000000000C4
:10EC500000000000000000000000000000000000B4
:10EC600000000000000000000000000000000000A4
:10EC70000000000000000000000000000000000094
:10EC80000000000000000000000000000000000084
:10EC90000000000000000000000000000000000074
:10ECA0000000000000000000000000000000000064
:10ECB0000000000000000000000000000000000054
:10ECC0000000000000000000000000000000000044
:10ECD0000000000000000000000000000000000034
:10ECE0000000000000000000000000000000000024
:10ECF0000000000000000000000000000000000014
:10ED00000000000000000000000000000000000003
:10ED100000000000000000000000000000000000F3
:10ED200000000000000000000000000000000000E3
:10ED300000000000000000000000000000000000D3
:10ED400000000000000000000000000000000000C3
:10ED500000000000000000000000000000000000B3
:10ED600000000000000000000000000000000000A3
:10ED70000000000000000000000000000000000093
:10ED80000000000000000000000000000000000083
:10ED90000000000000000000000000000000000073
:10EDA0000000000000000000000000000000000063
:10EDB0000000000000000000000000000000000053
:10EDC0000000000000000000000000000000000043
:10EDD0000000000000000000000000000000000033
:10EDE0000000000000000000000000000000000023
:10EDF0000000000000000000000000000000000013
:10EE00000000000000000000000000000000000002
:10EE100000000000000000000000000000000000F2
:10EE200000000000000000000000000000000000E2
:10EE300000000000000000000000000000000000D2
:10EE400000000000000000000000000000000000C2
:10EE500000000000000000000000000000000000B2
:10EE600000000000000000000000000000000000A2
:10EE70000000000000000000000000000000000092
:10EE80000000000000000000000000000000000082
:10EE90000000000000000000000000000000000072
:10EEA0000000000000000000000000000000000062
:10EEB0000000000000000000000000000000000052
:10EEC0000000000000000000000000000000000042
:10EED0000000000000000000000000000000000032
:10EEE0000000000000000000000000000000000022
:10EEF0000000000000000000000000000000000012
:10EF00000000000000000000000000000000000001
:10EF100000000000000000000000000000000000F1
:10EF200000000000000000000000000000000000E1
:10EF300000000000000000000000000000000000D1
:10EF400000000000000000000000000000000000C1
:10EF500000000000000000000000000000000000B1
:10EF600000000000000000000000000000000000A1
:10EF70000000000000000000000000000000000091
:10EF80000000000000000000000000000000000081
:10EF90000000000000000000000000000000000071
:10EFA0000000000000000000000000000000000061
:10EFB0000000000000000000000000000000000051
:10EFC0000000000000000000000000000000000041
:10EFD0000000000000000000000000000000000031
:10EFE0000000000000000000000000000000000021
:10EFF0000000000000000000000000000000000011
:0BF00000A0190202000108100001101E
:10F00C003415FE7F01000000A8060024000000005B
:10F01C0000000000FFFFFFFFFFFFFFFFFFFFFFFFF0
:10F02C0000000000000000000000000000000000D4
:10F03C0000000000000000000000000000000000C4
:10F04C0000000000000000000000000000000000B4
:10F05C0000000000000000000000000000000000A4
:10F06C000000000000000000000000000000000094
:10F07C000000000000000000000000000000000084
:10F08C000000000000000000000000000000000074
:10F09C000000000000000000000000000000000064
:10F0AC000000000000000000000000000000000054
:10F0BC000000000000000000000000000000000044
:10F0CC000000000000000000000000000000000034
:10F0DC000000000000000000000000000000000024
:10F0EC000000000000000000000000000000000014
:10F0FC000000000000000000000000000000000004
:10F10C0000000000000000000000000000000000F3
:10F11C000000000058A502248D88010801000000A1
:10F12C0002AE0108D3B3FB02000000000000000097
:10F13C0000000000000000000000000000000000C3
:10F14C0000000000000000000000000000000000B3
:10F15C0000000000000000000000000000000000A3
:10F16C000000000000000000000000000000000093
:10F17C000000000000000000000000000000000083
:10F18C000000000000000000000000000000000073
:10F19C000000000000000000000000000000000063
:10F1AC000000000000000000000000000000000053
:10F1BC000000000000000000000000000000000043
:10F1CC0000000000AD360108A13601082137010806
:10F1DC00393701086136010809370108F136010891
:10F1EC00404578742046696C6520466C61736820D4
:10F1FC0031364D422020202F3078413030303030A5
:10F20C0030302F343039362A344B67000000000080
:10F21C00013D01089D45010829400108513E0108A6
:10F22C00BD370108AD370108B1370108C1370108F6
:10F23C00B9370108B5370108C5370108C5370108CA
:10F24C00C5370108A13701087D3701080CBC01083E
:10F25C0041BC0108D801002494270224914D0108D7
:10F26C00D9450108B53D0108194A0108E1350108E5
:10F27C00D53501081201000200000040412366034D
:10F28C000002010203010000040309043203000020
:10F29C000000000000000000000000000000000062
:10F2AC000000000000000000000000000000000052
:10F2BC000000000000000000000000000000000042
:10F2CC0009027800030102C0FA0904000000FE01E3
:10F2DC0002060904000100FE0102070904000200F5
:10F2EC00FE0102080904000300FE01020909210BBA
:10F2FC00FF0000101A01080B0102020201000904B0
:10F30C000100010202010005240010010524010086
:10F31C0002042402020524060102070583030800E7
:10F32C000909040200020A0000000705020240005D
:10F33C0000070582024000000A060002000000409F
:10F34C0001000114400300240000000030BF01083C
:10F35C0050BF010810BF01080000000000000000B1
:10F36C000000000000000000000000000000000091
:10F37C000000000000000000000000000000000081
:10F38C000000000000000000000000000000000071
:10F39C000000000000000000000000000000000061
:10F3AC000000000000000000D7BF0108D7BF010813
:10F3BC0001000000000000004A00000000000000F6
:10F3CC000000000000000000000000000000000031
:10F3DC000000000000000000000000000000000021
:10F3EC004A000000000000000000000000000000C7
:10F3FC000000000000000000000000000000000001
:10F40C00000000000000000044A5022400000000E1
:10F41C0025050008A52700080105000800000000CC
:020000040804EE
:100000000000082415D1040861D104081176040801
:10001000177604081D760408237604080000000003
:100020000000000000000000000000005123040850
:1000300061D1040800000000EB230408FB2304083E
:1000400061D1040861D1040861D1040861D10408B8
:1000500061D1040861D1040861D1040861D10408A8
:1000600061D1040861D1040861D1040861D1040898
:1000700061D1040861D1040861D1040861D1040888
:1000800061D1040861D1040861D1040801DC0408CD
:1000900011DC04080DDC04081DDC040861D104082F
:1000A00061D1040861D1040861D1040861D1040858
:1000B00061D1040861D1040861D1040861D1040848
:1000C00061D1040861D1040861D1040861D1040838
:1000D00061D1040861D1040861D1040861D1040828
:1000E00061D1040861D104080000000061D1040856
:1000F00061D1040861D1040861D1040861D1040808
:1001000061D10408D5CD040861D1040861D1040887
:1001100061D1040861D1040861D1040861D10408E7
:1001200061D1040861D1040861D1040861D10408D7
:1001300061D1040861D1040861D1040861D10408C7
:1001400061D1040861D10408000000000000000033
:1001500061D1040861D1040861D1040861D10408A7
:1001600061D1040861D1040861D1040861D1040897
:1001700061D1040861D1040861D1040800000000C5
:1001800061D1040861D1040861D1040861D1040877
:1001900061D1040861D1040861D1040861D1040867
:1001A00061D1040861D1040861D1040861D1040857
:1001B00061D1040861D1040861D1040861D1040847
:1001C00061D1040861D1040861D1040861D1040837
:1001D00061D1040861D1040861D1040861D1040827
:1001E00061D1040861D1040861D1040861D1040817
:1001F00061D1040861D1040861D1040861D1040807
:1002000061D1040861D1040861D1040861D10408F6
:1002100061D1040861D1040861D1040861D10408E6
:1002200061D1040861D1040861D1040861D10408D6
:1002300061D1040811D1040861D1040861D1040816
:1002400061D1040861D1040861D1040861D10408B6
:1002500061D1040861D1040861D1040861D10408A6
:1002600061D1040861D1040861D1040861D1040896
:1002700061D1040861D1040861D1040861D1040886
:1002800061D1040861D1040861D1040800000000B4
:1002900061D1040861D1040810B5054C237833B945
:1002A000044B13B10448AFF300800123237010BD49
:1002B0004012002400000000FC9E050808B5034B16
:1002C0001BB103490348AFF3008008BD00000000E4
:1002D00044120024FC9E0508154B002B08BF134B4D
:1002E0009D46A3F5803A00218B460F461348144AD9
:1002F000121A12F0F5FC0F4B002B00D098470E4B52
:10030000002B00D098470020002104000D000D486C
:10031000002802D00C4808F02DF811F0E1FF200071
:10032000290004F0C5F808F039FA00BF0000080001
:1003300000000824000000000D44040840120024BE
:10034000B8B90024758304080000000008B5064908
:10035000064801F0BDFE4FF47A7008F0EFFCBDE8EE
:10036000084001F043BF00BF6478050880170024EF
:1003700008B54FF4E131084800F016FB064800F0DC
:1003800019F910B901F032FFF8E704490248BDE855
:10039000084001F09DBE00BF801700246C7805085E
:1003A000064B00221A600122054B1A600222054BFF
:1003B0001A600322044B1A60704700BF64120024C5
:1003C000681200245C1200246012002430B5A1F1F0
:1003D0001004002500F00F02CD7302390009D3B2DA
:1003E000092ACCBF373330330B748C42F2D130BD85
:1003F0006720704708B5084A0121084B57201A604A
:1004000001F016FF0121572001F05CFF044B43F27D
:10041000D2021A6008BD00BF004000586C120024D0
:100420000040005210B5044608F0ECFD2146FFF7ED
:10043000CDFF08F0EDFD04F11001FFF7C7FF08F054
:10044000EDFD04F12001FFF7C1FF302010BD0000D9
:1004500008B54DF65972002107480BF043FABFF377
:100460004F8F0649064BCA6802F4E0621343CB6023
:10047000BFF34F8F00BFFDE76C12002400ED00E0DA
:100480000400FA0570470B6803604B6843608B6893
:1004900083607047C3680BB19B681847704710B5FD
:1004A0000446FFF7F7FF204610BD0020704770B5E7
:1004B00090F8383105461446F3B90368DB6998476C
:1004C00004F4706304F00F02B3F5407F04F0F0030E
:1004D0000CBF07210821302B0CBF02230123012A66
:1004E00008D0901E42424241A869BDE870400068B1
:1004F00004F0E2BA0222F7E770BD10B590F8383187
:1005000004462BB9A369186804F01AFB0028F9D037
:1005100010BD38B590F838510446A5B983695BB170
:10052000186848B10368DB689847A36904211D6017
:10053000A06908F0A3F9A5610023C4F82831C4F824
:100540002C31C4F8303138BD13B590F83831044639
:100550006BBBA369186804F0C7FA40B307F030FB1F
:10056000A36901220DF10701186803685B699847C8
:10057000D4F83031B3F5807F16D0D4F83031B3F5EC
:10058000807F11D0D4F828319DF80720234483F8C8
:100590002820D4F828310133DBB2C4F82831D4F84C
:1005A00030310133C4F8303107F020FBD1E702B01D
:1005B00010BD000008B590F838313BB1012001F0C2
:1005C00005FE0648BDE8084001F073BA82691AB119
:1005D0001368003318BF0123184608BD501E0024BD
:1005E00070B504460D4601F064FA30B1236829461F
:1005F00020461B6CBDE87040184770BDA0F5A07088
:10060000EEE7000013B590F8383104468DF8071076
:100610002BB1C9B20B48FFF7E3FF02B010BDA369CD
:10062000186804F08DFA0028F9D0A36901220DF1B1
:100630000701186803681B699847013018BF01203B
:10064000EBE700BF501E00242DE9F0410746884625
:10065000164601F02EFA70B10024A6420CD9351BC3
:1006600008EB04013846402D28BF40252A462C447B
:1006700000F060FFF1E704462046BDE8F081A0F5F8
:10068000A070E1E770B590F8383105460E46144683
:100690002BB10F48FFF7D8FF0446204670BDAB6969
:1006A000186804F04DFA0028F9D0AB6901211868E8
:1006B000D0F8883088301B6B9847AB6922463146AA
:1006C000186803681B699847013008BF0024E4E7F5
:1006D000501E002430B50446C3B001F0D7F90546DA
:1006E000D4F85832C3F58073984203DDD4F85852D9
:1006F000C5F580752A4601AB02A9204601F010F825
:10070000019902AB00226D1A1D44D4F85832B3F59A
:10071000807F19D08A4217D0D4F85832B3F5807F41
:1007200010D0D4F85032A85C234483F85001D4F898
:1007300050320133DBB2C4F85032D4F858320133AE
:10074000C4F858320132E0E743B030BD38B5044652
:1007500000F0D2FB2046FFF7BDFFD4F858522046E8
:1007600000F0D2FB284638BDA0F5A070EEE70000EF
:1007700010B590F8383104462BB10648FFF7E6FF74
:100780000446204610BD07F01BFAD4F8304107F0AC
:100790002DFAF6E7501E002438B5044600F0ACFBF5
:1007A0002046FFF797FFD4F858324BB1D4F85432B3
:1007B000234493F85051204600F0A6FB284638BD4C
:1007C0004FF0FF35F7E7A0F5A070E5E710B590F81A
:1007D000383104462BB10B48FFF7DEFF04462046B4
:1007E00010BD07F0EDF9D4F830313BB1D4F82C014D
:1007F000044494F8284007F0F9F9F0E74FF0FF348B
:10080000F9E700BF501E002438B5044600F074FB21
:100810002046FFF75FFFD4F85832A3B1D4F8543222
:10082000234493F85051D4F854320133DBB2C4F866
:100830005432D4F85832013BC4F85832204600F004
:1008400063FB284638BD4FF0FF35F7E7A0F5A070F1
:10085000DAE7000010B590F8383104462BB11148A2
:10086000FFF7D2FF0446204610BD07F0A9F9D4F8DF
:1008700030319BB1D4F82C31234493F82800D4F8BC
:100880002C310133DBB2C4F82C31D4F83031013BC8
:10089000C4F83031044607F0A9F9E4E74FF0FF341B
:1008A000F9E700BF501E00242DE9F84300251F463C
:1008B0004FF47A7304468946904629464FF4807275
:1008C000C561089EC0E90153184B03602023C0E9AD
:1008D0000535283012F004FAC4F8285184F838514C
:1008E0005FFA89F0C4F82C51C4F8305101F042FC91
:1008F00020845FFA88F001F03DFCAF4260840CDB9D
:10090000F8B201F037FCA084002E0ADBF0B201F04F
:1009100031FCE0842046BDE8F8834FF6FF73A384E2
:10092000F2E74FF6FF73E384F4E700BF8C78050825
:1009300010B4D0E9003409686210E4075DF8044B94
:1009400001EB020044BF8A58D358184701460430CF
:1009500008B5FFF7EDFF08BD034A0346C26007C9AB
:1009600083E80700704700BF7878050810B586B0A7
:1009700004460391684606A980E80C0001E90C00D2
:10098000204603A9FFF7E8FF204606B010BD37B5A3
:100990006C46054684E80C0094E80C00FFF7E6FF7F
:1009A000284603B030BD000070B590F8383186B0ED
:1009B00004460E46002B3BD1856925B9042007F07B
:1009C00029FFA0610560A369186850BB8C2007F05F
:1009D00021FF3346B4F922200546B4F9201004F073
:1009E00097FBA3691D60B4F92420531C06D0A069AD
:1009F0000321B4F92630006804F09AFBA3691D684E
:100A0000B5B1114B0026214602A800936B46019612
:100A10000CCBFFF7BCFF324602A9284604F0FEF8D3
:100A200003E0314604F035F8DDE702A8FFF737FDB3
:100A300006B070BD8C21284607F020FF0FF054F857
:100A400002A8FFF72CFDF9E74905040808B5FFF7F0
:100A50007DFF08BD08B5FFF7F9FF08BD37B54FF4B6
:100A60007A731C4C00254FF4807204F1280029464B
:100A7000E561C4E90153184B23602023C4E905351F
:100A800012F02EF90121C4F828512A46C4F82C513D
:100A900084F83811C4F830514FF0FF340F48234622
:100AA0000094FFF701FF23460094132212210C4803
:100AB000FFF7FAFE23460094112210210948FFF7A0
:100AC000F3FE23460F220E2100940748FFF7ECFEA9
:100AD00003B030BD801700248C78050890120024E4
:100AE000CC1300240815002444160024002070476D
:100AF0007047704710B5D0F88C452CB1236820465C
:100B0000DB6A9847A468F8E710BD38B50D46D0F801
:100B10008C4534B1236820462946DB689847A46891
:100B2000F7E738BD0048704748790508054B10B510
:100B30000446036005F04FFD204605F05DFE2046AB
:100B400010BD00BFC878050810B50446FFF7EEFFDA
:100B50004FF4B261204607F091FE204610BDF7B574
:100B6000002305460E46D0F88C45A4B123683146D3
:100B70000DF1030220461F6901ABB8479DF8031031
:100B80000346042905D0019A284605F033F803B03E
:100B9000F0BDA468E9E7019A9DF80310F4E770B589
:100BA00005460E4622B10021BDE8704004F02EBE7D
:100BB000D0F88C455CB123680022314620465B6941
:100BC000984710B101212846EEE7A468F2E72146D4
:100BD000F9E770B50E460546D0F88C4500213CB1CA
:100BE0002368314620469B699847A4680146F6E78A
:100BF0002846BDE8704004F0FDBEF8B505460E4637
:100C00001746D0F88C453CB1236820463A46314619
:100C1000DB699847A468F6E728460121BDE8F8405B
:100C200004F046BF70B5002186B0044605F02DF9EA
:100C300000234FF48975A188EF26ADF8063023898B
:100C4000ADF8045002258DF810301B0AE2888DF8AB
:100C5000113040F201238DF80750ADF8123040F208
:100C600003138DF809500125ADF8143004F10A037F
:100C70008DF8086005AE8DF80A501C468DF80C10F2
:100C800001AD090A8DF80E20120A8DF80B008DF8BF
:100C90000D108DF80F202A46083303CAB24243F8DC
:100CA000080C43F8041C1546F5D1128820461A801A
:100CB00006B070BDF8B5002406460D4627463046FE
:100CC00012F0DEFBA04207D9335D05F8143005EBC6
:100CD000440301345F70F2E7400000F0FE00F8BD0D
:100CE00038B50446D0F88C5535B12B6828465B6A78
:100CF000984710B9AD68F7E7284640F2023304F28E
:100D00004A51A4F84835FFF7D5FF94F84835184400
:100D100084F8480504F5A96038BD000040F20233AC
:100D200000F20A5110B50446A0F808350548FFF74F
:100D3000C1FF94F80835184484F8080504F5A1604B
:100D400010BD00BFB878050840F2023310B5044664
:100D5000A0F8C83400F2CA40FFF764FB94F8C83426
:100D6000184484F8C80404F5996010BD2DE9FF41CA
:100D700000231D4A044600F54E788DF80A300925F7
:100D800090F888350192FA228DF8083001238DF809
:100D90000C208DF80930C0238DF80B3001AB03CB4C
:100DA000C4F83803C8F8041088F80820D4F88C6513
:100DB0008EB13368002130469B689847478805F517
:100DC0004E7300F10901093FE0183A463D4411F025
:100DD00089FEB668ECE784F83A5340462D1284F851
:100DE0003B5304B0BDE8F0810902FFFF73B5044630
:100DF0000D4616460CF074FE4FF4807301462A46E9
:100E000020460093334605F0B3FC024B2046236096
:100E100002B070BDC878050810B5D0F88C3504460E
:100E2000A3B9C0F88C1594F8883508464A790B7137
:100E300094F88835134484F888350B689B6A984782
:100E4000238918442081012010BD13469A68002A86
:100E5000FBD19960E7E71FB5044605F011F801469C
:100E6000684604F02DFA4021684604F09BFAD4F855
:100E70008C4534B12368694620461B6A9847A468AC
:100E8000F7E7684604F023FA04B010BD684604F0A2
:100E90001EFA0EF029FE10B50446FFF7DCFF2046CF
:100EA000BDE8104004F0D3BF0F4808B50378BFF386
:100EB0005B8FDB0711D407F06BFA70B140F266224A
:100EC00042F241310948FFF791FF074807F082FAE3
:100ED000074A0849054807F04BFA044808BD02488C
:100EE00007F080FC0EF000FEBC180024C01800249F
:100EF000000000242D0B040810B5FFF7D5FF036890
:100F0000BDE810405B6F184710B5FFF7CDFF0368D1
:100F1000BDE810409B6F184710B5FFF7C5FF036889
:100F2000BDE81040DB6F184704F050BB04F064BB11
:100F300004F03CBB704770477047436A93F87800F1
:100F40007047D0F82401704701207047004870476F
:100F5000B47A05082DE9F04F97B004460F464B22AE
:100F6000002103A811F0BCFED4F824312679002B0F
:100F7000637B06F1010594F80EA014BF0520002044
:100F8000EDB294F80C900193002F40F0978040F25E
:100F9000092301218DF8250042F20540ADF80C30FF
:100FA0004FF481734FF0240C4FF0090EADF8103060
:100FB000802304274B228DF8133032238DF8211023
:100FC0004FF010088DF8143008238DF824104FF0DE
:100FD000030B8DF815300B23ADF8260005208DF896
:100FE000163040F202238DF82A101D34ADF8183067
:100FF00002238DF82D108DF82F1006218DF80E206C
:101000008DF817608DF81A308DF81DE08DF81F608F
:101010008DF822308DF823308DF82B008DF82CC000
:101020008DF831C08DF832308DF833108DF83400E2
:101030008DF835C08DF81E708DF829808DF82EB092
:101040008DF830708DF8361007218DF8376044F236
:1010500003068DF839108DF8491044F202018DF81D
:101060003850ADF84C1040F207518DF8425040F620
:101070000225ADF850109DF804108DF85330402330
:101080008DF83A008DF84A0020468DF8521003A9D9
:101090008DF83BA0ADF83C608DF83F808DF840E0C6
:1010A0008DF84170ADF844508DF84B908DF8543068
:1010B00011F018FD204617B0BDE8F08F0020FAE7C8
:1010C00038B50B4B0546044645F8D03BFFF7ECFE20
:1010D00005F081FA284604F0FFF904F17C0004F0E1
:1010E000FBF904F1700004F0F7F9204638BD00BFA9
:1010F000747A050810B50446FFF7E2FF4FF49471C7
:10110000204607F0BBFB204610BDFFF705BF0000DF
:10111000034B10B50446036004F09AF8204610BD56
:101120009079050810B50446FFF7F2FF2821204604
:1011300007F0A4FB204610BD034B10B50446036026
:1011400004F086F8204610BD6079050810B5044605
:10115000FFF7F2FF3421204607F090FB204610BD38
:10116000034B10B50446036004F072F8204610BD2E
:101170007879050810B50446FFF7F2FF38212046BC
:1011800007F07CFB204610BD38B51C4B0D460446CD
:1011900040221968C0F80F1099889B79A0F81310A5
:1011A00002214375284604F0F3F8402220730221FF
:1011B000284604F0F2F8402260730321284604F028
:1011C000E7F8A073284604F083F820B9AF220C4951
:1011D0000C4806F0FDFB002304F18502C4E932232C
:1011E00004F1D90284F8783084F8843084F8D83057
:1011F000C4F81C21C4F8203138BD00BFAC79050803
:101200004F7A05085A7A05082DE9F34104460E463F
:101210001546FFF781FEF28823799A4237D1002DD7
:1012200035D17778012F2ED1F378202B27D1328931
:10123000072A24D104F10F0804F116054046294677
:1012400011F01EFCD0B1D4F81630C4F80F30638B07
:10125000207CE17BA4F8133001EB0021E57C607C6D
:10126000237F01EB00410095A07C2568637501EBAD
:101270000061237D2046627D6D6BA8473D46F37873
:10128000212B08BF0125284602B0BDE8F0810025CA
:10129000F9E710B50446FFF73FFEFFF705FE217B97
:1012A00005F036F804F1850304F17C00C4F8C83079
:1012B0000023C4F8CC3084F8843004F0C2F894F8E9
:1012C00084302BB923682046DB6BBDE810401847FB
:1012D00010BD000070B50446FFF71EFED4F8205183
:1012E0002DB140F2DD120F490F4806F071FB04F1F9
:1012F000D903C4F81C31FFF7D7FD617B04F066FF0A
:1013000084F8D850C4F8200104F1D00004F099F812
:1013100094F8D8302BB9236820469B6BBDE8704009
:10132000184770BD4F7A0508B87905080022C260D9
:101330007047000002232DE9F04143710023044669
:10134000054683609046144B04F17C0645F8703BDB
:10135000284604F069F8304604F066F804F1D00736
:10136000384604F061F8C4F82481FFF79DFD21465A
:10137000FFF752FD0CE0384604F0AEF8304604F0BA
:10138000ABF8284604F0A8F80EF0AEFBF6E7F8E755
:101390002046BDE8F08100BF747A050870B50446A8
:1013A0000D46FFF7B9FD84F87850002D3ED194F832
:1013B000843033B1FFF778FD217B04F081FD84F8A0
:1013C000845004F1850304F17C0600253046C4F8FE
:1013D000C830C4F8CC5004F034F8304604F02AF891
:1013E00028B94FF4A2721449144806F0F1FA94F89F
:1013F000D83033B1FFF758FD217B04F061FD84F84C
:10140000D85004F1D90304F1D005C4F81C310023ED
:101410002846C4F8203104F014F8284604F00AF8ED
:1014200020B94FF4A77204490548DEE704F17000C3
:10143000BDE8704004F005B84F7A0508C679050884
:10144000D779050810B50446FFF766FD0021204650
:10145000BDE81040FFF7A2BF38B50D460446FFF7C0
:101460005BFD042D05D020460021BDE83840FFF784
:1014700095BF38BDF8B5164604460D461F46FFF722
:101480004BFD0423EA88337023799A4225D1697889
:10149000012922D1EA78212A08D0222A0BD0202A39
:1014A0004FF000001BD13070163401E00F34317062
:1014B00007203C60F8BDAB88204613F0010308BF4D
:1014C0001946FFF76BFFAB8803F00103E366AB88B7
:1014D00003F00203A366022333700020EAE703232C
:1014E0003370E7E710B58AB00446FFF705FD68469C
:1014F00003F09EFE0D4B694604F1700000930994C1
:1015000003F0B7FF2046FFF7FFFC094B00216846B8
:101510001A6803F053FE6846FFF7FAFD0AB010BDE3
:101520006846FFF7F5FD0EF0DFFA00BF9079050879
:10153000B479050870B58EB004460E461546FFF71F
:10154000DBFC01A803F074FE114B01A904F17C003F
:10155000019300230C958DF83430CDE90A4603F051
:1015600088FF2046FFF7D0FC0A4B002101A81A682B
:1015700003F024FE04E001A8FFF7DEFD0EF0B4FA4C
:101580009DF8344001A8FFF7D7FD20460EB070BD8E
:1015900060790508B479050810B50446FFF7BCFC6E
:1015A00094F884307BB9D4F8CC3063B1FFF77CFC7D
:1015B000D4F8CC3004F18502217B04F047FE10B151
:1015C000012384F8843010BD2DE9F8431E460446FB
:1015D000894690469DF82070FFF78EFC002333600B
:1015E00094F87830E3B194F88430CBB9D4F8CC5087
:1015F000C5F14005454528BF4546B8F1000F05D067
:101600002A464946D4F8C80011F06CFAD4F8CC3018
:101610002B44C4F8CC30356017B12046FFF7BCFF2F
:101620002046BDE8F843FFF76FBCF0B50446406ABA
:1016300085B0012690F878502DB984F830503546A1
:10164000284605B0F0BD04AB0027D4E90A1243F8E0
:10165000047D0096FFF7B8FF0399E36AA26A5B1A5C
:101660000A44E362A26213B984F83060E8E7606A72
:101670003D46FFF791FFE3E72DE9F0431C4691B0AB
:10168000054689469046FFF737FC002C4FF00006D0
:1016900002A806BF01AC01270027266003F0C8FDA1
:1016A000134B02A905F1D00002938DF83C708DF820
:1016B0003D60CDE90B59CDE90D8403F0DAFE2846F3
:1016C000FFF722FC0B4B314602A81A6803F076FDA7
:1016D00004E002A8FFF744FD0EF006FA9DF83D4035
:1016E00002A8FFF73DFD204611B0BDE8F08300BF22
:1016F00078790508B479050810B5D0F8203104468A
:101700006BB990F8D83053B9FFF7CEFB402304F102
:10171000D902617B04F0FCFC012384F8D83010BDB1
:1017200070B504461E4600230846336094F87830AE
:10173000EBB194F8D830D3B9D4F82051D4F81C11B7
:10174000954228BF15462A4611F0CCF93560D4F8E9
:101750001C31D4F820212B44551BC4F81C31C4F88B
:10176000205125B92046BDE87040FFF7C5BF70BDC8
:1017700037B50446406A90F878502DB984F8355052
:101780000125284603B030BD02AB002243F8042DEA
:10179000D4E90A12FFF7C4FF0199A26A0A44A262BF
:1017A000226B13680B4413600199E36A5B1A94F887
:1017B0003410E36209B9126802B91BB9012384F835
:1017C0003530DEE7606A0025FFF796FFD9E710B5F0
:1017D00004460021FFF7AAFD204610BD10B50446BF
:1017E000FFF7F5FF204610BD10B4D0E900340968BA
:1017F0006210E4075DF8044B01EB020044BF8A5815
:10180000D35818470146043008B5FFF7EDFF08BD6F
:10181000034A0346C26007C983E80700704700BF58
:10182000A079050810B586B004460391684606A95C
:1018300080E80C0001E90C00204603A9FFF7E8FF4F
:10184000204606B010BD37B56C46054684E80C004E
:1018500094E80C00FFF7E6FF284603B030BD000017
:10186000F0B58BB00546FFF757FB06ACFFF71CFB46
:10187000AF7B064600212046FFF7B0FF009403230C
:1018800040223946304604F009FF2046FEF707FEA5
:10189000FFF70AFB214B06462F7B029300232946C4
:1018A0002046039302AB0CCBFFF7CDFF009402233D
:1018B00040223946304604F0F1FE2046FEF7EFFDA7
:1018C000FFF7F2FA164B06466F7B04930023294676
:1018D0002046059304AB0CCBFFF7B5FF0094022321
:1018E00040223946304604F0D9FE06E02046FEF795
:1018F000D6FD0EF0F9F8F9E7F8E72046FEF7CFFD40
:10190000FFF7D2FA4023D5F81C21697B04F000FCD4
:10191000012085F8D8000BB0F0BD00BF9312040879
:10192000D512040808B5FFF76DFF08BD08B5FFF72D
:10193000F9FF08BD6FF01500704700290CBF6FF06C
:10194000180000207047012070476FF015007047A5
:101950006FF015007047112070477047704770474F
:1019600003689B6C1847A0F5A070F9E770477047B3
:101970007047704710B50446012000F027FC94F82A
:10198000780010BDA0F5A070F4E7000038B54FF066
:10199000FF320123FF210B4807F008F90A4D00F040
:1019A00003FC044695F878301BB1012000F00EFCD2
:1019B000F8E700F0F9FB001BC728F6D9BDE838406E
:1019C000FEF746BD08210024501E002407B502ABD7
:1019D000012243F8041D1946FFF7ACFD18B1019828
:1019E00003B05DF804FB4FF0FF30F9E7A0F5947009
:1019F000FFF7ECBF07B5002302A9012201F8013D62
:101A0000FFF73AFE20B19DF8070003B05DF804FB34
:101A10004FF0FF30F9E7A0F59470FFF7EBBF2DE929
:101A2000F8430446884617461E46089DFFF774FA99
:101A3000D4F87092B9F1000F04D02B4632463946E3
:101A40004046C847C4F86082C4F86472C4F868624B
:101A5000C4F86C52BDE8F883B0F5966F03D101214C
:101A6000014807F085B870470821002400687047D6
:101A70000C30704708B5FFF7FBFF0023036008BD7B
:101A8000CB68C3600BB15B681847704738B5054633
:101A9000FFF732FA95F8D8304BB9D5F82041402CF1
:101AA00028BF40242846FFF72FFA204638BD0024DF
:101AB000F8E790F878007047114B03F1780270B5A1
:101AC00003600446C0F8282100F51D7603F1D80212
:101AD00000F52D75E833C0F82C21C0F84031AE4236
:101AE00004D0103D2846FEF7DAFCF8E704F59470C0
:101AF00005F0F8FB2046FFF7E3FA204670BD00BF73
:101B00008C7B0508A0F59470FFF7D6BFA0F5967002
:101B1000FFF7D2BF10B50446FFF7CEFF4FF42E718A
:101B2000204606F0ABFE204610BDA0F59670FFF7EC
:101B3000F1BFA0F59470FFF7EDBF00002DE9F7436A
:101B400004461E46884615460BF0CAFFBDF82C30E9
:101B500004F59477014601932A46BDF828302046C3
:101B600000933346FFF7E6FB0021384605F090FB73
:101B70004FF47A73002504F51D7904F5A870C4F8B4
:101B800048312946204B4E46C4F8445103F17802AF
:101B90002360C4F8282103F1D802E833C4F82C21CB
:101BA0004FF48072C4F8403111F09AF8C4F85052E2
:101BB000C4F85452C4F8585204F52D753046103606
:101BC000FFF705FEB542F9D10023C4F8B432C4F8DA
:101BD0007032B8F1000F13D02046FFF783FC0FE0FE
:101BE0004D4504D0103D2846FEF759FCF8E738462D
:101BF00005F078FB2046FFF763FA0DF075FFF9E773
:101C0000204603B0BDE8F0838C7B0508884238B5D8
:101C1000044606D00D46FEF73DFC20462946FFF758
:101C20002FFF204638BD08B5FFF722FF00680030BF
:101C300018BF012008BD000010B50446FFF7F3FFF0
:101C400028B940F202220649064805F0C1FEE068C4
:101C5000FFF70CFF03462046BDE81040184700BFC1
:101C60006D7B0508787B0508F8B506460025FFF76B
:101C700053F906F51D74D6F8B432AB420AD92046A2
:101C80002746FFF7D0FF103420B138460135FFF763
:101C9000D3FFF0E7F8BD0000044BC36003460A68B9
:101CA00043F8042B002242605A607047D87A050836
:101CB00013B50446019121B9FFF7DCFE204602B0BE
:101CC00010BD01A9FFF7E8FFF8E710B4D0E9003430
:101CD00009686210E4075DF8044B01EB020044BFA1
:101CE0008A58D35818470146043008B5FFF7EDFF6E
:101CF00008BD0000034A0346C26007C983E8070025
:101D0000704700BFCC7A050810B586B00446039131
:101D1000684606A980E80C0001E90C00204603A9EA
:101D2000FFF7E8FF204606B010BD37B56C46054604
:101D300084E80C0094E80C00FFF7E6FF284603B0A7
:101D400030BD00002DE9F04188B00446FFF7D4F81B
:101D5000384B2046C4F87032FFF7D6F8364B04A84B
:101D6000214602930023039302AB0CCBFFF7DDFF68
:101D70002046FFF7C1F8D4F8B402032803D920465F
:101D8000FFF7C2F80AE0431C04EB001004A9C4F8F2
:101D9000B43200F51D70FFF739FFF0E704A8FEF735
:101DA0007EFBBC2006F036FD05460646234B05F1BA
:101DB000400746F8043B3046FFF709FD002138464E
:101DC00006F07CFF05F15408404606F015FF1C4B59
:101DD0004FF48072182128460093002306F0EAFF92
:101DE000184904A8C4F85C52FFF762FF04A928460A
:101DF00007F034F810E0404606F03EFF384606F0A3
:101E000086FF3046FEF74BFBBC21284606F036FD28
:101E10000DF06AFEF2E7F4E704A8FEF740FB204667
:101E2000FEF758FC08B0BDE8F08104A8FEF737FBC8
:101E3000EEE7FAE7591A0408D50604087C9105086C
:101E4000E47A05088D190408A0F5A070FFF77ABFA1
:101E50000368184708B5FFF7FBFF08BD08B5FFF793
:101E600042FF08BD08B5FFF7F9FF08BD37B50F4CB5
:101E70000F4D204606F072FE2A460E49204606F017
:101E800077FA42F2120301220B4CCDE90032002214
:101E90004FF4F85320461146FFF750FE2A460749F3
:101EA000204603B0BDE8304006F062BA08210024A5
:101EB00000000024778B0408501E0024B91A04087F
:101EC00008B50FF0B9FA2DE9F04F027D85B005464F
:101ED0000E46012A40F08E8000214FF0FF3B044661
:101EE0000B465F4694F804C048B2BCF1000F73D1B2
:101EF00094F805C0BCF1000F6ED1B7F1FF3F17BFDA
:101F00000133012338465BB2934201DD1A46834612
:101F10000131023408295DD1002402EB0B03A146F4
:101F20000293CB4502DC029B4B4558DC95F80580BB
:101F300095F804A04FEA281708F00F080AF00F03DD
:101F40005FEA2A1AFAB201926FD05FFA8AF1BAF107
:101F5000090F30460393D4BF3031573100F0AFF84A
:101F6000039B0444092B3046039394BF03F13001D3
:101F700003F1570100F0A3F80444BAF1000F02D1B5
:101F8000039B03B94FB1092F019F3046D4BF3037AF
:101F90005737F9B200F093F80444B8F1090F30460E
:101FA00094BF08F1300108F1570100F088F8B9F149
:101FB000070F044404D03A21304600F080F804446E
:101FC00009F101090235B9F1080FAAD1204605B07F
:101FD000BDE8F08F074685E74FF0FF3098E7CB4527
:101FE000EED1BBF1000FE6D13A21304600F067F8A0
:101FF0000444E0E700F1100700F11309002417F88A
:10200000011B0A22304600F097F880462E21304608
:1020100000F055F8B94540440444F0D10A22E97C67
:10202000304600F089F80444D0E7002B9AD1A9E7A4
:10203000054B102210B504460360017500210430E1
:1020400010F04EFE204610BDA87C050870B5074D67
:102050008374056000259DF8103005754560856026
:10206000C56001744274C37470BD00BFA87C0508CC
:1020700007B501210648FFF7DBFF002305481A4694
:1020800019460093FFF7E2FF03B05DF804FB00BFC1
:102090001C2100243421002470B5044608460D4656
:1020A00011F0EEF923680246294620465B68BDE838
:1020B0007040184709B1FFF7EFBF08467047036843
:1020C0001B6818470149FFF7E7BF00BF8E9A050854
:1020D00038B50546FFF7EEFF04462846FFF7F2FF46
:1020E000204438BD70B58AB00D460023012A98BF40
:1020F0000A220AA901F8043DB5FBF2F402FB1456CA
:102100002546F3B2092E94BF30333733DBB201F8E2
:10211000013D002CF0D1FFF7CDFF0AB070BD10B427
:102120002AB90368C9B25DF8044B1B681847D2B2DC
:102130005DF8044BFFF7D6BFFFF7F1BF10B500F015
:1021400047F80A4CFEF756F9FEF7AEFEFEF7A3FE7F
:102150004FF4E1310648FFF7F5FDFEF709F9FEF708
:10216000F5F8002CFBD0AFF30080F8E7000000008A
:10217000501E002410B50446FEF73AF984423BBFD6
:102180002401024B4FF0FF30185F10BD0400002403
:1021900010B5044602F068FE204610BD10B5044696
:1021A00002F062FE204610BD07B50749684602F0FE
:1021B00098FE4FF47A720023DDE900010DF0E6FF8E
:1021C00003B05DF804FB00BF5021002406F0A6BD5B
:1021D00008B5044802F052FE0348BDE8084002F08A
:1021E0004DBE00BF682100245021002406F0A8BD88
:1021F00038B50A4C0A4D204602F0B0FE2046094C84
:102200002A46094906F0B4F8204602F0B2FE2A46F2
:1022100020460649BDE8384006F0AAB868210024E7
:1022200000000024502100249D210408912104086D
:102230002DE9F04104460E46FEF7DAF884423CD21E
:102240001F4D2701EA19D06810B11C2106F016FBBA
:102250002046FFF78FFF80461C2006F0DBFA04467D
:1022600000211C2210F03CFD4146204604F095FB65
:10227000EB19012EDC6010D006D3022E12D02046BE
:1022800002F04FFB022103E0204602F04AFB00214E
:102290002046BDE8F04102F051BB2046BDE8F041C8
:1022A00002F032BB204602F03CFB0121F0E71C218A
:1022B000204606F0E3FA0DF017FCBDE8F08100BF00
:1022C000040000242DE9F34106460F46FEF790F87E
:1022D00086422AD21B4D4FEA061805EB0802D46845
:1022E000ACB93046FFF746FF06461C2006F092FACE
:1022F00004461C22002110F0F3FC00970023012269
:102300003146204604F065FB05EB0803DC600E4B0C
:102310000E491A46D3F894008842FBD123683FB196
:10232000A1680B604FF44073536102B0BDE8F081C7
:10233000E1681B04F5E71C21204606F09FFA0DF02A
:10234000D3FB00BF04000024006402580003008097
:102350001EF0040F0CBFEFF30880EFF309808169D2
:1023600011F8021C002932D101B590E80F10E047A6
:10237000BDE800508CE80300244B93E8060091422E
:1023800008BF70471A6041B91EF0100F10D1204BE2
:10239000186820F0010018600AE02CE9F00F1EF028
:1023A000100F08BF2CED108A81F822E0C1F838C068
:1023B000906B92F8221061F0FF0E1EF0100F08BF14
:1023C000B0EC108AB0E8F00F80F309887047114A2A
:1023D00013689942FAD801B552F821C00FC8E047F6
:1023E000BDE80050CCF80000704701B501F030FBAB
:1023F000BDE80140EFF3098CBEE701B501F0ECFA4E
:10240000BDE80140EFF3098CB6E700008806002420
:1024100034EF00E0747D0508014608B530B96FF06F
:10242000030000F0EEF96FF0030008BD132001F087
:10243000C9FE30B94FF0FF3000F0E3F94FF0FF3044
:10244000F3E70020F1E7000008B5EFF305832BB9AF
:10245000EFF3108313B9EFF3118333B16FF005007D
:1024600000F0CFF96FF0050008BDDFF808C000DF0D
:10247000FAE700BF19240408EFF310832BB9EFF338
:102480001180003818BF01207047012070470000FC
:1024900038B50546A0B1846802686CB114F0030336
:1024A00002D1C1680F2926D800246FF0080100204E
:1024B00002F0F0F8204638BDC368002BF4D1154671
:1024C000104BD3F8900078B100F0FBFB0446A0B1AC
:1024D0000123F322A3700023656022700A4AC4E935
:1024E0000233084B5A66E5E701221021D3F8800039
:1024F00000F06EFBEAE71546EBE76FF0040102F02F
:10250000C9F8D7E77406002475250408930710B5A9
:1025100002F0010422D400F10C0384B153E8000F4F
:1025200000EA01028A4203D0BFF32F8F002005E0AA
:1025300020EA010243E8002404B1EFE710BD53E8AC
:10254000000F084203D1BFF32F8F002005E020EADF
:10255000010243E8002404B1F1E7EFE7C06801EAB3
:1025600000031CB1994218BF0020E7E7002B08BF09
:102570000020E3E7F8B50546846804B9F8BD94F88F
:1025800023202846616AA768FFF7C0FF064638B1D6
:10259000204601F0D6FB00223146204601F06AFDBC
:1025A0003C46EAE7F8B50D4617461E46044620B1FC
:1025B0000378F32B01D1002907DA20466FF00301DD
:1025C00002F068F86FF00300F8BDFFF79FFF0028E6
:1025D000FAD186B13146432001F0F4FD40B1074BFA
:1025E00020465E69314601F091FB756286F82370E2
:1025F0006FF00100E8E76FF00200E5E774060024E1
:1026000070B5054610B10378F32B07D028466FF05C
:10261000030102F03FF86FF0030070BD836863B1FF
:10262000284601F085FB00226FF0020101F022FD37
:10263000A8680028F4D101F003FCAB78002613F061
:1026400001032E700FD0094B2946D3F8904024B1D6
:10265000204600F050FB3046DFE7D3F8800000F062
:10266000ECFA2046D9E71846D7E700BF74060024E5
:102670002DE9F041064620B10378F32B01D1002962
:1026800009DA6FF003056FF00301304602F002F83B
:102690002846BDE8F08100F10C0353E8002F42EA20
:1026A000010543E8005000B1F7E7B4681CB92046C3
:1026B00001F0C6FBECE794F823203046616AD4F8B9
:1026C0000880FFF723FF074678B194F823309B0773
:1026D00056BF656A054620EA0505204601F031FB34
:1026E00000223946204601F0C5FC4446DEE70000E2
:1026F000024608B5EFF3058333B100206FF0050102
:1027000001F0C8FF002008BDFFF7B6FE0028F4D195
:102710001046DFF808C000DFF5E700BF9124040889
:10272000024638B5EFF305834BB192B96FF003045D
:102730006FF00301104601F0ADFF204638BDFFF7F2
:102740009BFE0028F1D11046DFF82CC000DF0446C4
:10275000F3E71378F32BE9D10029E7DB02F10C034F
:1027600053E8000F40EA010443E8004505B1F7E7EC
:10277000104601F0B5F9E0E77126040838B50446C3
:102780001D46EFF3058343B18CB920466FF003017A
:1027900001F080FF6FF0030038BDFFF76DFE0028E9
:1027A000F2D120462B46DFF824C000DFF4E723787F
:1027B000F32BEAD1002DE8D10029E6DB2046FFF714
:1027C000A5FE002808BF6FF00200E5E7A525040874
:1027D000024608B5EFF305833BB110466FF00501E3
:1027E00001F058FF6FF0050008BDFFF745FE002817
:1027F000F3D11046DFF804C000DFF5E70126040836
:1028000070477047EFF310832BB9EFF31180003856
:1028100018BF01207047012070470000064BDA6A9C
:102820003AB1D0695B6C1BB11B69984228BF18464E
:1028300070474FF0FF30F5E77406002470B5464C42
:10284000237A012B00F0858033B14FF0FF3001F087
:1028500015FF4FF0FF3070BD404DEB68E3652B8AEC
:10286000D5E90B61A4F85430AB683046236400F01E
:1028700097F908B1C4F88060D5E90561304600F0E9
:102880008FF908B9D4F880606667D5E907613046EA
:1028900000F086F908B9D4F88060A667D5E9096127
:1028A000304600F07DF908B9D4F88060E6676E6BB9
:1028B0003EB131683046D6E9022300F0E1F9C4F8B0
:1028C0008460AE6B3EB131683046D6E9022300F039
:1028D000D7F9C4F88860EE6B3EB131683046D6E96E
:1028E000022300F0CDF9C4F88C602E6C3EB1316843
:1028F0003046D6E9022300F0C3F9C4F890606E6C4C
:102900003EB131683046D6E9022300F0B9F9C4F887
:102910009460AE6C3EB131683046D6E9022300F0D7
:10292000AFF9C4F89860EE6C3EB131683046D6E934
:10293000022300F0A5F9C4F89C602D6D3DB1296813
:102940002846D5E9022300F09BF9C4F8A0500123E2
:10295000237200207FE700BF74060024047D050871
:1029600070B5254D2B7A012B07D06FF006004FF084
:10297000FF3401F083FE204670BD01F057FC10B912
:102980004FF0FF30F3E71D4AFF231D4E82F822303F
:1029900092F82230D26863F0FF031A49C2F3022290
:1029A0007068DB4314BFB3FA83F32023C3F1200321
:1029B000934298BF531CFE2202FA03F30F4ADBB284
:1029C000D37701F0B7FE04460028D9D101F00AFF01
:1029D000286101F0F3FE0C4801F0AAF901F028FA91
:1029E0003368DB074CBF0223032383F31488BFF350
:1029F0006F8F02232B72BEE77406002400ED00E007
:102A0000047D0508FB2304089006002410B50F4C34
:102A1000237A022B13D101F0D9FE01236372BFF395
:102A20004F8F0B4A5168C90003D54FF000615160C8
:102A3000A37204232372BDE81040FFF7EFBE6FF0CE
:102A4000070001F01BFE002010BD00BF740600242B
:102A500000ED00E038B51E4C0546237A042B35D135
:102A6000FFF7DCFEE26AA842034694BF00F1FF33A1
:102A70002B4612B1D069C01AD061626C12B11069D4
:102A8000C01A1061E06803440544E360E368AB42A8
:102A900013D102230020237201F0D2F900236372C4
:102AA000BFF34F8FA27A22B1A3724FF08052094B2D
:102AB0005A60BDE8384001F081BE0133E36001F0A7
:102AC0007DF9236D002BE1D09847DFE738BD00BFCB
:102AD0007406002400ED00E0704738B504460D464A
:102AE000FFF78EFE29462046BDE8384001F088BD3C
:102AF00008B5FFF7F1FFEFF3058333B16FF0050081
:102B000001F0BCFD6FF0050008BDFFF77BFE00285B
:102B1000F4D1DFF808C000DFF6E700BF3D28040865
:102B200008B5EFF3058333B16FF0050001F0A6FDA2
:102B30006FF0050008BDFFF765FE0028F4D1DFF84F
:102B400008C000DFF6E700BF6129040808B5EFF30D
:102B500005832BB16FF0050001F090FD002008BD4A
:102B6000FFF750FE0028F5D1DFF804C000DFF6E7DC
:102B70000D2A0408024608B5EFF305832BB16FF068
:102B80000500BDE8084001F079BDFFF73BFE0028D5
:102B9000F5D11046DFF804C000DF08BD552A04084F
:102BA00010B598B140EA010313F007030ED11729BD
:102BB0000AD90160083910220C18426084600B5059
:102BC00081684A60C3600123184610BD0023FBE7FB
:102BD000F0B580B399B132F003032CD10F3100F17D
:102BE000080521F007072B462D685C68E91A24F0D8
:102BF0000304091B8F4204D929680029F3D1084630
:102C0000F0BD46683A4304683E444660204450F8AC
:102C1000041C08388E4288BF4660586818B903F112
:102C200008015A60EBE720F0030019181D504A60B4
:102C300019600831E3E70021E1E730B590B1D9B17F
:102C4000A1F1080500F108040022AC420BD151F8B3
:102C5000043C23F0030443681B1B436042B941F862
:102C6000042C012030BD236822463BB11C46ECE712
:102C700051F8083C1360F4E70846F3E71846F1E71B
:102C800030B5C0B189B1C2B1CBB100240160C3601D
:102C90004361C0E9014202FB01F41D1905611846B8
:102CA000013904D1A21A99500121084630BD851876
:102CB00005602846F4E70146F7E71146F5E71946AF
:102CC000F3E7034610B5A8B100F1140252E8000F73
:102CD00010B9BFF32F8F04E0016842E8001404B17B
:102CE000F4E738B1043353E8002F511C43E80014D3
:102CF00004B1F8E710BD30B5F0B1C3688B421BD802
:102D000003698B4218D900F114031A680A60BFF3F3
:102D10005F8F53E8002F0C689442F6D143E800150A
:102D200005B1F2E7043050E8003F5A1E40E80021A8
:102D300001B1F8E7002030BD6FF00300FBE7EFF3CF
:102D400010832BB9EFF31180003818BF01207047B2
:102D500001207047036B30B5E3B1CD780024DA78F9
:102D6000AA420FD31A46C1E901248AB19160A4B1E5
:102D70006160283050E8003F5A1C40E8002101B152
:102D8000F8E730BD5A681C46002AECD01346E6E747
:102D9000C162ECE7C1E90133C1620163E9E7D1E94E
:102DA000013223B19A608A681AB153607047C262D7
:102DB000F9E703637047F8B5877804468FB3C568B1
:102DC0000027014605F10C062846FFF7E8FF2770AB
:102DD0003046FFF790FFAB68002B48D03046FFF736
:102DE00070FF0446002842D0284600F0A1FF0646A6
:102DF0003A46394601F03EF9304601F00FF86A6A6A
:102E00000646816804F10C000FF06CFEF923A770F0
:102E10002370F368E37021462846BDE8F840FFF7C9
:102E200099BF8568AB68002BF5D05B78832BF2D116
:102E3000284600F07DFF06463A46394601F01AF969
:102E4000304600F0EBFF06466A6A04F10C01806828
:102E50000FF048FEF3680BB1E2781A7000232146A8
:102E600005F10C002370BDE8F840FFF744BFF8BD42
:102E70002DE9F0410C4617469846054618B10378EF
:102E8000FA2B00D141B928466FF0030101F018FC7C
:102E90006FF00300BDE8F0818368C3B15B78832BDA
:102EA00015D100F045FF06460122002101F0E2F8AD
:102EB000304600F0B3FF06466A6A214680680FF08C
:102EC00011FEF0680028E5D007700020E2E705F168
:102ED0000C00FFF7F6FE064670B121466A6A0C3018
:102EE00000240FF0FFFDF923314628463370B470FB
:102EF000F770FFF72FFFE8E7B8F1000F10D0414659
:102F0000932001F05FF940B1074B2846596900F062
:102F1000FDFEEFF30983C3E902476FF00100B9E753
:102F20006FF00200B6E700BF740600242DE9F84FE9
:102F30008846074638B131B1B0FA80F3B1FA81F171
:102F40000B441F2B06DC6FF003010020002401F06E
:102F5000B7FB70E008F1030626F003060C3606FB0B
:102F600000F9F2B194683CB1A30702D1D368332BC6
:102F700005D86FF00801E8E7D368002BF9D1D2F843
:102F800000A0D2E904533DB115F0030B01D19945DE
:102F900054D96FF00901D8E7002BFAD11CB19B4638
:102FA0000CE092461546274BD3F8A000D8B1FFF7A6
:102FB00088FE0446A0B14FF0010B35BB214B002227
:102FC0004946D86FFFF704FE0546C0B9BBF1000FB4
:102FD00006D01C4B2146D3F8A00058B1FFF78BFE5A
:102FE0006FF00401B1E701223421D3F88000FFF72C
:102FF000EFFDDEE7D3F88000FFF71FFEF0E74BF0B0
:10300000020B4A4600210FF06BFEFA233246394686
:1030100004F10C002370002384F802B0A360C4F80C
:1030200004A0C4E90983C4E90B332B46FFF728FE4B
:10303000044B054A1A672046BDE8F88F002CE4D1FE
:10304000B1E700BF74060024B72D040800F128037F
:1030500010B553E8002F12B9BFF32F8F04E0511EB3
:1030600043E8001404B1F4E70AB9002010BDC06AB7
:1030700001230028F9D0821CD2E84F1FC2E8443F48
:1030800004B1F9E711F0FF0FF0D08068F1E700001C
:103090002DE9F0410F4615469846044618B10378CD
:1030A000FA2B00D141B920466FF0030101F008FB73
:1030B0006FF00300BDE8F081FFF7C8FF0646002867
:1030C0003AD001462046FFF76AFE626A06F10C011B
:1030D00038460FF007FD0DB1F3782B70002504F191
:1030E0000C07314638463570FFF705FEA3680BB96B
:1030F0000020DFE73846FFF7E4FD06460028F7D05A
:10310000204600F015FE07462946012200F0B2FFD6
:10311000384600F083FE626A0746816806F10C00BB
:103120000FF0E0FCF923B570314633702046FB68A0
:10313000F370FFF70FFEDBE7B8F1000F10D0414648
:10314000832001F03FF840B1074B2046596900F059
:10315000DDFDEFF30983C3E902756FF00100A9E714
:103160006FF00200A6E700BF7406002408B5064B06
:1031700008219A6ED86EFFF7D9FE044BD864B0FAD6
:1031800080F04009404208BD047D05087406002413
:103190002DE9F04106460F4690461C46EFF30583A5
:1031A0004BB196B930466FF0030101F089FA6FF028
:1031B0000300BDE8F081FFF7C2FD0028F1D13046E1
:1031C0002346DFF848C000DFF3E73378FA2BE9D174
:1031D000002FE7D0002CE5D106F10C00FFF771FDC0
:1031E000054680B1726A39460C300FF07BFCF9233A
:1031F0002846AC702B7085F80380C5E9017600F095
:103200006FFC2046D5E76FF00200D2E7712E04086C
:10321000F8B504460F4616461D46EFF3058343B145
:103220008CB920466FF0030101F04AFA6FF00300F9
:10323000F8BDFFF784FD0028F2D120462B46DFF8C9
:1032400044C000DFF4E72378FA2BEAD1002FE8D05E
:10325000002DE6D12046FFF7F9FE054670B100F1DA
:103260000C01626A38460FF03DFC0EB1EB7833700A
:103270002846EC6000F034FC0020D9E76FF0020033
:10328000D6E700BF91300408EFF310832BB9EFF3BA
:103290001180003818BF01207047012070470000DE
:1032A00070B5A8B38468D0E900566CB114F003037C
:1032B00002D1C2681B2A1AD800246FF0080100202E
:1032C00001F0EEF9204670BDC368002BF4D1124B1B
:1032D000D3F8940030B901221C21D3F88000FFF705
:1032E00077FC01E0FFF7EDFC044660B10123F52215
:1032F000A3700023E670227065602376C4E9023370
:10330000C4E90433DEE76FF0040101F0C9F9D9E73D
:1033100005460646DBE700BF74060024284B70B55F
:103320005D6904460E4635B96FF0070101F0B8F942
:103330004FF0FF3070BD10B10378F52B07D0204659
:103340006FF0030101F0ACF96FF00300F2E7037EC8
:1033500053B9C0E90353EB6A436103B11861012318
:10336000EC6200202376E5E7C278D1070DD5C1686D
:10337000A9420AD1FF2B06D16FF00F0101F090F99D
:103380006FF00200D6E70133EBE7002EF8D0930789
:103390000AD5E06895F9203090F920209A4203DAA6
:1033A00080F8203000F0D6FC3146532000F00AFFB0
:1033B00018B12946204600F0A9FC6FF00100B9E7DA
:1033C000740600242E4B5A6970B5044632B96FF06A
:1033D000070101F065F94FF0FF3070BD10B10378BF
:1033E000F52B07D020466FF0030101F059F96FF07B
:1033F0000300F2E7037E33B96FF00E0101F050F9DC
:103400006FF00200E9E7C168914202D06FF00D0150
:10341000F4E7013BDBB2037613BB43690BB10169EF
:1034200019612169F1B14B6192F92130D56ADDB999
:1034300082F82030A36883B1204600F079FC06466C
:103440002A46294600F016FEF36AC4E90365636163
:1034500003B11C610123F4622376002000F0F0FC2C
:103460000020BAE7D362DFE7E978890706D5A968C3
:1034700021B191F920108B42B8BF0B466D69D6E798
:103480007406002470B5044610B10378F52B07D0FC
:1034900020466FF0030101F003F96FF0030070BDE7
:1034A000037EBBB16369C0680BB122691A612269EE
:1034B00002B3536190F92120C36AEBB990F920302F
:1034C000934203D080F8202000F044FCA068F8B9B3
:1034D00000F0B6FCA078002610F001002670DED0C7
:1034E000134B2146D3F89450DDB12846FFF703FC77
:1034F0003046D4E7C362DDE7D978890706D59968F5
:1035000021B191F920108A42B8BF0A465B69D4E71D
:10351000204600F00DFC00226FF0020100F0AAFD31
:10352000D4E7D3F88000FFF788FB2846B7E700BF51
:10353000740600242DE9F0410446002601270CB949
:10354000BDE8F081E378D4F814801B0712D5A36896
:1035500026767BB1204600F0EBFB002205461146A3
:1035600000F088FDEB6AC4E90356636103B11C6196
:10357000EC6227764446E2E710B4C3789B071DD57A
:10358000C06890F92120C36ADC78A40709D59C683B
:103590008C4208BF8C6824B194F92040A242B8BF85
:1035A00022465B69002BEFD190F92030934205D081
:1035B00080F820205DF8044B00F0CCBB5DF8044B94
:1035C00070470000024608B5EFF3058333B10020D1
:1035D0006FF0050101F064F8002008BDFFF754FE0C
:1035E0000028F4D11046DFF808C000DFF5E700BF7F
:1035F000A1320408024608B5EFF305833BB110463B
:103600006FF0050101F04CF86FF0050008BDFFF701
:103610003BFE0028F3D11046DFF804C000DFF5E7D9
:103620001D330408024608B5EFF305833BB110468D
:103630006FF0050101F034F86FF0050008BDFFF7E9
:1036400023FE0028F3D11046DFF804C000DFF5E7C1
:10365000C5330408024608B5EFF305833BB11046B5
:103660006FF0050101F01CF86FF0050008BDFFF7D1
:103670000BFE0028F3D11046DFF804C000DFF5E7A9
:1036800085340408EFF310832BB9EFF31180003871
:1036900018BF01207047012070470C30D0E85F3F11
:1036A00013B9BFF32F8F04E05A1EC0E8512F01B1A8
:1036B000F4E798B2003818BF0120704730B500F128
:1036C0000C02C189D2E85F3F994202D8BFF32F8F25
:1036D00004E05C1CC2E8554F05B1F3E7C0899BB21A
:1036E000984294BF0020012030BD0000F8B5154677
:1036F0004FF6FE73421E06460F469A4201D8884294
:1037000007D26FF003010024002000F0CFFF204615
:10371000F8BD7DB1AC682A6844B114F0030302D14E
:10372000E9680F2922D86FF00801ECE7EB68002B5D
:10373000F9D11546114BD3F8980080B1FFF7C1FAC3
:103740000446A8B10123F622A3700023656022700D
:10375000A3600B4A094BA781E6819A66D7E701224D
:103760001021D3F88000FFF733FAE9E71546EAE7BE
:103770006FF0040100F09AFFC9E700BF740600244F
:1037800085370408836810B504465BB1FFF785FFF1
:1037900040B1204600F0CCFA0022BDE810401146AE
:1037A00000F068BC10BD38B5054610B10378F62BA3
:1037B00007D028466FF0030100F078FF6FF0030098
:1037C00038BD84683CB100F0B3FA0122002100F05A
:1037D00051FC0020F4E7FFF771FF38B928466FF07D
:1037E000100100F063FF6FF00200E9E72046E7E711
:1037F00038B50D46044610B10378F62B07D02046A5
:103800006FF0030100F052FF6FF0030038BDFFF7C7
:1038100044FF68B975B12946632000F0D3FC20B19C
:10382000064B2046596900F071FA6FF00100EDE790
:103830000020EBE76FF00200E8E700BF7406002409
:1038400070B5054610B10378F62B07D028466FF007
:10385000030100F02BFF6FF0030070BD836863B1BC
:10386000284600F065FA00226FF0020100F002FC29
:10387000A8680028F4D100F0E3FAAB78002613F032
:1038800001032E700FD0094B2946D3F8984024B17C
:103890002046FFF730FA3046DFE7D3F88000FFF725
:1038A000CCF92046D9E71846D7E700BF74060024B4
:1038B00010B50446EFF3058333B100206FF0050126
:1038C00000F0F4FE002010BDFFF7DCFE0028F4D16C
:1038D0002046DFF808C000DFF5E700BFED3604083A
:1038E000024608B5EFF3058343B182B910466FF085
:1038F000030100F0DBFE6FF0030008BDFFF7C2FE1E
:103900000028F2D11046DFF824C000DFF5E7137875
:10391000F62BEBD10029E9D11046FFF7BEFE0028B7
:1039200014BF00206FF00200E7E700BFF137040882
:1039300010B50446EFF3058343B184B920466FF018
:10394000030100F0B3FE6FF0030010BDFFF79AFE15
:103950000028F2D12046DFF830C000DFF5E72378F9
:10396000F62BEBD12046FFF7A9FE20B1204600F050
:10397000B7F80020E9E720466FF0100100F096FE4E
:103980006FF00200E1E700BFA7370408024608B560
:10399000EFF305833BB110466FF0050100F086FEA2
:1039A0006FF0050008BDFFF76DFE0028F3D110464B
:1039B000DFF804C000DFF5E74138040810B5D0E8AF
:1039C0005F3F5A1C914200D80022C0E8542F04B136
:1039D000F5E798B210BD000038B51C4C00F0FCFEB5
:1039E000E3680133E36000F0E9F9002000F028FA11
:1039F000236D03B19847226C32B3A369E16B9942FE
:103A000003D0D969E36301B9DA61DA69C2B9237A0B
:103A1000022B19D1656ABDB1E36B95F9202093F9AA
:103A200020309A4210D1284600F08BF9E06B00F06C
:103A3000A3F9284600F0FCF9236CE563EB6103E091
:103A4000013ADA61002AE2D038BD00BF74060024D2
:103A500070B5224C04F1560504F15A06B4F854101E
:103A6000D5E85F3F13B9BFF32F8F04E05A1EC5E8B6
:103A7000502F00B1F4E79BB25BB33046FFF79EFFD7
:103A8000E36D53F8200020B30378F13B082BE5D811
:103A900001A252F823F000BFBD3A04085D3A0408C1
:103AA000C33A04085D3A04085D3A0408C73A0408BA
:103AB000CB3A04085D3A0408CF3A0408236E9847CD
:103AC000CCE7636EFBE7A36EF9E7E36EF7E7236FDE
:103AD000F5E70020BDE8704000F0B2B9740600249C
:103AE00070B5164C0546B4F8541004F15602D2E8ED
:103AF0005F3F994202D8BFF32F8F04E0581CC2E801
:103B0000560F06B1F3E79BB2994205D82946022029
:103B1000BDE87040FEF7E1BF04F15800FFF74EFF2B
:103B2000E36D43F82050637A23B9054B4FF0805280
:103B30005A6070BD0123A372FBE700BF7406002426
:103B400000ED00E0EFF310832BB9EFF311800038A4
:103B500018BF01207047012070470378F12B00D077
:103B60007047C068F9E7000010B5C469621CD0E96D
:103B700004310CD103B1596142691AB113610023B8
:103B8000436101E0074A13630023C36110BD1BB109
:103B9000DA6959612244DA614269002AEED1014AA8
:103BA000D362F1E77406002401230A4A90F9201039
:103BB00043701C32936810B51BB193F920408C42BE
:103BC00005DCC0E90232906003B1D86010BD1A462E
:103BD0009B68F1E774060024014B5869704700BFE9
:103BE0007406002408B500F071FDDFF810C000DF96
:103BF0004FF0FF31002000F047FDFEE7DD400408F4
:103C0000930710B502F0010422D400F1280384B117
:103C100053E8000F00EA01028A4203D0BFF32F8F5E
:103C2000002005E020EA010243E8002404B1EFE7A8
:103C300010BD53E8000F084203D1BFF32F8F0020BF
:103C400005E020EA010243E8002404B1F1E7EFE7D0
:103C5000806A01EA00031CB1994218BF0020E7E71F
:103C6000002B08BF0020E3E7084A0021136B10B5C2
:103C70003BB94FF0FF34C0E90431C46121B10861A0
:103C800010BD19461B69F3E71063F9E774060024B9
:103C9000002310B50380044683789A0708D513F0F3
:103CA000100F016B0E4B0FD0D3F88400FFF723F8F1
:103CB000A378DB0712D50A4B2146D3F8880038B128
:103CC000BDE81040FFF717B8586FFEF7B6FFEFE7F3
:103CD000D3F88000BDE81040FEF7AFBF10BD00BFB5
:103CE00074060024C2780346D20701D4FFF7D0BF80
:103CF000042242700022C260034A516B816001B10C
:103D0000C8605363704700BF7406002491F92020F7
:103D1000836810B51BB193F92040944205DAC1E9DC
:103D20000230816003B1D96010BD18469B68F1E78D
:103D300083689A68826002B1D06000221846DA6017
:103D40007047C2682AB18368936003B1DA600023C8
:103D5000C360704710B50146044664B12378F12B67
:103D600007D00846FFF7EDFF2046BDE81040FFF7FB
:103D7000CDBFE468F1E710BD01230146437001485F
:103D8000FFF7C4BF9006002470B50B4D2E7A022EAB
:103D900010D16C6A74B1696994F9202091F92030CE
:103DA0009A4207D12046FFF7CCFF0846FFF7E4FF11
:103DB0006670AC61002070BD7406002438B5164DE5
:103DC000EC6A44B3E369013BE36123BB6378732B83
:103DD00006D009D8532B0BD003F0DF03432B0DD1B2
:103DE0002046FFF7BAFE09E003F0EF03832BF6E766
:103DF0002046FFF7B2FE2146FFF7BEFB2046FFF745
:103E0000A0FFFFF7B9FF246924B1E369002BDDD0DF
:103E100000236361EC6238BD7406002490F8223000
:103E2000826B13F0100F0CBF6020202010447047ED
:103E300002234370014B9861704700BF7406002451
:103E400070B5124D04462E7A696990B9022E0FD1D1
:103E50006C6A6CB194F9202091F920309A4207DD08
:103E60002046FFF76EFF0846FFF79EFE6670AC61C6
:103E700070BD022E05D190F9202091F920309A4290
:103E8000F1DC2046BDE87040FFF776BF74060024E1
:103E90002DE9F04F85B08146029128B96FF00301FA
:103EA000002400F0F1FBBCE0002A45D0966846B142
:103EB000B40702D1D368432B06D86FF00801002065
:103EC000EEE7D368002BF8D19769D2E904453CB1FD
:103ED000600702D1002D40F0B2806FF00A01EEE7DA
:103EE0002FB17B1E372B03D96FF00B01E7E71827A3
:103EF000002D40F0A880D2E900A301934EBB574BA0
:103F0000D3F88800F0B1FEF7DCFE064600283AD070
:103F10004FF00108002C44D1DFF840B1E5B9504A18
:103F2000DBF88400556DB8B1FEF7CBFE0246E0B178
:103F300048F01008344623E09246144618271546E8
:103F40000192DCE701224421D3F88000FEF740FE15
:103F5000DBE74FF00008DDE722462946DBF8740076
:103F6000FEF736FE02460028E4D1B8F1000F16D065
:103F7000DBF8882052B110463146FEF7BCFE002225
:103F800048F002087CB96FF0040198E73146DBF88D
:103F900080000392FEF751FE039A1446F0E7424672
:103FA000EEE72246344640F2F1137FB2FD2184F859
:103FB00002802380019BC4F804A0E370002384F8EE
:103FC000207084F8217061846563C4E90233C4E918
:103FD0000433C4E90633C4E90933C4E90B32A5F15B
:103FE00040031344C4E90E391E4B13601C4B1B687D
:103FF0005B071AD4A36B00201A4603F1340143F87F
:10400000040B9942FBD1184B2046C2E90D394FF001
:104010008073D363029B1362104B144A1A66FFF736
:104020000FFF204605B0BDE8F08FAD084FF0CC3350
:10403000113D002DDED0013D42F8043FF9E7002F8D
:104040007FF44FAF182769077FF447AFA5F1480108
:10405000074B99427FF64FAF3FE700BF740600243D
:10406000047D0508A52E5AE2E53B040899400408A2
:10407000B7FFFF7F38B504461546FFF7CFFE016056
:104080002046FFF771FD1DB1BDE83840FFF7D8BEEF
:10409000BDE83840FFF770BE10B543780446332BB7
:1040A0000CD1416A90F82320FFF7AAFD014628B100
:1040B00020460022BDE81040FFF7DCBF10BD10B560
:1040C0000446806918B100221146FFF7D3FF6378D8
:1040D000232B02BFA36800229A6110BD70B50F4C5C
:1040E000267A022E18D1636AB3B16569E86AFFF7D0
:1040F00021FA2846FFF7E3FF04F11C00FFF718FE42
:104100004670A061EFF30983AB6300232846636127
:10411000BDE87040FFF7E6BD70BD00BF7406002427
:1041200010B5044610B10378F12B07D020466FF08C
:10413000030100F0A9FA6FF0030010BD437803F00B
:104140000F03022B1ED0032B2BD0012B2ED1FFF7F8
:10415000F8FDE06AFFF7EEF92046FFF7B0FF61785F
:10416000022926D11548FFF7E3FD154B41709861F0
:10417000EFF30982A26300225A612046FFF7B2FDE5
:104180000020DAE70E4B1A7A022A02D15B6A002B72
:10419000DFD16FF00201204600F076FA6FF00200E6
:1041A000CBE7FFF7CEFDFFF7DFFCD2E76FF00201B0
:1041B000F2E70020FFF744FEDFE700BF900600248F
:1041C0007406002438B5174C0246237A022B27D1F7
:1041D000606A60B160694B1C427009D1FFF744FD11
:1041E0001148FFF7A5FD02234370A061012038BDEF
:1041F000E36A002213B1DD69A9420BD2C161C0E9B3
:1042000004325AB11061002BEAD0DA695861511AB0
:10421000D961E5E71A46491B1B69EBE7E062F2E763
:104220000020E4E7740600249006002438B50D4C05
:1042300000210D48A26DFFF72BFE0C4D636EA862A6
:104240005BB1984758B9E26DE96C206EFFF720FE2C
:10425000A864003818BF012038BD0120FCE7002009
:10426000FAE700BF047D0508F94504087406002438
:1042700010B50446EFF3058333B100206FF005015C
:1042800000F002FA002010BDFFF75CFC0028F4D11A
:104290002046DFF808C000DFF5E700BF913E0408C4
:1042A00008B5EFF3058313B1054B586908BDFFF757
:1042B00049FC0028F8D1DFF80CC000DFF6E700BFAA
:1042C00074060024D93B040808B5EFF305833BB11D
:1042D00000206FF0050100F0D7F96FF0050008BD70
:1042E000FFF730FC0028F3D1DFF804C000DFF6E769
:1042F000893D040810B5044600F0F4F9EFF3058396
:104300003BB120466FF0050100F0BEF96FF00500EB
:1043100010BDFFF717FC0028F3D12046DFF804C0DA
:1043200000DFF5E7214104080C4A30B5536C002446
:1043300013B11D698D420AD90161C0E902431BB165
:104340001D699860691A19612CB1E06030BD1C4686
:10435000491BDB68ECE75064F8E700BF74060024F3
:104360002DE9F041184D6C6C54B3236901276E6937
:10437000013B2361236913BBE3680BB1A2689A6018
:104380006B64002304F11801E86C1A46FEF700FF85
:1043900058B121460320D5E905836B61FEF79DFBEB
:1043A0006B6913B9B04508BF0026E378012B09D12A
:1043B00061692046FFF7B8FF6C6C002CDAD16E61A2
:1043C000BDE8F0816770F7E77406002408B5FEF7D2
:1043D000CDFE18B9034B044A1A6508BD4FF0FF30F3
:1043E000FBE700BF7406002461430408044607B5D8
:1043F0004FF0FF33002269462046FEF709FF0028F0
:10440000F6D1DDE900309847F2E7000008B5094A27
:10441000094B1A60094B9B1A094A1360094A0A4B57
:104420001A600A4B9B1A0A4A136000F051F800F018
:1044300083F800BF00FC0724B429002400000824EE
:10444000B0290024B8B900240C2D002400FC072456
:10445000082D002438B50E480B250E4B1C24456052
:1044600003600D4BC4608360FFF7ACF80B4B186022
:104470000B480C4BC460C0E900350B4B8360FFF761
:10448000A1F80A4B1860BDE838400DF029BF00BF05
:1044900080290024D87D050894290024902900242F
:1044A00050290024E57D05086429002460290024A2
:1044B000FDF744BE024B4FF0FF311868FFF79AB882
:1044C00090290024014B1868FFF7ACB8902900240C
:1044D00008B502F043FD0C4B0C4998684FF00053AF
:1044E000C21802F16042126843F8042B8B42F7D1E4
:1044F000054B4FF000529A6009F00EFF0AF0E6FDFE
:10450000BDE8084000F015B800ED00E0980200207A
:104510007047704708B500F043F8FFF7F9FFFFF761
:1045200099FFFFF7F6FF03F0DBFCBDE80840FFF75B
:10453000BFBFFEF7DDBA0000114C124B23614FF4F0
:10454000004363614423E3600F4BA3601823A3611E
:104550000E4B07B5224600210D482360FFF788FE69
:10456000034628B922460B4900900B4803F0C0FCD3
:10457000FEF7D6FA002309491A460093F5E700BF73
:1045800010B2002410320024B8290024FF7D050851
:1045900015450408047E05081D010180207E0508DC
:1045A0001FB5064B6C460FCB84E80F002046FFF783
:1045B00009F8034B186004B010BD00BF387E050831
:1045C0000832002473B506460C46154603F08AFCF3
:1045D00058B90634324628462ABF054B054953F8D8
:1045E00024100023009303F083FC02B070BD00BFD1
:1045F000FC7F0508507F050808B500F0F7F80000BB
:10460000002307B5421E00930023042A19D8DFE8CF
:1046100002F003080C10140001220C490C4803F0AE
:1046200067FC02220B490C48F9E703220B490C48AE
:10463000F5E704220B490C48F1E705220B490C4829
:10464000EDE702460B490C48E9E700BF487E050844
:1046500025010280697E0508260102808E7E0508FC
:1046600027010280C37E050828010280FE7E05081E
:104670002A0102803E7F0508000102800146014AAE
:10468000FFF7A0BF31010180014AFFF79BBF00BFC8
:1046900032010180014AFFF795BF00BF3701018059
:1046A000014AFFF78FBF00BF3301018011F1110FE5
:1046B00002D0024AFFF786BF704700BF3401018075
:1046C000014AFFF77FBF00BF3801018010B5FFF737
:1046D000E7FD034B1B6813B1BDE81040184710BD40
:1046E000FC290024024B1B6803B11847704700BF28
:1046F000FC290024024B987A003818BF012070472B
:104700007406002408B5FEF721FA0022064903F0DA
:10471000FDFCC31C04D98B220449054803F058F959
:10472000BDE80840FEF726BAF546040837800508BC
:1047300049800508B0F57A7F10B50C4604D03222C6
:1047400019491A4803F044F902F000FE0028184AFB
:1047500016DB00F16043F02103F5614383F8001399
:10476000916800F1100341F82340BFF34F8F926826
:1047700052F823309C420AD03F220B490D48E1E712
:1047800000F00F03F021043B13441976E8E70028FA
:1047900008DB0123420900F01F0003FA00F0064B7A
:1047A00043F82200002010BD3780050876800508F8
:1047B00000ED00E08380050800E100E008B503F0AB
:1047C0002DFCBDE8084002F0E4BE0000014B186873
:1047D00002F014BF382C0024014B186802F0D0BE40
:1047E000382C002408B502F0B1FD08BD024C08B514
:1047F00023689847FCE700BF1807002403680BB143
:1048000008461847704710B50446FDF739F92046A9
:1048100010BD08B5FDF710FA08BD0000044B0022DA
:10482000C3E901221A611A60024ADA60704700BFC8
:10483000002A0024FD47040810B50022034600F1B9
:10484000110403F8012B03F8012B9C42FBD1418298
:1048500010BD000042F60211024808B5FFF7ECFF58
:1048600008BD00BF142A002410B5044604F004FA61
:10487000204610BD10B5084C204604F0BDF90023B9
:104880002046064A84F8243023630549C4E90A33E4
:10489000BDE8104003F06CBD282A0024000000246D
:1048A00069480408F8B50546064655F8044B8CB926
:1048B0000D4F386818B14FF0FF31FEF79BFE34689A
:1048C00024B928462C4604F097F93560386808B1B9
:1048D000FEF7A8FEAC4204D08B220449044803F042
:1048E00077F82046F8BD00BF08320024D4800508C0
:1048F000E38005080368012200211B69184703684B
:1049000000221B691146184707B5019003F058F9BA
:104910000121019809F086FA03B05DF804EB03F079
:1049200065B907B5019003F04BF90021019809F032
:1049300079FA03B05DF804EB03F058B907B5CDE997
:10494000001003F03DF9DDE9001009F067FA03B04B
:104950005DF804EB03F04AB97047000070B500F150
:104960000C060446B0F95820B0F9561030460AF04B
:10497000F5F8D4E918530DB9DA070ED55A1094F8A2
:10498000681004EB6300DB0748BFA358B4F96A2042
:1049900048BF5D59B4F96C30A847216D30460AF024
:1049A00005F8224630460249BDE8704008F050BC88
:1049B000A54C040873B51E46C36D04460D462BB1C5
:1049C00040F235122B492C4803F002F82B49019292
:1049D000C0E9181303681B689847019A84F8685067
:1049E000A4F86A20A4F86C60042D0BD8DFE805F069
:1049F0001603111619004FF0FF33012104F10C00CA
:104A000008F01CFD236820465B6802B0BDE87040DA
:104A10001847134602214FF0FF32EFE7334629468D
:104A2000ECE70123013284F884300ED01C2003F01F
:104A3000F1FEB4F96A6005461C2200210EF050F91F
:104A40003146284601F0A9FF2567B4F96C300133DF
:104A5000D8D01C2003F0DEFEB4F96C6005461C22A1
:104A600000210EF03DF900223146284601F098FF62
:104A70006567C7E71F8105082E810508B549040849
:104A800010B50446FBF706FD2046FCF7F3FF204671
:104A900010BD70B506460D46044656F80C3B1B6823
:104AA00098473046294609F081FF2368204625654E
:104AB0005B68BDE8704018477FB505460446019322
:104AC00055F80C6BCDE902213668B04728460399AA
:104AD000DDE9013209F0CEFF236820465B6804B0AF
:104AE000BDE870401847000070B50546044655F80B
:104AF0000C3B1B689847284609F0F2FE94F8843076
:104B000005467BB1626F6AB10B4B0C481946D3F86E
:104B100094608642FBD1136855B9926813604FF4D4
:104B200040734B61236820465B689847284670BDF8
:104B3000D2681B04F2E700BF006402580003008043
:104B400038B50546044655F80C3B1B68984728467F
:104B500009F0D6FE94F88430054643B1236F00F087
:104B600001055A681B6812681A4218BF002523689D
:104B700020465B689847284638BD0C3008F016BCC4
:104B800010B50C460C3008F045FC204610BD000066
:104B90002DE9F04198461F4B0025044603600F465F
:104BA0001D4B294616468560436024220C300EF0CA
:104BB00097F804F13000FCF70AFE04F14000FCF71E
:104BC00006FE40F201136566A4F854304FF6FF73F9
:104BD000C4F88050A4F86A30A4F86C30A368C4F814
:104BE00050805A1013F0010F04EB63006368A4F8BF
:104BF0005670A4F8586084F8685084F88450C4E96A
:104C00001755C4E91E551CBFA258D35898472046D3
:104C1000BDE8F081508105085D49040803682DE96D
:104C2000F04104461B6815460F46984794F85430E7
:104C3000EE1C03B17DB194F855300BB1012D0AD0B3
:104C4000394604EB0610FCF7E1FF236820465B6859
:104C5000BDE8F041184702F0B3FF384604EB0616F2
:104C600004F10C08FCF7DFFF88B13046FCF7DBFFEE
:104C700008B903F07BFA39463046FCF7C7FF01223A
:104C80002946404608F0F0FA02F0B0FFDDE7304672
:104C9000FCF7C9FF08B103F07FFA3046FFF7F0FEDA
:104CA0000022EDE7033110B500EB01142046FCF7BC
:104CB000BAFF10B12046FFF7ACFD10BD036870B518
:104CC00004461B680D46984794F85430AB422DD0EB
:104CD00065B194F855304BB9A2686368511004EB84
:104CE0006200D20744BF6258D358984704F1300697
:104CF00002F066FF05B33046FCF795FF50B1304631
:104D0000FCF79AFF03F032FA0122002104F10C00B3
:104D100008F0AAFA02F06AFF84F8545035B994F802
:104D200055301BB904F10C0009F0C0FC2368204683
:104D30005B68BDE87040184704F10C002A4629461C
:104D400008F092FA3046FCF76EFF0028E2D003F03C
:104D500023FADFE7036870B504461B680D469847E1
:104D600094F85530AB422DD065B194F854304BB91E
:104D7000A2686368511004EB6200D20744BF625816
:104D8000D358984704F1400602F01AFF05B33046A5
:104D9000FCF749FF50B13046FCF74EFF03F0E6F94F
:104DA000012204F10C00114608F05EFA02F01EFF29
:104DB00084F8555035B994F854301BB904F10C00FF
:104DC00009F074FC236820465B68BDE87040184712
:104DD00004F10C002A46012108F046FA3046FCF79F
:104DE00022FF0028E2D003F0D7F9DFE71FB5184B08
:104DF0000446002103606846FCF7F0FC0022694687
:104E00002046FFF70BFF6846FBF749FB0021684689
:104E1000FCF7E4FC012269462046FFF7FFFE6846E6
:104E2000FBF73DFB94F8543013B994F855301BB19F
:104E300004F10C0009F03AFC04F14000FBF72FFBF1
:104E400004F13000FBF72BFB204604B010BD00BF7F
:104E50005081050810B50446FFF7C8FF8821204699
:104E600003F00CFD204610BD437D10B504461BB178
:104E7000037D0BB103F090F9204610BD13B5044635
:104E800001A802F0B1F8637D53B9237D0BB103F0A3
:104E90006DF9206902F041F80123C4E9000163754E
:104EA00001A802F0A9F802B010BD37B5044601A868
:104EB0000D4602F099F800230022C4E900236B7D1F
:104EC0004BB1286902F029F8D5E90032C01A61EB2C
:104ED0000201C4E9000101A802F08EF8204603B0E7
:104EE00030BD30B585B00D46044603A802F07CF80D
:104EF00029466846FFF7D9FF009B019AD5E90210C1
:104F00005B1840EB020203A8C4E9003202F074F817
:104F1000204605B030BD13B5044601A802F064F880
:104F2000206901F0FAFF00220023C4E90001C4E96E
:104F3000022301A802F060F802B010BDD0B5002332
:104F4000002600270446016102754375C0E9006729
:104F5000C0E90267FFF7DFFF2046D0BD10B5044669
:104F600001F0EEFF012201462046FFF7E7FF204651
:104F700010BD10B5044601F04FFD00220146204649
:104F8000FFF7DCFF204610BD03681B6818470000D0
:104F900010B5084B04460022084623600023A16197
:104FA0000549C4E902230023C4E9043301F044FFA6
:104FB000204610BD68810508894F040807B500F137
:104FC00008010090806901F075FF03B05DF804FBF3
:104FD00000F10801806901F085BF002070476FF083
:104FE0001C0070476FF01C0070476FF01500704791
:104FF0006FF01500704701207047012070470020B6
:1050000070470020704770B511F0010405468EB25C
:1050100004D0FFF769FD041E18BF0124F30605D56F
:105020002846FFF78DFD08B144F01004204670BDFE
:10503000A0F18800FFF7E7BF08B5FFF73FFE0020AB
:1050400008BDA0F18800FFF7F7BF08B5FFF782FEA3
:10505000002008BDA0F18800FFF7F7BF034B10B593
:1050600004460360FFF7C2FE204610BD74810508A8
:10507000A0F18800F2E700BF10B50446FFF7EEFF8D
:105080008C21204603F0FAFB204610BDA0F18800D9
:10509000F2E72DE9F04106460D461746CAB102F087
:1050A0008CFD80F0010313F0FF0403D03368304619
:1050B0001B68984705EB0708454505D015F8011B07
:1050C0003046FFF75DFDF7E71CB1336830465B689B
:1050D00098473846BDE8F081A0F18800FFF7D9BFB6
:1050E00038B504460D4662B103681B6898472046F0
:1050F000FFF743FD2870236820465B68984701202E
:1051000038BD1046FCE7A0F18800FFF7E9BF0000BA
:1051100010B50446FFF73CFD044B204603F108029E
:1051200044332260C4F8883010BD00BF6C8105088C
:1051300030B5056885B0044601932D68CDE902219C
:10514000A84720460399DDE90132FFF733FC2368C5
:1051500020465B6805B0BDE83040184710B50446EE
:10516000FBF798F92046FCF785FC204610BD70B58A
:1051700004460E4602F024FDA5695DB104F1080065
:10518000FFF7ECFF012384F8216084F8203000232E
:10519000E361A36102F02AFD2DB121462846BDE856
:1051A000704000F078B970BD08B103F02DBD02F079
:1051B00007BD08B103F046BD02F018BD2DE9F0416E
:1051C000044686B00E46174602F0FAFCA56902F0C6
:1051D0000DFD35B301AD0021284603F06FFD02F04F
:1051E000EFFCD4E9068323B139220F490F4802F0BE
:1051F000EFFBE56102F0FAFCB8F1000F0ED0394682
:10520000284603F063FD48B93046FFF7CDFF20463E
:105210000121FFF7ACFF3046FFF7CBFF284603F034
:1052200076FD06B0BDE8F0811582050821820508EB
:1052300038B50025054B0446456040F8083BFCF7AF
:10524000C6FA20462584C4E9065538BD48820508BB
:10525000074B10B503600446836923B12622054934
:10526000054802F0B5FB0830FBF719F9204610BDE0
:1052700048820508158205082F82050830B50446C6
:1052800085B002F09DFC04F1080568462946FFF749
:10529000BAFA2846FFF762FF0023E069A36108B16C
:1052A00003F032FD02F0A2FC6846FCF7BCFC10B132
:1052B0006846FFF7AEFA6846FBF7F1F805B030BD77
:1052C00000220160C0E90122012202737047704789
:1052D0000346007B30B1D3E90020136898428CBFAD
:1052E0000020012070470123D0F800C02DE9F043D1
:1052F00003FA01F11F4682EA030E1CF823500D4207
:1053000004D005F030053AB1102D07D10133112B2F
:10531000F3D14FF0FF300FE0002DF7D05C00D0F854
:105320000880023C42EA040607FA06F919EA080F67
:10533000ECD1202D02D03046BDE8F0834EEA0404C3
:1053400007FA04F414EA080FF5D0DFE770B50D464C
:10535000114604461E462A46FFF7C5FF002802DA1A
:105360000020207370BD42082168636801EB820150
:10537000CD8849791D44012306FB0151616003FA80
:1053800000F1A36842EAC0100B43C0B2A360E9E792
:1053900013460A460121FFF7D9BF13460A460021EA
:1053A000FFF7D4BF13B504460A4601910021FFF769
:1053B000EFFF019A0021204602B0BDE81040FFF740
:1053C000ECBF0022C0E900227047704700687047B8
:1053D00000230B60436813B9016041607047196096
:1053E000FBE703682BB11A6802B942600260002231
:1053F0001A601846704710B50468002223468B4295
:1054000003D083B11A461B68F9E70AB10B68136031
:105410008C4204BF0B68036043688B424FF000036B
:1054200008BF42600B6010BD10B50446FFF7C9FF0E
:10543000204610BD08B5FFF7C9FFB0FA80F040095B
:1054400008BD70B505462846FFF7C0FF044678B191
:1054500050F8043C061F9B683046984740B12846E8
:10546000FFF7BFFF54F8043C3046DB689847EAE793
:1054700070BD70B504460D46FFF7A8FF0646291D0E
:105480002046AC61FFF7A4FF26B92046BDE8704076
:10549000FFF7D7BF70BD70B50C460546FFF796FF06
:1054A000064604B1043421462846FFF7A4FFA6426D
:1054B00004D12846BDE87040FFF7C3BF70BD10B5EA
:1054C00004462046FFF782FF28B150F8043C043818
:1054D000DB689847F5E710BD10B50446FFF7EFFF0E
:1054E0002046FFF772FF204610BD704770470368E3
:1054F0009B6D184770B5002386B04FF4897490F8FF
:105500002013CDF8063005AE8DF80A300389ADF8CA
:1055100004400224ADF8103040F201234268ADF897
:10552000123040F203138DF8074001ACADF814308F
:1055300000F10A038DF80B101D4603922246083332
:1055400003CAB24243F8080C43F8041C1446F5D1D0
:10555000128828461A8006B070BD000000487047C7
:105560003085050800487047688505080048704781
:1055700034850508004870477A850508004870475B
:1055800060850508004870474A850508036810B51E
:1055900004465B6F9847D4F8EC0203681B6F98478A
:1055A000236820469B6FBDE81040184708B5D0F827
:1055B00034332BB940F2CD620249034802F008FAB5
:1055C00008BD00BF758205088382050810B5044632
:1055D00002F0F6FAD4F834330133C4F834332BB97B
:1055E0004FF4D7620249034802F0F2F910BD00BF40
:1055F000758205088382050838B5D0F8343304462F
:10560000012B10D10025D4E9C93000F0010203B903
:105610004AB1411004EB6000C4E9C9550AB16258AF
:10562000D3589847EFE7D4F834332BB940F2C66229
:105630000549064802F0CCF9013BC4F83433BDE813
:10564000384002F0D3BA00BF75820508838205088E
:10565000002307B51A4602490248009302F048FCAD
:105660008F8205080E011580002307B51A460249EE
:105670000248009302F03CFCB78205080401158043
:10568000036873B50446DB6F9847B4F8F8120B1241
:10569000022B25D0032B56D0012B04D123682046A2
:1056A0001B6B984708B9002018E0236820461B6B45
:1056B00098470678122EF6D1236820461B6B984730
:1056C0004578012DEFD123682046C4F804631B6B95
:1056D0009847C4F80003284684F8085302B070BD08
:1056E000C9B2236820465B6B019198470028DAD045
:1056F0002368204601995B6B984703780199092B31
:10570000D1D1236820465B6B984743780199022BDF
:10571000C9D1236820465B6B98472368857820466B
:105720005B6B01999847C3780199204645EA0325A8
:105730002368C4F804535B6B9847C4F80003012046
:1057400084F80803CAE7C9B20529ACD8DFE801F03C
:10575000030F19232D37236820469B6B9847037846
:10576000C4F8043323689B6B20469847E5E7236819
:105770002046DB6B98470378C4F804332368DB6B5F
:10578000F2E7236820461B6C98470378C4F804337B
:1057900023681B6CE8E7236820465B6C9847037816
:1057A000C4F8043323685B6CDEE7236820469B6CF7
:1057B00098470378C4F8043323689B6CD4E72368C4
:1057C0002046DB6C98470378C4F804332368DB6C0D
:1057D000CAE70B78DB0913700B78C3F341135370DE
:1057E0000B7803F01F0393704B78D370C8788B78D5
:1057F00043EA0023938048790B7943EA0023D3805E
:10580000C8798B7943EA002313817047036870B528
:1058100004465B6F0D46984794F80C33022B05D075
:1058200040F23D120849094802F0D2F8084B2046E0
:1058300084F81053C4F824330023C4F828332368B1
:10584000BDE870409B6F184775820508D682050831
:10585000135D040838B503680446DB6F984794F875
:10586000083313B10025284638BDD4F8EC0203688C
:105870005B6C9847D4F804239042F3D8D4F8001313
:10588000121A0144C4F80423C4F80013A2B9022375
:1058900094F80A5384F80C3345B1236804F53D713C
:1058A000204684F80A239B6E9847DCE701212046B6
:1058B000FFF7ACFF0125D6E7D4F8EC02D4F820437B
:1058C0000368A2421B6C28BF22469847F2E70000FB
:1058D000036813B50446DB6F984794F81C33012B1B
:1058E00006D800230F491A4600930F4802F000FB28
:1058F00094F80C3323B100230C491A460093F4E7C3
:1059000094F80B33032B0BD02046FFF7A3FF38B9D5
:10591000D4F8EC020368DB6C02B0BDE81040184715
:1059200002B010BD8F8205080E01158001830508A5
:1059300038B503680446DB6F984794F80833012BA9
:105940003BD1D4F8045335B994F809330BB9012588
:105950002CE084F80953D4F82023D4F8EC029542C3
:10596000D4F80013036828BF15469B6C2A46984755
:10597000D4F80033D4F804232B44551BC4F8003367
:10598000C4F80453002DE2D194F80923002ADED193
:10599000022394F80A5384F80C334DB1236804F5BC
:1059A0003D71204684F80A239B6E9847284638BDEF
:1059B00001212046FFF72AFFC9E70025F6E7036823
:1059C00010B50446DB6F984794F81C33012B01D8BF
:1059D000FFF73EFE94F80B33032B0AD02046FFF767
:1059E000A7FF30B9D4F8EC020368BDE81040DB6CC7
:1059F000184710BD036870B504465B6F0D469847A5
:105A000094F80C33032B05D04FF4C37208490948AE
:105A100001F0DEFF084B204684F81053C4F824330D
:105A20000023C4F828332368BDE870409B6F1847F3
:105A3000758205084B8305082B660408036810B5BA
:105A40000446DB6F9847012004F21D33C4F80403B9
:105A5000C4F8003384F8080310BD036810B5044689
:105A6000DB6F984794F81C33042B05BFB4F82E3332
:105A700001200020A4F8FA3201BF04F54C73C4F8E9
:105A80000403C4F8003384F8080310BD036810B59C
:105A9000DB6F044698470423204694F8F82284F8E4
:105AA0000C332368B4F8FA121B6F9847012010BD1D
:105AB000036870B504465B6F0D46984794F80C3345
:105AC000042B05D04FF4EB720849094801F080FF20
:105AD000084B204684F81053C4F824330023C4F83C
:105AE00028332368BDE870409B6F1847758205080E
:105AF00077830508A35D0408036810B50446DB6FCF
:105B0000984794F81C33042B02D0B4F8FA328BBBBC
:105B100094F8F632012B0FD0022B10D053BB164B4A
:105B200001221A80144B0120C4F80033022384F8A8
:105B30000803C4F8043310BD0F4B0022F1E7B4F89A
:105B4000FA2222F08F03ABB912F00F0F0A4902D1EB
:105B500000230B80E6E7530003F01E0343EAD21351
:105B60001822023B02FB034393F830309B07EFD52A
:105B70000123EEE70020DEE75C2A0024036810B56D
:105B8000044690B0DB6F9847D4F8EC02D4F8202399
:105B900069460368DB6B984704F53D726946204609
:105BA000FFF717FE002311462046C4F80833C4E966
:105BB000C033012384F80C3323685B6E984710B020
:105BC00010BD036810B50446DB6F984794F81C338A
:105BD000012B01D8FFF73CFD012394F80C2384F836
:105BE0002C3322B92046BDE81040FFF7C7BF84F828
:105BF0002D3310BD2DE9F0411D46036804460F46C4
:105C00005B6F1646984794F80C33012B05D040F291
:105C1000BA220A490A4801F0DBFE0A4B204684F802
:105C20001073C4F824330023C4F828332368C4E96C
:105C3000C5659B6FBDE8F041184700BF7582050838
:105C40009F830508E3640408036810B50446DB6F0E
:105C50009847B4F8FC3293B394F8F40294F808230C
:105C6000012825D1012A06D0D4F8EC020368DB6CA8
:105C7000BDE810401847D4F804239A4201D9C4F86B
:105C800004330128D4F8041326D18B4208D9D4F860
:105C90002033B1FBF3F203FB12120AB984F80903B3
:105CA0000223204684F80B33BDE81040FFF740BEC6
:105CB000002AD9D1D4F804239A42E2D0D4E7D4F808
:105CC000EC02D4F804230368002AD0D103219B6C92
:105CD00084F80B1311460DE00123D4F82023D4F8E7
:105CE000EC028A4284F80B33036828BF0A46D4F8D2
:105CF00000131B6CBDE810401847036810B5DB6F3C
:105D000004469847002384F82D33032384F80B338B
:105D100010BD036810B5DB6F04469847002294F865
:105D2000103384F80C2394F82D2322B12046BDE8CB
:105D30001040FFF7E2BF33B9D4F8EC020368BDE8C6
:105D40001040DB6C184794F80B33012B0AD1032366
:105D5000D4F8EC0284F80B3303689B6C1146BDE861
:105D600010401847022B07D10323D4F8EC0284F823
:105D70000B3303681B6CF1E710BD036810B5DB6FD4
:105D800004469847002384F82C3394F80C3323B945
:105D90002046BDE81040FFF7B0BF012384F82D3343
:105DA00010BD036810B5DB6F04469847002294F8D5
:105DB000103384F80C2394F82D2322B12046BDE83B
:105DC0001040FFF79ABF63B1B4F8FA322046A4F846
:105DD0002E33B4F8F83284F83033BDE81040FFF7C2
:105DE00033BFD4F8EC020368BDE81040DB6C184701
:105DF000036810B504465B6F984794F8F03283B996
:105E0000D4F8EC02214603689B689847D4F8EC026A
:105E1000402103689B6B98470123C4F8200384F852
:105E2000F032236820469B6FBDE81040184738B514
:105E3000036804465B6F984794F81C532368204618
:105E4000EDB29B6F98472B1F5842584138BD0368ED
:105E500010B504465B6F98472046FFF7C9FF94F8DA
:105E6000F1323BB9D4F8EC0203685B69984701232F
:105E700084F8F132236820469B6FBDE81040184734
:105E8000D0F8EC0203685B6B184738B503680D4621
:105E900004465B6F98472B07204617BF6A00D4F86B
:105EA000205302F01E0242EAD5131FBF1822023B04
:105EB00002FB03439D8D23689B6F9847284638BD9E
:105EC0000368F7B50E465B6F0546984736F08F07B7
:105ED00001D1320706D10023174918481A4600930A
:105EE00002F006F87400182304F01E0444EAD614E5
:105EF000023C03FB045494F83030DB0709D42846F5
:105F0000FFF795FF80B140F28C520D490D4801F02A
:105F10005FFD94F831303BB1D5F8EC0231460368AF
:105F2000DB6E984784F831702B6828469B6F03B06E
:105F3000BDE8F040184700BFB7820508040115808E
:105F400075820508C2830508036873B50E465B6F4A
:105F50000446984716F0700F01D1310706D100238F
:105F60001A491B481A46009301F0C2FF7500182316
:105F700005F01E0545EAD615023D03FB054595F8DB
:105F80003030DA0709D42046FFF751FFB0B140F2B4
:105F9000CC421049104801F01BFD43F0020331468A
:105FA00085F83030D4F8EC0203689B6D984795F87B
:105FB00031301BB131462046FFF782FF236820466F
:105FC0009B6F02B0BDE87040184700BFB78205085C
:105FD0000401158075820508C2830508036810B5A1
:105FE0000446DB6F984794F81C33042B02D0B4F8B6
:105FF000FA32A3B994F8F632022B10D1B4F8FA129F
:1060000031F08F000BD111F00F030AD0B4F8F83241
:1060100023B92046C9B2FFF797FF012010BD002029
:10602000FCE71846FAE70000036873B50E465B6F9D
:106030000446984716F0700F01D1310706D10023AE
:106040001C491D481A46009301F052FF75001823A1
:1060500005F01E0545EAD615023D03FB054393F8FE
:106060003020D20709D42046FFF7E1FED8B140F234
:10607000F1421249124801F0ABFC93F831301BB1E8
:1060800031462046FFF71CFF1823314603FB054528
:1060900095F8303023F0020385F83030D4F8EC0264
:1060A0000368DB6D9847236820469B6F02B0BDE80C
:1060B00070401847B78205080401158075820508ED
:1060C000C2830508036810B50446DB6F984794F84F
:1060D0001C33042B02D0B4F8FA32A3B994F8F63288
:1060E000022B10D1B4F8FA1231F08F000BD111F05D
:1060F0000F030AD0B4F8F83223B92046C9B2FFF72B
:1061000093FF012010BD0020FCE71846FAE70000CD
:106110002DE9FF41984603680E4603925B6F0746E0
:10612000984736F08F0403D116F00F0F039A06D16B
:106130000023204920481A46009301F0D9FE75003B
:10614000182305F01E0545EAD615023D03FB05752B
:1061500095F83030DB070AD43846FFF768FE04466E
:1061600088B140F2AF521549154801F031FCAB8DB2
:10617000434505D923462246124913480094DCE7DB
:1061800095F8311039B13B6838469B6F98472046E7
:1061900004B0BDE8F081D7F8EC0201680C6E31461E
:1061A000A04704460028EED095F83130013385F839
:1061B0003130E8E7B78205080401158075820508CB
:1061C000C2830508D083050805011580036837B52B
:1061D0000D465B6F0446984715F0700F01D12A07F2
:1061E00006D10023154916481A46009301F080FE97
:1061F0006B00182203F01E0343EAD513023B02FB97
:10620000034393F83030DB070AD42046FFF70FFE34
:10621000054660B140F2E9520A490B4801F0D8FB4B
:10622000D4F8EC02294603685B6E9847054623685C
:1062300020469B6F9847284603B030BDB7820508BB
:106240000401158075820508C28305082DE9FF4108
:10625000984603680E4603925B6F0746984736F0F0
:106260008F0503D116F00F0F039A06D100232249A0
:1062700022481A46009301F03BFE7400182304F0F4
:106280001E0444EAD614023C03FB047494F8303034
:10629000DB070AD43846FFF7CAFD054688B140F24D
:1062A0000A621749174801F093FBA38D434505D2B5
:1062B0002B462A46144915480095DCE794F83130FE
:1062C0003BB13B6838469B6F9847284604B0BDE811
:1062D000F081D7F8EC02314603689D6E4346A8472B
:1062E000054638B194F83130A4F82E80013384F893
:1062F0003130E6E7E085E4E72184050804011580F4
:1063000075820508C28305083F84050805011580CC
:10631000036837B50D465B6F0446984715F0700F5C
:1063200001D1290706D10023124913481A460093C8
:1063300001F0DEFD6A0002F01E0242EAD5131822C7
:10634000023B02FB034393F83020D2070AD42046D5
:10635000FFF76DFD054630B140F249620749084834
:1063600001F036FBDD8D236820469B6F9847284659
:1063700003B030BDB7820508040115807582050899
:10638000C2830508036870B50446DB6F0D46984765
:1063900094F81C2384F81C53AA42D3B226D0032BB2
:1063A00009D9032D8CBF00260126012B05D9012D0B
:1063B00003D88EB103E00026F7E786B100264FF43C
:1063C0003472002104F11C000CF08AFC002384F8D4
:1063D0001D3384F8F23216B12046FFF7CEFC236855
:1063E000294620461B6EBDE87040184770BD036803
:1063F00010B50446DB6F9847D4F8EC0294F8F81215
:106400000368DB6A9847B4F8F8322BB902212046BA
:10641000FFF7B8FF012010BD0321F8E7036810B5AE
:106420000446DB6F984794F8F81284F81D1351B9AD
:10643000D4F8EC0203681B6A984703212046FFF753
:10644000A1FF012010BD0123204684F8F23203236E
:1064500084F80C332368DB6E9847F2E7036810B5C5
:106460000446DB6F984794F8F532C3BB94F8F732D3
:106470000B2B34D8DFE803F0060B331033151A3337
:106480001F24292E2046BDE81040FFF735BB2046CB
:10649000BDE81040FFF716BE2046BDE81040FFF7EC
:1064A0009DBD2046BDE81040FFF7A1BF2046BDE8D6
:1064B0001040FFF7E5B82046BDE81040FFF7BEBA30
:1064C0002046BDE81040FFF7A9BF2046BDE81040B8
:1064D000FFF7C3BA2046BDE81040FFF7D7BA002047
:1064E00010BD036810B5DB6F04469847002094F890
:1064F000103384F80C0394F82D03D4E9C52190B12E
:10650000012B0BD8022304F53D712046012284F8AB
:106510000C332368BDE810409B6E18472046BDE849
:106520001040FFF7EABB042B12D12046FFF796FF7D
:1065300030B9D4F8EC020368BDE81040DB6C1847B2
:1065400094F80C3373B92046BDE81040FFF77CBBCC
:10655000032BEED0012084F8083384F80A03C4E941
:10656000C021F0E710BD036810B50446DB6F984703
:1065700002212046FFF706FF0023204684F81E3341
:10658000FFF7FBFB23682046DB6DBDE81040184792
:10659000036810B504465B6F984794F8F1323BB13D
:1065A000D4F8EC0203689B699847002384F8F13221
:1065B00094F81C33012B03D901212046FFF7E2FE9A
:1065C0000023204684F81D3384F81E332368BDE879
:1065D00010409B6F1847036810B504465B6F9847DF
:1065E00094F8F03253B12046FFF7D2FFD4F8EC0212
:1065F0000368DB689847002384F8F032236820465C
:106600009B6FBDE81040184738B503680D46044637
:10661000DB6F984745B994F81C332BB129462046C7
:10662000BDE83840FFF7AEBE38BD036870B504461C
:10663000DB6F984794F82D3394F8106303B97EB953
:106640002046FFF7F4FB054650B901464FF434727B
:1066500004F11C000CF044FB84F81D5384F8F25242
:10666000002384F80C3394F82D3323B12046BDE881
:106670007040FFF742BBD4F8EC02036856B1DB6907
:10668000984720460421FFF77DFE2046BDE8704074
:10669000FFF7DABADB6CBDE8704018472DE9F04F20
:1066A000914685B002680E4603930446526F9047A8
:1066B00016F0700F03D116F00F0F039B06D10023C5
:1066C000264927481A46009301F012FC94F8F282FA
:1066D000B8F1000F07D1236820469B6F98474046CA
:1066E00005B0BDE8F08F75004FF0180B05F01E05E2
:1066F00045EAD615AF1E0BFB074797F830A01AF0F6
:10670000010A05D04FF48E621649174801F060F96E
:10671000B9F5806F04D940F2714212491348F5E788
:10672000D4F8EC0231460268D2F850804A46C0479D
:1067300080460028CFD0013D0E990BFB0545281D52
:10674000FBF764FA97F8303087F831A043F0010383
:10675000A7F82C9087F83030BDE700BFB782050856
:106760000401158075820508608405088284050887
:106770002DE9F047054698461E4B04460F469146C4
:1067800045F81C3B00F53B7A2E4630461836FBF7A1
:106790001EF8B245F9D1BDF820304FF43472002113
:1067A00028462381A4F80490A4F806800CF098FAF7
:1067B0002822002104F53D700CF092FA00230122FA
:1067C000204684F80C33C4F8EC72A4F8F03284F854
:1067D000F232C4F8343384F8303384F81C2384F85C
:1067E0001D3384F81E33C4E9C833C4E9CA33BDE895
:1067F000F08700BFB08405080D4B70B503600446F8
:1068000090F8F0322BB140F262520A490A4801F086
:10681000DFF804F53B7504F11C06FFF7DCFEB5421A
:1068200004D0183D2846F9F73AFEF8E7204670BD37
:10683000B0840508758205089A84050838B5036890
:106840000D460446DB6F984715F0700F01D12B07FA
:1068500001D1FEF709FF6B00182003F01E0343EA85
:10686000D5118B1E00FB034393F831206AB1013927
:10687000013A00FB014483F8312004342046FBF741
:10688000D2F910B12046FDF7C4FF38BD38B5036812
:106890000D460446DB6F984715F0700F01D12B07AA
:1068A00001D1FEF7E1FE6B00182003F01E0343EA5E
:1068B000D5118B1E00FB034393F831206AB10139D7
:1068C000013A00FB014483F8312004342046FBF7F1
:1068D000AAF910B12046FDF79CFF38BDEFF31083F5
:1068E00072B6054A117831B9DB43044903F001035C
:1068F0000B700123137070475F2A00245E2A002466
:1069000008B5EFF31083DB4313F0010304D0362204
:106910000549064801F05CF8054A1370054B1B78E1
:1069200003B162B608BD00BF95850508B1850508AD
:106930005F2A00245E2A0024014B1878704700BFAC
:106940005F2A0024094B30B51A46094CD3F89450FD
:10695000A542FBD1036829B181680B604FF44073F5
:10696000536130BDC1681B04F7E700BF00640258E3
:106970000003008070B50E460446154607F02EFA57
:10698000013609D02046002107F04CFA294620465E
:10699000BDE8704007F042BA70BD0022FFF7EABFC1
:1069A00070B50E460446154607F018FA01360CD0AD
:1069B00020462946FFF7C6FF012107F033FA20469B
:1069C0000021BDE8704007F029BA70BD0022FFF732
:1069D000E7BFF8B5069F04460E461D4652B91A4653
:1069E000FFF7C8FF013616D039462046BDE8F8400B
:1069F000FFF7A8BF07F0F2F901360CD02046394660
:106A0000FFF7A0FF012107F00DFA29462046BDE857
:106A1000F84007F003BAF8BD00487047CC85050878
:106A2000024B1B680BB10248184770471C07002433
:106A3000CC8505081FB5431C10D105B05DF804FBDB
:106A400083420AD18968039007F018FD002103985A
:106A500005B05DF804EB07F0C9BD0C31B1F90030A9
:106A60005A1CEDD10023024602490348009301F06D
:106A70003FFA00BFF885050830010180884207B55C
:106A800002460AD0431C08D0013105D00023054935
:106A90000548009301F02CFA0146084603B05DF862
:106AA00004FB00BF0986050830010180B1F9003000
:106AB0005A1C01D118467047834201D1486870477B
:106AC0000C31F3E7421C13B504460AD0FFF7EEFF82
:106AD000431C06D10023224603490448009301F0D9
:106AE00007FA02B010BD00BF1A8605083001018008
:106AF000B1F900305A1C01D118467047834201D1C8
:106B0000886870470C31F3E72DE9F047466896F83E
:106B1000327087BB03685B689847346A84422AD026
:106B20003369041B96F934201C40B3683062A4FB1F
:106B30000345CAB1736A14EB030845F10009002A42
:106B40001BDBC2F12001A2F1200328FA02F429FA8A
:106B500002F509FA01F129FA03F30C431C4304FA84
:106B600002F2A8EB02027262D6E90A321B1945EB67
:106B70000202C6E90A32BDE8F087D6F80CA03B460F
:106B800040464946524609F051FB04460D460AFB71
:106B90001082E8E7824206D98A420BD9884294BF24
:106BA000002001207047884206D98A428CBF00200D
:106BB0000120704701207047002070472DE9F347FE
:106BC00046680446376B27F07F4727F0FF07002F02
:106BD00063D1FFF799FF7368002B61D0D3E90001FF
:106BE000D6E90A238B4208BF824205D323685B693A
:106BF00002B0BDE8F04718476568D5E90A32D5F814
:106C000014A0B0EB030861EB0209D5E906234B455C
:106C100008BF424520D3EB6895F933C0A3FB0801B8
:106C200003FB0911BCF1000F13D0AA68531EC01852
:106C300041F10001BCF1000F1CDBCCF12002ACF1F2
:106C4000200320FA0CF001FA02F221FA03F31043B8
:106C50001843824528BF82462A6A336A92442A69C9
:106C60000AEA0202934209D140F2C91212491348BA
:106C700000F0AEFE3B4609F0D9FAEAE72368104679
:106C800001921B69984723685B689847019A0146FF
:106C9000306AFFF77FFF0028A8D102B0BDE8F08777
:106CA0007369306A32691844236810401B6902B066
:106CB000BDE8F047184700BF4F8605086186050804
:106CC000436893F830202DE9F3470646002A7FD128
:106CD00093F83230002B7BD103681B6898473368E8
:106CE000DB69984703682BB91A463B493B48009338
:106CF00001F0FEF819463A4C2246B1FBF4F402FBCF
:106D000014141146002CF7D1354C01257768B4FBDB
:106D1000F2F11F24B960013C03D305FA04FC61457C
:106D2000F9D1B3FBF2F287F8334001231F24FA6054
:106D300003FA04F5AA4201D0013CF9D287F83440A5
:106D400043681D1F1C2D05D90023264926481A46D5
:106D50000093CDE7202B4FF0070418BF012004FA61
:106D600005F40CBF4FF0FF3098404FEAE4794FF044
:106D700000037C6118BF00F1FF30A4FB01459A4677
:106D8000386112F1FF3001FB095543F1FF31201842
:106D900045EB010109F04AFA3368C7E906015B686F
:106DA000C7E900AA984773683862002101220020D1
:106DB000C3F824A01A8683F832A0C3E90A0130463A
:106DC000FFF7A2FE304602B0BDE8F047FFF7F6BE7F
:106DD00002B0BDE8F08700BF858605080E0104807B
:106DE00040420F009E860508050104802DE9D0036E
:106DF00016461F4642680024059B8B605368C1E914
:106E0000006733B9CB606CB95160BDE8D003FFF7C0
:106E1000D5BED3E900894F4508BF4645F2D31C468D
:106E2000DB68EEE7D2E90A23E160BB4208BFB24269
:106E3000EBD2BDE8D003704738B505460C46FFF7E6
:106E40003FFF00F0BDFE6B681C60BDE8384000F0FD
:106E5000CDBEF8B5054600F0B3FED5E90034DB68D9
:106E6000984794F832301BB1BDE8F84000F0BEBE40
:106E7000012384F831306368ABB12846FFF744FE44
:106E80006168D4E90A67D1E900239F4208BF9642AE
:106E900009D36B685A68CB6863602368002BEAD01B
:106EA00090689847E7E70023284684F83130FFF7D9
:106EB00085FED9E710B586B0CDE904210393089C7F
:106EC000029000F07DFE0298FFF71EFE05990298E1
:106ED0000094DDE90332FFF789FF06B0BDE81040FA
:106EE00000F084BE38B505460C4600F069FE6A68BD
:106EF0005368A34209D1DB6828465360FFF75EFE62
:106F0000BDE8384000F072BE1346002BF8D0DA68B6
:106F1000A242F9D1E268DA60F2E738B50446FFF739
:106F2000CFFE00F04DFE2046FFF7EEFD6368D3E98B
:106F30000A4500F05BFE2046294638BD7047000038
:106F400000487047DC860508024B1B680BB10248FD
:106F50001847704720070024DC86050808B5BFF3F2
:106F60005F8F164B1968080AC1F3072110F0FC0F58
:106F700004D13B221249134800F02AFD002210469A
:106F80005A608A4216D11022DA600F4A1A6113221F
:106F9000DA600E4A1A611122DA600D4A1A610D4A4E
:106FA000DA600D4A1A6107225A60BFF34F8FBFF3B0
:106FB0006F8F08BD9A6001321861E2E790ED00E042
:106FC000218705083087050839F0020639070213C2
:106FD0003FF50B131200008039000213B1F90C20A9
:106FE000B1F9041007F0BABD07B5019000F0E8FD53
:106FF000019803B05DF804FB07B5019000F0F6FDC1
:10700000019803B05DF804FB007B704738B50D4B69
:107010000D460273044603600023C0E901310A48AB
:10702000FDF740FC01F0F0FD55B1084B1A681C60FB
:1070300062600548FDF736FC01F004FE204638BDCD
:107040006560F6E750870508D42A0024D02A00247A
:10705000144B10B5036004461348FDF723FC01F000
:10706000D3FDA3682BB1114962680B68A34212D10A
:107070000A600F4B0C481A68A24204BF00221A6033
:10708000FDF710FC01F0DEFD237B13B9201F01F09A
:107090000BFC204610BD19465B68A342FBD14A6039
:1070A000E7E700BF50870508D42A0024D02A00242F
:1070B000FC2A002410B50446FFF7CAFF1021204621
:1070C00001F0DCFB204610BDF8B5064617480D461A
:1070D000FDF7E8FB01F098FD154B1C68A4B1A7680B
:1070E00087B138460CF0CCF9A8420BD12A4631467C
:1070F00038460BF0C5FC28B90C48FDF7D3FB01F06E
:10710000A1FD11E06468E9E7072DF5D12A46314673
:1071100008480BF0B5FC0028EED10448FDF7C2FB8F
:1071200001F090FD044B1C682046F8BDD42A0024D1
:10713000D02A00243D870508FC2A0024002070473F
:107140000368012200211B6970B504469847051E9B
:107150000DDB23680222002120461B699847064662
:1071600023682946354600221B6920469847284651
:1071700070BD000070B50E46002504460F49C0E9F9
:10718000005530460CF0EAF9294630442060236867
:107190001A782F2A07D10133236051B92A220849CE
:1071A000084800F015FC002AF7D0013301312360B4
:1071B000EDE7FFF789FF6060204670BDA8870508EE
:1071C000C4870508D187050800687047406808B57E
:1071D00020B1FFF719FF431E5842584108BD10B5B2
:1071E0000446FFF7F3FF10B1606800B1043810BD2A
:1071F000406808B520B1FFF707FFB0FA80F04009FA
:1072000008BD10B50446FFF7F3FF10B1606800B188
:10721000043810BD4068003818BF012070470020B6
:107220007047F8B50D46036804468F182E461B6D4F
:107230009847BE42236806D09B6C204616F8011B77
:1072400098470130F5D1236820465B6D9847701B45
:10725000F8BDF8B50D46036804468F182E461B6D21
:107260009847BE42236807D0DB6C20469847431CF2
:1072700002D006F8010BF4E7236820465B6D9847BF
:10728000701BF8BD00207047002070477047000059
:107290000F4B002213B5044640F8043BFFF7B6FE3F
:1072A0000C4B0D492046236060336360002363610B
:1072B00001F058FB0346606128B902460090074977
:1072C000074800F015FE01F057F8204602B010BD47
:1072D0006087050858880508DA870508DD870508EE
:1072E000190101800A4B03F10802683310B5044606
:1072F0000260436040690AF015F9064B204623609E
:10730000503340F8043FFFF7A3FE204610BD00BFF6
:1073100050880508F887050810B50446FDF738FEC3
:10732000094BA0692360FFF7F8FD00220023C4E9A0
:107330000C230023C4E90801C4E90A01C4E90E339F
:10734000204684F8403010BD188905084FF0FF3002
:107350007047000038B590F83F50044625B18E22A2
:107360000849094800F034FBFDF732FE94F840303C
:10737000A5872BB184F84050BDE8384000F00CBF21
:1073800038BD00BFDA880508E788050810B504464F
:1073900001F1300000F054FBC4E90001204610BDAB
:1073A000D0E90C32013342F10002C0E90C32D0E9DD
:1073B0000A3213F57A7342F10002C0E90A327047CB
:1073C000D0E90A2312F57A7243F10003FDF7F6BD06
:1073D000F8B50D4604468869FFF79FFDD5E90A32E6
:1073E000C61A61EB0207002F08BFB6F57A7F05D2F7
:1073F00000220023C4E900232046F8BD002F08BF67
:10740000B6F5FA6F01D20122F3E7002E4FF47A723B
:10741000304677F101034FF00003B4BF0021394635
:1074200008F004FFC4E90001E6E7000091F83F30EE
:10743000F7B505460C4613B991F83C6026B1E52234
:107440001149124800F0C4FA6846FFF7C1FF4FF433
:107450007A71A663DDE90032A3FB016701FB0277C5
:10746000D4E90A10891947EB0000C4E90A10D4E9ED
:107470000C105B1840EB02022846C4E90C32C5E947
:10748000003203B0F0BD00BFDA880508F1880508B6
:107490002DE9F743994690F83F300446904623B1D2
:1074A00058223149314800F093FA90F83C3063B9E2
:1074B00001466846FFF7BAFFDDE900234B4508BFE8
:1074C000424505D3012384F83D3003B0BDE8F08385
:1074D00021466846FFF75AFF009B4FF47A71B8EBDC
:1074E0000306019B69EB0307A8FB012301FB09339A
:1074F000D4E90851551994F8402043EB01080123C1
:10750000A38762B9A269126892F8202032BB84F87E
:10751000403000F02BFE002F08BF052E0DD20023B7
:1075200084F83E3094F8403023B9012384F8403089
:1075300000F01CFE2A4643460AE094F84030002B37
:10754000EDD10123B5F57A6284F83E3048F1FF337E
:10755000204603B0BDE8F043FDF730BD002F08BF63
:10756000052EDCD3EDE700BFDA880508E7880508BB
:10757000024B4FF080625A60704700BF00ED00E0A0
:1075800008B50121383000F049FA08B1FFF7F0FFE3
:1075900008BD012310B580F83F300446836B0BB162
:1075A000FFF7E6FF2046FFF70BFF10BD90F83C30D9
:1075B00010B504464BB1002380F83C3090F83E30C3
:1075C00013B9012380F83D3010BD90F83F30002BF7
:1075D000FAD0836B01338363FFF7CAFF2046FFF7BE
:1075E000DFFE2046FFF7ECFEEEE70000024B4FF017
:1075F00000725A60704700BF00ED00E010B504460D
:10760000FDF7E6FC002384F83F30FFF7EFFF10BDE5
:10761000102300F007B8202300F004B8302300F056
:1076200001B840239C46F0B404AE7546E80801D387
:10763000EFF309860E4F0FCE0FC70FBC0FC74046A2
:10764000494652465B460FC71DCE3100A60A00D3FD
:1076500004316E0900D248311FC7EFF30980694633
:10766000EFF3148663C76046014900F079F800BF64
:1076700050B20024F0B52C4E85B000242B4F354677
:107680002146013456F8042B384600F07DFA0D2CC3
:10769000F6D1AB6C264C02936B6C264801932B6C95
:1076A0000093696BD5E90E2300F06EFA2168224839
:1076B00000F06AFAE16AA26AA36AA06AD2B2266BF3
:1076C000C3F30723E76B000CCDE9016700901B486B
:1076D00000F05AFAA36A1E0603D5616B184800F041
:1076E00053FAA36A180403D5A16B164800F04CFAAC
:1076F000EB6C190712D5144800F046FA2B6DDA0727
:107700000FD5124800F040FAEB6C5B074CBF1048F5
:10771000104805B0BDE8F04000F036BA0E4800F061
:1077200033FA0E48EEE700BF50B200241C8905086A
:1077300000ED00E02A890508798905088789050890
:10774000D6890508E4890508F2890508018A050833
:10775000318A05083D8A0508218A05080E8A050830
:1077600007B504460D461A48012100F060F968BBD0
:10777000184800F009FA302C19D0402C1CD0202CCD
:107780001FD1154C154800F0FFF9154800F0FCF921
:10779000FFF770FF134800F0F7F90D4B00221A7045
:1077A00000232A4610492046009300F0A1FB0F4811
:1077B0000F4C00F0E9F9E8E70E480F4C00F0E4F94F
:1077C000E3E70E480E4C00F0DFF9DEE70024E7E7C0
:1077D000A4B20024498A05083E01FF80728A050888
:1077E0009F8A0508AA8A0508C98A0508818A0508AA
:1077F0003F01FF808A8A05084001FF80958A0508BD
:107800003D01FF802DE9F0410C467746154600F01A
:10781000E5FBE4B154F8088CDDB128460AF012FE0D
:10782000064648B1A8454246214628BF2A460BF0E5
:1078300059F920460AF00EFE3B462A4621463046BC
:1078400000F084FB00F0DAFB3046BDE8F081A04692
:10785000E2E72E46F0E7F7B50D461646774600F00C
:10786000BDFB06FB05F2104601920AF0EBFD044653
:1078700018B1019A00210BF033FA3B4632462946F3
:10788000204600F07BFB00F0B9FB204603B0F0BDC2
:10789000F8B50D461646074600F0A0FB2048FDF758
:1078A00001F8204C01F0B0F915F1090F32D805F1BB
:1078B000080138460AF0D6FD60B3A26800F1080757
:1078C000194B2A4405604360A26022692368013293
:1078D0002B44226162682360934250F8042C88BFD5
:1078E0006360031F002AB8BF9B18A2691B68521B64
:1078F00023F001031344A3610948FCF7D3FF01F00F
:10790000A1F932462946384600F00CFB00F076FB20
:107910003846F8BD6369002701336361ECE700BFB7
:107920001C2B0024002B0024EFBEADDE00B57246F8
:107930005DF804EBFFF7ACBF70B50C460546164684
:1079400000F04CFB1C48FCF7ADFF01F05DF91CB3E7
:1079500054F8042C194B9A422BD154F80C2CA4F156
:107960000C0354F8081C002AB8BF9B181A6800239F
:1079700044F8043C22F00102114B1868401A1860C8
:1079800018690138186198690144891A9961A4F14C
:10799000080128460AF040F80748FCF783FF01F089
:1079A00051F93146204600F001FBBDE8704000F07F
:1079B00025BB2146EDE700BF1C2B0024EFBEADDE4A
:1079C000002B002400B572465DF804EBFFF7B4BF4E
:1079D00007B50B46009201460022014800F088FAE4
:1079E0004401FF8003460122D3E84F0FC3E8412F33
:1079F000C0B20029F8D17047D0E85F3F5B18C0E8FB
:107A0000523F002AF8D198B27047D0E85F3F5B1A26
:107A1000C0E8523F002AF8D198B27047034653E8B5
:107A2000000F401A43E80002002AF8D170470346CD
:107A3000D3E84F0FC3E8421FC0B2002AF8D1704705
:107A400038B5044600F0BCF8D4E9004500F0CEF8A3
:107A50002046294638BD0000254C264D264680B5D7
:107A600088B000F0ADF88C2101A8FEF7AFFF042725
:107A7000DFF88480D4F89430AB42FBD1039B4046BE
:107A8000019A1A604FF44073636101F043F8D6F82D
:107A90009430AB42FBD1019B4046049A1B04136017
:107AA0004FF44073736101F035F8013FE2D10427D0
:107AB000DFF84880D4F89430AB42FBD1039B4046BA
:107AC000019A1A604FF44073636101F023F8D6F80D
:107AD0009430AB42FBD1019B4046049A1B041360D7
:107AE0004FF44073736101F015F8013FE2D1BEE736
:107AF0000064025800030080F0490200801A06006A
:107B000073B5002201460446022000F0DFFC0D267A
:107B100000F056F80022254614F8013B1BB900F08E
:107B200065F802B070BD0A2B09D10D2A07D00122D9
:107B30000DF1070102208DF8076000F0C7FC01225B
:107B40002946022000F0C2FC14F8012CE3E70000F3
:107B500000B5A3B002460B46842101A80EF0CAF975
:107B6000832806D9074B1A681B79CDF883208DF836
:107B70008730002802DD01A8FFF7C2FF23B05DF8BF
:107B800004FB00BFD98A05080FB407B504A951F852
:107B9000040B0191FFF7DCFF03B05DF804EB04B0C8
:107BA0007047EFF31080C04300F001007047EFF31F
:107BB0000580003818BF01207047FEF7BDBE0000E9
:107BC00008B5FEF78BFE064A1368591C04D13F2204
:107BD00004490548FFF7FCFE0133136008BD00BFF0
:107BE000442B0024F88A0508088B0508044A13680A
:107BF00023B1013B13600BB9FEF782BE704700BF93
:107C0000442B002408B50B48FFF7ECFE28B1FFF722
:107C1000D7FFBFF34F8F20BFFDE7FFF7C8FF08B1C5
:107C2000FFF71AFFFFF7BDFF0028F9D0012000F091
:107C3000B5FD00BF842B00242DE9F0414B4C0E46CE
:107C400098B08046216817464948C1F34173032B19
:107C5000C1F307430CBF4D428DB22A46FFF794FF94
:107C60006FF498731D44132D0FD8DFE805F00A62F6
:107C700065686B716E740E0E0E0E0E0E0E0E0E0EED
:107C80000E77A1683B48FFF77FFF4046FFF738FFBC
:107C900061683948FFF778FF4EB13848FFF730FF89
:107CA0003046FFF72DFF39463548FFF76DFFA168D5
:107CB0003448FFF769FF2368334A1A44012A05D97B
:107CC000324A934202D0033A93424BD1A06820B18A
:107CD000C06C80F00800C0F3C000E368002B43D004
:107CE00059682B4A002908BF1146E269294D0392C1
:107CF000A26902926269019222690092264A0028D2
:107D000018BF2A462548FFF73FFF04A800F0D4FE1D
:107D1000079B216801939DF8183021480093DDE905
:107D20000423FFF731FF1F48FFF72EFF18B0BDE80F
:107D3000F081A1681C48A6E7A1681C48A3E7A168D8
:107D40001B48A0E7A1681B489DE7A1681A489AE76D
:107D5000A1681A4897E7A168194894E71948FFF7FE
:107D600013FF92E70020B8E70949BEE7882B0024FB
:107D70004E8B05089F8B0508478C0508588C050815
:107D8000608C0508648C0508C2FE007F4001FF80FE
:107D9000398B0508438B0508C88A0508788C0508C7
:107DA000D18C05083E8D0508B58B0508C58B0508E7
:107DB000D48B0508E78B0508FB8B05080F8C05089D
:107DC0001E8C0508348C050870470000F0B5294D5D
:107DD0008FB00E46174635EA200528BF05463022EB
:107DE000002102A80AF07CFF234B01AC01952B4433
:107DF0000396012B05D9214B9D4202D0033B9D42A6
:107E000032D1F36B0293736B08931D4B5B69DA6B92
:107E1000049305925A6B1B6B06920793FFF7D0FEF3
:107E2000184A13680133012B136009D12646164DF9
:107E30000FCE0FC50FCE0FC50FCE0FC533682B6009
:107E4000124D0FCC0FC50FCC0FC50FCC0FC523683B
:107E5000A5F130002B600E4B1B6843B19847FFF72C
:107E6000C5FE00200FB0F0BD02970894CDE7FFF7E4
:107E7000ABFFF4E70101FF80C2FE007F4001FF80FD
:107E800074060024482B0024502B0024882B002447
:107E90004C2B00240FB41FB501210D48CDF804E090
:107EA000FFF7C5FD019A044680B901460948FFF76E
:107EB0008DFF224621460848FFF7BEFE07A9069817
:107EC0000391FFF745FE0548FFF71AFEFFF79AFEFC
:107ED000A4B200240001FF80588D0508C78A050858
:107EE00000207047014B1878C0B27047A4B200243C
:107EF00080B506460C460A480121F04617461D4645
:107F0000FFF795FD48B9424639463046FFF75EFF18
:107F1000029A29462046FFF78FFEFFF773FE00BF47
:107F2000A4B2002438B50B46064904460D6835B1A5
:107F300005490978012902D801460020A8472046B2
:107F400038BD00BFBC2B0024E82B002437B5044605
:107F500010461A46074B1D6845B1074B1B78012B8D
:107F600004D80B46009021460120A847204603B0C4
:107F700030BD00BFBC2B0024E82B002437B50446DD
:107F800010461A46074B1D6845B1074B1B78012B5D
:107F900004D80B46009021460220A847204603B093
:107FA00030BD00BFBC2B0024E82B00240A46094941
:107FB000034610B40C684CB107490978012905D86B
:107FC000A446002103205DF8044B60475DF8044B94
:107FD000704700BFBC2B0024E82B002408B50548DF
:107FE000FCF760FC00F010FE034A137801331370B5
:107FF00008BD00BFC02B0024E82B0024054A06481A
:1080000008B51378013B1370FCF74CFCBDE8084041
:1080100000F018BEE82B0024C02B002438B5064C15
:1080200023683BB9054DFEF7F7FC01462846FFF7EC
:1080300073F92560206838BD382C0024F02B00240B
:1080400008B5836823B9054B1B6893F83D0008BD4C
:10805000C06898470028F6D0F9E700BF382C002404
:10806000F7B504464FF0FF366FF00047164D204637
:10807000FFF7E6FF30BBD4E90023BB4208BFB242A2
:1080800002D02868FFF704FA01A8FEF7ADFF2046EA
:10809000FFF7D6FF98B9D4E90023BB4208BFB2422C
:1080A00007D100F09DF801A8FEF7A6FFBFF36F8F80
:1080B000DDE72B6893F83C30002BF2D1F3E701A801
:1080C000FEF79AFF03B0F0BD382C002430B587B01E
:1080D0000D4D0446CDE902230A9B04930B9B0593A7
:1080E000FFF79CFF02A8FFF7BBFF2868FFF732F9F4
:1080F00068462968FFF79AF92046DDE90023C4E9BC
:10810000002307B030BD00BF382C00242DE9F0411A
:108110000E4D86B006460F4604A829689046FFF724
:1081200035F92B68DDE904019B6BC41A02A861EBE9
:10813000E375A219CDE9007845F10003FFF7C6FF0A
:108140000298001B06B0BDE8F08100BF382C002467
:1081500010B5054C236813B9FEF75EFC206020685B
:10816000BDE81040FEF7D9BE482C002413B5074CDB
:1081700001212046FFF740FC034628B900902288E1
:1081800003490448FFF7B4FE02B010BD3C2C0024A4
:108190006D8D05082301048013B5094C012120468B
:1081A000FFF733FC4FF6FF73984206D10023228875
:1081B000044905480093FFF79BFE02B010BD00BFC5
:1081C0003C2C00248F8D050824010480034B188863
:1081D00080B2B0FA80F04009704700BF3C2C002408
:1081E000F8B5FFF7EDFCFFF7B3FF06460F46FFF7C4
:1081F000EDFF0446A0B106F059FEFFF7A9FF0546C2
:108200008CB10F48D0E90043A21B63EB070752195A
:1082100047EB0101C0E90021BDE8F840FFF7E6BCEB
:1082200006F032FEE9E7074CD4E90020931B60EB2F
:1082300007005B1940EB0101C4E90031ECE700BF26
:10824000402C0024502C00246FF01C0070476FF06D
:1082500015007047012070470020704770470000EC
:10826000034B186818B14FF0FF31FBF7C3B97047E3
:1082700008320024024B186808B1FBF7D3B97047E5
:1082800008320024F8B515460C468F18054EBC423E
:1082900005D014F8011B304605F0BCF8F7E7284676
:1082A000F8BD00BF10B9002438B511F001048DB23B
:1082B00005D0084806F014FB041E18BF0124EB0685
:1082C00005D5044806F01CFB08B144F01004204614
:1082D00038BD00BF10B9002410B50C462AB10448BF
:1082E00005F064F82070012010BD1046FCE700BFC7
:1082F00010B9002438B5084B044615460360074BF7
:108300001B6833B90648FEF769FE2946044806F0A3
:108310004DFB204638BD00BFD88E0508B43100247F
:1083200010B900240020704700207047002307B5D3
:108330001A46024902480093FFF7DAFDAD8D0508A1
:1083400029010180074A084913681844884283BFFD
:10835000064B0C224FF0FF3010608CBF1A6018469D
:10836000704700BF2408002400FC07248CB90024B7
:10837000012070470120704700210AF0B9BD08B5FF
:10838000FCF798F808BD08B5FCF79CF808BD00009C
:1083900010B50446037803F00303012B08D0FFF760
:1083A0005FFF237803F00302012A03D1FFF762FF86
:1083B00000200AE02AB14FF4D46204490448FFF7D0
:1083C00007FB43F002032370012010BDD18D050887
:1083D000E38D050808B5037803F00302022A05D0EF
:1083E00040F2A96206490748FFF7F2FA23F00303B7
:1083F00043F001030370BDE80840FFF73BBF00BF37
:10840000D18D0508018E05083F2870B504462EDC85
:10841000184D55F820305A1C13D1022811DCFFF7F3
:1084200083FF034658B92046FFF77CFF034630B967
:10843000114E3378BFF35B8FDB0704D50F4B45F844
:108440002430184670BD3046FFF7A2FF0028F5D053
:108450004FF4E1320A490948FFF74CFF3046FFF775
:10846000B9FF084A08490548FFF782FFE6E70023FD
:10847000E7E700BF24070024582C0024042D002423
:10848000208F0508000000245D82040838B50546E9
:108490000024FFF7B9FF0B4B43F8254030B908F033
:1084A000D3FF092303604FF0FF3038BD03685B69D9
:1084B0009847051E04DA6D4208F0C6FF0560F2E732
:1084C0002046F2E724070024FFF7E0BF13B5CDE90B
:1084D0000021FFF799FFDDE9002140B908F0B4FF62
:1084E000092303604FF0FF34204602B010BD03683B
:1084F000DB689847041EF7DA644208F0A5FF0460C1
:10850000F0E713B5CDE90021FFF77EFFDDE900219B
:1085100040B908F099FF092303604FF0FF3420466B
:1085200002B010BD03689B689847041EF7DA6442E6
:1085300008F08AFF0460F0E710B5FFF765FF044616
:1085400028B908F081FF09230360204610BD0368A5
:10855000DB699847041EF8DA644208F075FF04608E
:108560000024F2E7402337B50546CDF80100684600
:108570008DF8003009F0F8F9044630B12846FFF7CD
:10858000DBFF10B12046FFF7F7FE204603B030BDF9
:108590002DE9F04F85B006460F469046FFF707FBE2
:1085A000054630B1002332462C492D480093FFF791
:1085B0009FFCFFF7F6FA0028F4D0B8F1000F09DAB3
:1085C00008F042FF162303604FF0FF34204605B049
:1085D000BDE8F08F3046FFF7AFFF044658B3214A9D
:1085E0002C46DFF884A04FF00D0B935D9146A84513
:1085F00021DD7A5D0A2A1BD10D2B039318D0AC42E2
:108600000CDA2A1B39193046FFF760FF0028039B5C
:10861000DADB0444A542D9DC09F8063001225146D0
:108620003046FFF753FF0028CEDBCFD009F806B065
:108630007B5D0135DBE7A045C8DDA8EB04023919F5
:108640003046FFF743FF0028BEDB24181FBF3F1949
:10865000044B17F8012C9A55B8E700BF388E05086F
:108660002F0101809C2C0024728E0508FFF764BF47
:108670007FB504460D461646FFF799FA30B1002340
:1086800022461D491D480093FFF732FCFFF789FA87
:108690000028F4D0002E06DA08F0D6FE1623036078
:1086A0004FF0FF3018E02046FFF746FFE8B1144EC8
:1086B00001220DF10F012046FFF723FF0028EFDB19
:1086C0000AD09DF80F300D2B08D1325D0A2A3355A0
:1086D000EED00A2301202B7004B070BD0A2B02D10A
:1086E000325D0D2AF3E73355F4E73246294620463A
:1086F000FFF707FFF0E700BF748E05082F01018028
:108700005C2C002413B5CDE90021FFF77DFEDDE9E7
:10871000002140B908F098FE092303604FF0FF34B0
:10872000204602B010BD03681B699847041EF7DAA3
:10873000644208F089FE0460F0E7FFF7E3BF10B57C
:10874000FFF762FE30B908F07FFE092303604FF0A7
:10875000FF3010BD03689B699847041E04DA644229
:1087600008F072FE0460F2E70020F2E70A4D0446CA
:1087700008B52B68986808F0B5FF2B68D86808F032
:10878000B1FF0120FFF7DBFF0220FFF7D8FF0CB19C
:10879000FFF762F9FEE700BF4408002408B5FFF7C1
:1087A000E5FF38B50D46FFF72FFE044630B908F057
:1087B0004BFE092303604FF0FF3038BD0368DB69CF
:1087C00098470028204614BF4FF400534FF400434D
:1087D0006B6023689B6A984728610020EDE7FFF7EC
:1087E000E0BF000008B5037803F00302022A05D0B9
:1087F00040F2B26205490648FFF7EAF823F00203A7
:108800000370BDE80840FFF735BD00BFD18D0508F6
:10881000018E0508084B724613B5014604461868D8
:10882000FFF736F8034628B900902246034904486A
:10883000FFF75EFB02B010BD44080024B08E0508AF
:108840001F010180FFF7E6BF044B7246014618681E
:1088500000B55DF804EBFFF71BB800BF4408002427
:10886000FFF7F2BF044B72460146186800B55DF889
:1088700004EBFFF761B800BF44080024044B7246C4
:108880000146186800B55DF804EBFFF755B800BF66
:108890004408002410B504460421FFF7EFFF2046EA
:1088A00010BDFFF7DFBF000010B504460B48FBF713
:1088B000F9FF00F0A9F90A4A4023002152F8040BFD
:1088C000A04208BF42F8041C013BF7D10348FBF764
:1088D000E9FFBDE8104000F0B5B900BFDC2C002472
:1088E0002407002410B512480324FBF7DBFF00F037
:1088F0008BF9104B53F824207AB10134402CF9D174
:1089000008F0A2FD18234FF0FF3403600848FBF77E
:10891000C9FF00F097F9204610BD4FF0FF32044820
:1089200043F82420FBF7BEFF00F08CF9F3E700BF0B
:10893000DC2C00242407002410B50446FFF7D2FFE6
:10894000002807DB044B054A43F82040002313545A
:10895000034A135410BD00BF240700245C2C0024DC
:108960009C2C002473B506460191FFF7E5FF051E18
:1089700013DB0199FFF7F6FD044630B9084B53F8B5
:108980002520964204D143F82500204602B070BD50
:1089900008F05AFD09230360F7E70024F5E700BF5C
:1089A000240700240EB42DE9F04187B00190FFF7B1
:1089B00099FF041E13DB0023019904A8214E0393A1
:1089C000FEF7D8FB04A8FEF725FC054668B908F0B9
:1089D0003BFD1323036046F824504FF0FF3420463C
:1089E00007B0BDE8F04103B0704704A8FEF700FCF3
:1089F000074604A85FB1FEF704FC0390039B124AEC
:108A000046F8243000231355104A1355E7E7FEF7C4
:108A1000E6FB05460028DAD0036804A8D3F80880EE
:108A2000FEF7D2FB0D9B024603A92846C047054628
:108A30000028E3D06D4208F007FD056046F8247079
:108A4000CBE700BF240700245C2C00249C2C0024CE
:108A500070B50E46154905460AF0A6FB044618B93E
:108A6000FFF7D2FC204670BD114928460AF09CFB56
:108A700020B901200124FFF7C7FCF3E70D49284680
:108A80000AF092FB20B902200224FFF7BDFCE9E7BF
:108A90002B78402B02D1D5F80140E3E726F4803152
:108AA0002846BDE87040FFF77DBF00BF408F050836
:108AB000478F0508388F050810B5044620B9902265
:108AC00010491148FEF784FF4C22002104300AF0BF
:108AD00007F94FF204134FF000614FF0105223607A
:108AE0004FF4002321634FF4001123626362074BAC
:108AF0002261216462611B68636002232372044B5C
:108B0000E36010BD698F0508768F050800ED00E071
:108B100058600100034B596A5A6A521A8242FBD3C9
:108B2000704700BF000C00401FB500230446CDE98C
:108B30000013031D6846029310230393F9F7D8FD31
:108B4000206020B9352203490348FEF741FF04B0F5
:108B500010BD00BF9A8F0508A98F050810B50446FF
:108B60000249FFF7E1FF204610BD00BFAD8F0508A9
:108B70000068F9F7D5BD10B504460068F9F728FE7E
:108B8000204610BD10B49DF804400CB942F002021A
:108B900000685DF8044BF9F7F1BD07B50093134683
:108BA0000022FFF7EFFF03B05DF804FBFFF7F5BF0E
:108BB0001FB50023044603620C4B002908BF194669
:108BC000031D684602931C23009103930B2301931A
:108BD000FAF7F8FC206038B9FFF784F920B93D2294
:108BE00003490448FEF7F4FE04B010BDCD8F05081C
:108BF000FD8F05080790050810B504460021FFF712
:108C0000D7FF204610BD000037B504464FF0FF31B6
:108C10000068FAF7EFFC054620B9236A01332362A6
:108C200003B030BDFFF75EF903460028F8D12A46AD
:108C3000024903480093FFF75BF900BF2B9005083A
:108C400015010280036A013B13B503620068FAF75D
:108C5000E9FC044648B1FFF745F9034628B90090FE
:108C6000224603490348FFF743F902B010BD00BF95
:108C70003D9005081701028010B504460068FAF718
:108C8000E9FC204610BD00001FB504460023104635
:108C90006A46CDE90033231D029310230393FAF7AC
:108CA00007FE206020B9372202490348FEF790FEF4
:108CB00004B010BD679005087590050810B504460E
:108CC0004FF6FF72FFF7E0FF204610BD13B50068B6
:108CD0000C46FAF705FE024670B1C11C4FF00000C9
:108CE00006D15CB10090002305490648FFF700F962
:108CF000931CF7D102B010BD0120FBE72046F9E735
:108D000084900508140102800068FAF711BE10B5BE
:108D100004460068FAF73AFE204610BD08B538B19F
:108D2000F9F792FB20B1E32202490348FEF750FE17
:108D300008BD00BFB390050847910508FFF7EEBFD7
:108D4000FBF7C2BA2DE9F047DDE90857994604461A
:108D50006B07884692464FF0000118BF25F00706C2
:108D60004FF0440200F178000CBF2E46083609F09F
:108D7000B7FFB5FA85F300214D4420225B0904F1C9
:108D80001C006161AD1B84F83C3084F83D1025F077
:108D9000070509F0A5FF064BC4F830A0002F08BF57
:108DA0001F46E562A662A761C4F83480BDE8F0877B
:108DB0005691050813B5049CCDE9003413460A46C4
:108DC0000021FFF7BFFF02B010BD70B500F15405E0
:108DD00004462846FFF718FF04F140006669FFF7D4
:108DE00093FF0023636194F83D302BB100242846A3
:108DF000FFF728FF204670BD012384F83D30002E88
:108E0000F4D03046FBF776FA0446F0E70D4B10B588
:108E100004460360FFF7D9FF94F83C302BB1A06AF9
:108E200008B1FFF73EFD0023A36204F15400FFF7F1
:108E300023FF04F14000FFF76AFF201DF7F72FFB27
:108E4000204610BD7C91050810B50446FFF7DEFFF3
:108E5000BC212046FFF712FD204610BD70B500F181
:108E6000540504460E462846FFF7CEFE636913B943
:108E700094F83D302BB12846FFF7E4FE6FF0030075
:108E800070BDA36A53B100232349E26AB3EB920F8A
:108E900018D2A26A42F823100133F6E7E06A1F4BAA
:108EA0001F49984294BF20F003004FF0FF30FFF7B6
:108EB000D7FCA0620028E6D12846FFF7C3FE6FF07A
:108EC0000400DDE744233146201D636204F178038A
:108ED0002362F8F79BFE04F1180221461148FBF7C4
:108EE000C7F9606190B994F83C302BB1A06A08B121
:108EF000FFF7D7FC0023A3622846FFF7A3FE04F187
:108F00004000FFF701FF6FF00200B9E72846FFF7C6
:108F100099FE0020B4E700BFA52E5AE2FBFFFF7FB9
:108F2000C49A0508298F040810B504460430FBF7DD
:108F300070FC04F15400FFF767FE002304F14000C9
:108F40006361012384F83D30BDE81040FFF7DCBECB
:108F500008B51420FFF776FC4FF6FF71831E00F171
:108F6000120223F8021F9342FBD1014B186008BD87
:108F7000102D00247047000010B5032000F0AEF85B
:108F800001F0D8FA0F49104A8B69C3F30323D35C6D
:108F900003F01F03D8408B6903F00F03D35C0B4A27
:108FA00003F01F0320FA03F31360094B18600F202E
:108FB00004F056FF044618B9FFF7DCFF204610BD49
:108FC0000124FBE700440258D2910508340800242C
:108FD0003008002438B5044604F048FF0546631CF9
:108FE0001EBF044B1B78E41804F040FF431BA34250
:108FF000FAD338BD28080024014B1868000C7047CC
:109000000010005C014B1868704700BF00E8F11FBA
:10901000014B1868704700BF04E8F11F014B186846
:10902000704700BF08E8F11F024A136A43F00103CA
:10903000136270470004005830B5CC030DD54309C6
:1090400000F01F05012403F1B063AC4008331B019D
:109050001D68A2B925EA04041C608B030ED500F03C
:109060001F014009012300018B4000F1B04042B9CB
:10907000D0F8842022EA0303C0F8843030BD2C43AA
:10908000EAE7D0F884201343F6E730B5CC030DD5DA
:10909000430900F01F05012403F1B063AC400C3319
:1090A0001B011D68A2B925EA04041C608B030ED5C0
:1090B00000F01F014009012300018B4000F1B04086
:1090C00042B9D0F8C42022EA0303C0F8C43030BD4E
:1090D0002C43EAE7D0F8C4201343F6E7074903021C
:1090E000CA6803F4E06322F4E0621204120C134332
:1090F00043F0BF6343F40033CB60704700ED00E002
:10910000044B1B68C3F30313072B0CBF0320012080
:10911000704700BF00ED00E02DE9F74F0023DFF8B6
:10912000BC81DFF8BCC14FF0B0490A6832FA03F4E1
:1091300002D103B0BDE8F08F01279F403A4000F014
:10914000B6804C684FEA430E032524F0100A05FA56
:109150000EF50AF1FF36ED43012E10D8866806EAB7
:10916000050BCE6806FA0EF646EA0B0686604668E0
:1091700026EA0707C4F300169E4037434760C768D6
:10918000BAF1020F8E6807EA050706FA0EF646EAFC
:109190000706C66014D14FEAD30A03F0070B0F2766
:1091A00000EB8A0A4FEA8B0BDAF8206007FA0BF71C
:1091B00026EA07070E6906FA0BF63E43CAF8206056
:1091C0000668354004F0030606FA0EFE4EEA050571
:1091D0000560E5006BD5D8F8F45023F0030603F0E2
:1091E00003074FF00F0E45F0020506F1B046BF0031
:1091F000C8F8F45006F58066D8F8F45005F002057A
:109200000195019D0EFA07F5D6F808A02AEA050E89
:10921000314DA8424DD005F58065A8424BD005F5EB
:109220008065A84249D005F58065A84247D005F57C
:109230008065A84245D005F58065A84243D005F574
:109240008065A84241D005F58065A8423FD005F56C
:109250008065A8423DD005F58065A8420CBF092570
:109260000A25BD40E70345EA0E05B5606FEA020630
:10927000DCF8005054BF35401543A703CCF800502C
:10928000DCF8045054BF35401543E7024FF0B047B7
:10929000CCF80450D9F8005054BF35401543A4020F
:1092A0003D607D6854BF35401543C9F80450013313
:1092B0003BE70025D5E70125D3E70225D1E70325C4
:1092C000CFE70425CDE70525CBE70625C9E7072528
:1092D000C7E70825C5E700BF000002580044025850
:1092E000800000587047000008B5054BD8681A6820
:1092F00022EA00021A605860FFF7F4FF08BD00BFC1
:10930000006502580A4B44F620621B68B3FBF2F278
:109310004FF47A7353430268002010B5013B146880
:1093200008BF032031EA040401D0002BF6D110BDA0
:109330003008002470470000F8B50446002858D0D3
:1093400090F8363003F0FF021BB980F83520FFF7A4
:10935000F1FF656802232268012D84F83630A66A81
:10936000D06802D0B6F5000F01D120F01E004FF6F4
:10937000FF736169204F994245EA06031CBF20F440
:10938000604020F0C0000740A0680343206A034308
:10939000606A03433B4305BBE069256928430343F7
:1093A000B6F5000F1BD04FF6FF70814204D0A069C4
:1093B0000143E06901430B43D360104B9A4203D051
:1093C00003F1C0539A420FD1D4E90B310B435362DE
:1093D0000123002084F83630F8BD012DE0D1D4E916
:1093E000030528430343DEE7054B9A42F0D1E36AC5
:1093F000EDE70120F0E700BFFEF119FF0024004077
:1094000000280058022310B580F836300446D0E911
:109410000032012A07D0826AB2F5000F03D1DA6860
:1094200022F46062DA601A69204642F001021A6191
:1094300010225A6099611146FFF764FF032808D093
:1094400022680020136943F004031361012384F8A8
:10945000363010BD7047F0B504468BB060B390F85D
:10946000BD33056803F0FF021BB980F8BC23FFF78A
:10947000F1FF03236E46271D84F8BD33EB6B2546B1
:1094800013F4807355F8100B08BF236102F028FF16
:109490000FCD0FC60FCD0FC695E80300254686E811
:1094A000030097E80E0055F8100B02F059FE06462F
:1094B00020B1022384F8BD33012552E00146206823
:1094C00002F014FF3046D4F804C01C264FF0010E01
:1094D0000146C2B2013094451BD800231C26194610
:1094E000D8B20133844522D86E460FCD0FC60FCDBA
:1094F0000FC695E8030086E8030097E80E00206891
:1095000002F036FF01230546F0B1022284F8BD23A4
:10951000D2E706FB024383F83DE083F83C20A3F842
:10952000422083F83F101965C3E91111D1E706FB0A
:10953000004282F8FD1182F8FC0182F8FF11C2F8A6
:109540001012C2E98111CBE784F8380084F8BD33EA
:10955000636A012B02D1204600F0A4FC206803F0CE
:109560008CFA28460BB0F0BD704738B5044610B9E8
:109570000125284638BD032380F8BD33006803F079
:109580003EFA05460028F3D12046FFF7EDFF84F8A8
:10959000BD53EEE710B50446006894F8BC33012BC8
:1095A00015D0012384F8BC33A36A012B06D1A3692B
:1095B000012B03D0836B43F48033836302F08AFE74
:1095C000206803F04CFA002084F8BC0310BD022090
:1095D000FCE738B590F8BC330446012B1BD00123BF
:1095E000056880F8BC33284602F07AFE206803F054
:1095F00044FA1021206802F091FEA36A012B06D1E3
:10960000A369012B03D0AB6B23F48033AB63002041
:1096100084F8BC0338BD0220FCE7704770470000A7
:109620002DE9F04F066887B00446304603F062FA31
:109630000290002840F03C81206803F02CFA0028BA
:1096400000F03681206803F026FA820704D52268EC
:10965000536903F002035361206803F01CFAC30648
:109660002AD52268936923F010039361376AC7F300
:10967000434307F00F05022B40F01D8147F6F073BE
:109680001F4214D01C23C7F30A18304603FB0545BC
:109690004246D5F8081203F03BF9D5F80822D5F870
:1096A000143242444344C5F80822C5F814322268F3
:1096B000936943F010039361206803F0ECF907030A
:1096C00000F10D81206803F0E6F945030CD525462D
:1096D00006F510694FF00008206803F0E8F90390E0
:1096E000039B002B40F0A481206803F0D4F90028EC
:1096F00015DAD6F8043823F00103C6F8043894F8D4
:10970000F433012B40F025820021204684F8F41325
:1097100000F0DBFB2268536903F0004353612068CB
:1097200003F0B9F900050BD5D6F80838D90702D5EA
:10973000204604F089F92268536903F400635361F9
:10974000206803F0A8F9020114D523685A6902F0D1
:1097500000625A6194F8F423002A40F0FE8101214E
:10976000204684F8F4135B6DC3F38303C4F8F83325
:1097700000F0ABFB206803F08EF9C30436D5D6F8B1
:1097800004381021206806F5006523F001036B60A2
:1097900002F0C4FD06F510634FF67F31626802984F
:1097A000824200F2DE81EB6943F00113EB61236B2F
:1097B000002B00F0F681D5F8843043F00B03C5F898
:1097C00084306B6C43F00B036B64D6F8003804F5FF
:1097D0007172217C23F4FE632068C6F8003803F020
:1097E0009DF92268536903F480535361206803F0A4
:1097F00052F9870416D5206803F080F9206802F03A
:109800006DFE2568E06001F05BF8227B014628468A
:1098100002F0F0FC204604F026F92268536903F4B4
:1098200000535361206803F036F9060707D5204638
:1098300004F0C6F82268536903F0080353612068F6
:1098400003F029F9C50208D500212046FFF7E6FEFE
:109850002268536903F480135361206803F01BF9F5
:10986000800208D500212046FFF7D7FE2268536901
:1098700003F400135361206803F00DF9410007D58C
:10988000204603F04DFE2268536903F08043536184
:10989000206803F000F942070AD523685D686B076A
:1098A00002D5204604F0DEF8226853682B4353604B
:1098B00007B0BDE8F08F062B7FF4F9AE082204F55F
:1098C00071713046C7F30A1703F022F81C2303FB1B
:1098D0000545D5F814321F44C5F81472E7E606F5BD
:1098E000306704F5017A0025DFF8D0B2206803F074
:1098F000D6F80390039B002B3FF4E4AE039BD807FC
:1099000056D55FFA85F92068494603F0D8F810F07B
:10991000010F80461AD020680122216900F5306CC1
:10992000BA600129036C0CEB451CDCF8082066D1F9
:10993000110706D55B4509D9100407D54FF400433C
:1099400002E091063CD52023CCF8083018F0080F2F
:109950001ED023680822BA601A6C03F530635A459A
:1099600003EB4513996804D9090402D54FF400416B
:1099700099602046049204F061F8049A5A4507D988
:109980002169012904D104F57172206803F0C6F839
:1099900018F0100F01D01023BB6018F0200F01D079
:1099A0002023BB6018F4005F02D04FF40053BB606B
:1099B000039B013520370AF11C0A5B08039399E7E2
:1099C00012F0280FC2D15B4501D91204B6D4DCF8DD
:1099D0001020DAF80010C2F312028A1ACAF8102016
:1099E000DAF804201144CAF8041095B9D4F810220A
:1099F0007AB904F57172012103F090F809E06E491B
:109A00008B420BD1130499D4900602D52022CCF8B6
:109A100008204946204603F0E2FF97E7002DF8D1E1
:109A2000D4F81022002AF4D104F571722946E3E734
:109A3000039BDA0740F184805FFA88FB206859466F
:109A400003F046F8C307074621D5012008F00F02AE
:109A5000D6F8343800FA02F2216923EA020381427F
:109A6000C6F83438C9F808000DD1D5E911231344DC
:109A7000AB64B8F1000F06D1236D23B904F5717200
:109A8000206803F04BF85946204603F0BEFF380724
:109A900002D50823C9F80830F90602D51023C9F801
:109AA00008307A0602D54023C9F80830BB0702D532
:109AB0000223C9F808303F0642D5D5E914329A424C
:109AC0003ED89B1A6A6CD4F800A0934228BF134674
:109AD00003339B0804930AF5106303EB48130593C3
:109AE000059B04999A6992B28A42D5E9147325D3E9
:109AF0009F4200D95FB908F00F020121DAF834382B
:109B000001FA02F223EA0203CAF8343818E0FF1A15
:109B10006B6C5A4650469F4228BF1F46FB1C9B0851
:109B20000493237C0093BBB2A96C02F0F1FDAB6CF3
:109B30003B44AB646B6D1F446F65D1E79F42DAD93C
:109B4000039B08F101081C3509F120095B08039308
:109B5000C6E5204603F07FFFDCE5204603F074FFF6
:109B600008E69960203353F8202C22F4001243F8C1
:109B7000202C53F8202C42F0006243F8202CC3F82C
:109B8000E811D3F8E02122F40012C3F8E021D3F861
:109B9000E02142F00062C3F8E021029A0132029211
:109BA000FCE56B6943F4005343F02B036B612B69B5
:109BB00043F00B032B6108E60A31544F0A30544F2F
:109BC00010B590F8BC230446012A0BD0012280F87E
:109BD000381080F8BC23006802F031FF002084F8C0
:109BE000BC0310BD0220FCE770B501F00F0611F0B8
:109BF000800F05464FF01C00C6EBC6044FEA8404F4
:109C00001FD004F13C0100FB06500124294480F8D8
:109C10003D408A604A780E70CB7002B1CE80022B34
:109C200004BF00230B7195F8BC33012B12D0012324
:109C3000286885F8BC3302F05CFC002085F8BC0382
:109C400070BD04F5FE7100FB06500024294480F825
:109C5000FD41DEE70220F3E710B5044601F00F00F6
:109C600011F0800F4FF01C02C0EBC0034FEA8303DA
:109C700016D003F13C0102FB00420123214482F88B
:109C80003D30087094F8BC33012B12D001232068BA
:109C900084F8BC3302F06CFC002084F8BC0310BDD7
:109CA00003F5FE7102FB00420023214482F8FD31DE
:109CB000E7E70220F3E738B501F00F051C2404FBA9
:109CC000050104FB050401F5FE71C4F81032002300
:109CD000C4F80822C4F8143284F8FD3184F8FC5129
:109CE00003690068012B08BFC4F80C22DAB21DB961
:109CF00002F094FC002038BD02F01EFDFAE701F0EE
:109D00000F011C2303FB0100D0F81402704738B583
:109D100001F00F051C2404FB050104FB05043C3184
:109D200023650023A2646365012384F83C5084F812
:109D30003D3003690068012B08BFE264DAB21DB947
:109D400002F06CFC002038BD02F0F6FCFAE738B5F2
:109D500001F00F05436804469D422CD811F0800F96
:109D60004FF01C001ED000FB0541012300FB054203
:109D70003C3182F83D3001230D708B7094F8BC2388
:109D80009A421AD0206884F8BC3302F0E4FD2DB961
:109D900004F57172217C206802F0C0FE002084F876
:109DA000BC0338BD00FB01431A4603F5FE710023D6
:109DB00082F8FD31DFE70120F3E70220F1E738B553
:109DC00001F00F02436804469A422AD8C2EBC2034C
:109DD00011F0800F4FF01C004FEA830318D003F1FD
:109DE0003C0100FB02400123214480F83D30002566
:109DF0000A708D7094F8BC33012B14D001232068B5
:109E000084F8BC3302F0D2FD284684F8BC5338BD38
:109E100003F5FE7100FB02400023214480F8FD3170
:109E2000E5E70120F3E70220F1E710B590F8BC3335
:109E30000446012B10D0012380F8BC330B060068C8
:109E400007D501F00F0102F069FA002084F8BC0385
:109E500010BD02F075FAF8E70220F9E70068120475
:109E600070B5446A19B922438262002070BD836ACA
:109E70004D1E04EB134400235E1CDBB29D4205D84B
:109E80003F31224300EB81004260EEE7403300EBBC
:109E900083035B6804EB13443346EDE7036800205B
:109EA0005962704702680021012380F8F413C0F85A
:109EB000FC330846936943F000639361536D43F0AC
:109EC000805343F00303536570477047024A136899
:109ED00043F480731360704700480258054A012913
:109EE000136923F00403136101D130BF704720BF11
:109EF000704700BF00ED00E070B51C4D0446EB68F4
:109F000003F00703062B06D0E86800F03F00001BB3
:109F100018BF012070BDEB6823F03F030343EB60E3
:109F200003F0A4FF06466B689A0408D5A4F11D034C
:109F3000012B0CD92D3C012C09D90020EAE703F0B4
:109F400095FF801BB0F57A7FEDD90120E2E703F0A1
:109F50008DFF064D0446EB68DB03EED403F086FF6D
:109F6000001BB0F57A7FF6D9EFE700BF0048025832
:109F700038B51E4C0D46236823F0010318432060BA
:109F8000C2B9FFF7BDF8032813D1236923F00103F9
:109F90002361174B1A6942F004021A61BFF34F8F15
:109FA000BFF36F8F012D10D130BF1A6922F0040268
:109FB0001A6138BD012A0AD1FFF7A2F80128F8D1A9
:109FC000636923F002036361E3E720BFEDE7FFF776
:109FD00097F8032804D1236923F004032361E8E7F9
:109FE000636923F004036361E3E700BF004802589C
:109FF00000ED00E0024AD36843F08073D3607047FD
:10A0000000480258F8B50446002874D00368D80701
:10A010005ED42368990700F1B0802368DA0627D55B
:10A02000AA4B1A69996A02F03802082A07D0182A3E
:10A0300040F00E8101F00302012A40F009811B6803
:10A04000DB0502D5E369802B55D1FEF7D5FF41F240
:10A050000303216A98429D4B00F2F3805A6820293D
:10A0600022F0F8420CBF42F0804242EA81625A601C
:10A070002368190700F12E8123689A0600F14F81A9
:10A0800023685D071ED5924D2B6843F480732B60C7
:10A0900003F0ECFE06462B68DA0540F16581A36803
:10A0A0008A4D012B40F067812B6F43F001032B6732
:10A0B00041F2883703F0DAFE844E0546336F9B0782
:10A0C00040F17F81616A002940F0828100202AE00E
:10A0D0007E4B1A69996A02F03802102A05D0182AB4
:10A0E0000BD101F00302022A07D11B689A0390D515
:10A0F0006368002B8DD1012015E06268B2F5803FC6
:10A1000012D11A6842F480321A6003F0AFFE6F4E2B
:10A11000054633689B033FF57CAF03F0A7FE401B69
:10A120006428F6D90320F8BD684D2B689AB923F44A
:10A1300080332B602B6823F480232B6003F096FE82
:10A1400006462B689F037FF564AF03F08FFE801BEC
:10A150006428F6D9E6E7B2F5A02F07D143F48023AF
:10A160002B602B6843F480332B60CEE723F48033DD
:10A170002B602B6823F48023F6E7544B1A69996A05
:10A1800012F0380203D0182A1FD18E071DD11B6888
:10A190005D0702D5E368002BADD0FEF72DFF41F23D
:10A1A000030321699842494B5A6809D822F47C324A
:10A1B00040290CBF42F4003242EA01325A602CE7D7
:10A1C00022F0FE4242EA0162F8E7E1681A6839B318
:10A1D00022F019023D4D0A431A6003F047FE06467D
:10A1E0002B68580711D5FEF707FF41F203032269D8
:10A1F00098426B680FD823F47C33402A0CBF43F499
:10A20000003343EA02336B6007E703F02FFE801B45
:10A210000228E5D986E723F0FE4343EA0263F2E72A
:10A2200022F00102294E1A6003F020FE0546336831
:10A2300059077FF5F2AE03F019FE401B0228F6D94C
:10A2400070E7DA6822F07C5242EA0162DA600FE7D6
:10A25000E2694AB31A681D4D42F080021A6003F0A9
:10A2600005FE06462B68DF0511D5FEF7C5FE41F257
:10A270000303226A984210D86B68202A23F0F8431F
:10A280000CBF43F0804343EA82636B60F0E603F067
:10A29000EDFD801B0228E5D944E7EB6823F07C53F1
:10A2A00043EA0263EB60E3E61A68084E22F080029C
:10A2B0001A6003F0DBFD05463368D8057FF5D8AE9C
:10A2C00003F0D4FD401B0228F6D92BE700440258C6
:10A2D000004802586369964D83B16B6F43F00103E8
:10A2E0006B6703F0C3FD06466B6F9B073FF5C4AE7B
:10A2F00003F0BCFD801B0228F6D913E76B6F23F037
:10A3000001036B6703F0B2FD06466B6F9F077FF595
:10A31000B3AE03F0ABFD801B0228F6D902E7A369B8
:10A32000834D83B12B6843F480532B6003F09EFD73
:10A3300006462B6898043FF5A3AE03F097FD801BFB
:10A340000228F6D9EEE62B6823F480532B6003F045
:10A350008DFD06462B6899047FF592AE03F086FDCD
:10A36000801B0228F6D9DDE603F080FD801B6428FF
:10A370007FF691AED6E6B3B92B6F41F2883723F062
:10A3800001032B672B6F23F004032B6703F06EFD93
:10A3900006462B6F98077FF595AE03F067FD801B8F
:10A3A000B842F6D9BEE6052B2B6F03D143F0040368
:10A3B0002B6779E623F001032B672B6F23F004034F
:10A3C00075E603F053FD401BB8427FF677AEA9E671
:10A3D000574D2B6903F03803182B7AD02B680229CC
:10A3E00023F080732B6067D103F040FD06462B6895
:10A3F00099015BD4AB6AA26A23F47C7323F0030354
:10A400001343E26A43EA0213AB62636BA26B013B44
:10A41000013A5B0212049BB202F4FE021343226B68
:10A42000013AC2F308021343E26B013A120602F04A
:10A43000FE4213432B63EB6A23F00103EB626B6B69
:10A44000A26C23F47F4323F0F80343EAC2036B6357
:10A45000EB6A226C23F00C031343EB62EB6A626C31
:10A4600023F002031343EB62EB6A43F48033EB62A5
:10A47000EB6A43F40033EB62EB6A43F48023EB6254
:10A48000EB6A43F00103EB622B6843F080732B60AF
:10A4900003F0ECFC264D04462B689A013FF516AEFE
:10A4A00003F0E4FC001B0228F6D93BE603F0DEFCD7
:10A4B000801B02289BD935E603F0D8FC04462B68A4
:10A4C0009B017FF503AE03F0D1FC001B0228F6D9F7
:10A4D00028E60129AA6A2B6B3FF40DAE02F00301B6
:10A4E000A06A81427FF407AEC2F30512E16A8A4294
:10A4F0007FF401AE226BC3F30801013A91427FF46D
:10A50000FAAD626BC3F34621013A91427FF4F3AD99
:10A51000A26BC3F30641013A91427FF4ECADE26BCA
:10A52000C3F30663013A93423FF4D0ADE3E500BFC5
:10A5300000440258484B1A6902F03802102A30B51C
:10A5400000F08680182A0CD0002A40F083801A6818
:10A55000424812F0200F03D01B68C3F3C103D84058
:10A5600030BD996A9D6ADA6A15F47C7FC5F30510DF
:10A570005C6BF5D0C4F3CC0402F0010207EE900A44
:10A5800001F003016243B7EE006AF8EEE76A0129C1
:10A5900007EE902AFAEEE97A4CD002293CD0002945
:10A5A00048D11A68920627D519682C4AC1F3C1010F
:10A5B0001B6BCA40C3F3080307EE102AF8EEC75A14
:10A5C00085EEA67A06EE903AF8EEE66A76EEA77A7F
:10A5D00077EE867A204B67EE877A1B6BC3F34623B0
:10A5E000013307EE103AF8EEC76A87EEA67AFCEE62
:10A5F000C77A17EE900AB3E71B6BC3F3080307EEA5
:10A60000103AB8EEC77A77EE277A77EE867A9FED22
:10A61000146A86EE267ADDE71B6BC3F3080307EEA8
:10A62000103AB8EEC77A77EE277A77EE867A9FED02
:10A630000D6AEEE71B6BC3F3080307EE103AB8EEA2
:10A64000C77A77EE277A77EE867A9FED076AE0E79A
:10A65000064885E7064883E7004402580090D00387
:10A660000024744C0024744B0024744A0024F40029
:10A6700000093D002DE9F0410D46044610B90120C6
:10A68000BDE8F081884A136803F00F038B42C0F0E5
:10A69000938023685F0700F19B801E070BD58349D9
:10A6A0006669C86900F07000864204D9CA6922F060
:10A6B00070023243CA61D8060BD57C49A669C869C5
:10A6C00000F4E060864204D9CA6922F4E0623243B1
:10A6D000CA6199060BD57549E669086A00F07000F1
:10A6E000864204D90A6A22F0700232430A629A074B
:10A6F0000BD56E49E668886900F00F00864204D9E0
:10A700008A6922F00F0232438A61DF076ED4236820
:10A710009E0700F1A18064490A6802F00F02AA4274
:10A7200000F2A880580700F1B18019070BD55F49E6
:10A730006569C86900F07000854204D2CA6922F0D8
:10A7400070022A43CA61DA060BD55849A569C8695F
:10A7500000F4E060854204D2CA6922F4E0622A4330
:10A76000CA619B060BD5514AE069116A01F070017C
:10A77000884204D2136A23F0700303431362FFF785
:10A78000D9FE4A494A4A8B69C3F30323D35C03F0D9
:10A790001F03D8408B6903F00F03D35C454A03F0D5
:10A7A0001F0320FA03F31360434B1860434BBDE8CB
:10A7B000F041186803F054BB136823F00F030B43F8
:10A7C0001360136803F00F038B427FF458AF60E708
:10A7D00036492669886900F0700086427FF65DAFD1
:10A7E0008A6922F0700232438A6156E72F4BA168D2
:10A7F0009A6922F470620A439A6162681B68022AAD
:10A800001DD113F4003F3FF43AAF284E41F288388F
:10A81000336923F007031343336103F027FB074633
:10A820003369626803F03803B3EBC20F3FF46FAFD4
:10A8300003F01CFBC01B4045F2D9032020E7032A8C
:10A8400002D113F0007FDEE7012A02D113F4807FEA
:10A85000D9E713F0040FD6E71449E668886900F0D9
:10A860000F008642BFF457AF8A6922F00F023243CD
:10A870008A6150E70A6822F00F022A430A600A68D8
:10A8800002F00F02AA427FF4FAAE4BE707492569AE
:10A89000886900F070008542BFF447AF8A6922F0F2
:10A8A00070022A438A6140E70020005200440258A7
:10A8B000D291050834080024300800242C08002414
:10A8C00010B50C4CFFF736FE0B49A369C3F3032305
:10A8D000CA5CA36902F01F0203F00F0320FA02F220
:10A8E000CB5C03F01F0322FA03F0044B1860044B07
:10A8F0001A6010BD00440258D291050834080024A3
:10A900003008002408B5FFF7DBFF054B054ADB697B
:10A91000C3F30213D35C03F01F03D84008BD00BF8C
:10A9200000440258D291050808B5FFF7C9FF054B4E
:10A93000054ADB69C3F30223D35C03F01F03D8404D
:10A9400008BD00BF00440258D291050838B53F2326
:10A95000044603603A4B1A68510360D54FF4A022B5
:10A9600062601B68364D03F08003E361FEF744FB31
:10A9700041F20303984259D86B68C3F3846323629E
:10A980002B6803F00103E360FEF736FB41F203039B
:10A9900098426B6894BFC3F30533C3F30663236126
:10A9A000274B1A6F520745D50522A2605A6F02F055
:10A9B000010262611A68C2F30032A2611B6813F0DF
:10A9C000807F14BF0223012363621D4B9A6A02F049
:10A9D0000302A2629A6AC2F30512E2621A6BC2F320
:10A9E0000802013222631A6BC2F306620132E2638B
:10A9F0001A6BC2F34622013262631A6BC2F306423B
:10AA00000132A263DA6A02F00C022264DA6AC2F34B
:10AA1000400262645B6BC3F3CC03A36438BD1A6865
:10AA200012F4803218BF4FF4803299E7EB68C3F319
:10AA30000563A4E71A6F12F0010218BF0122B4E700
:10AA4000004402583F230360114B1A6902F00702C9
:10AA500042609A6902F4706282609A6902F00F02A1
:10AA6000C2609A6902F070020261DA6902F0700253
:10AA70004261DA6902F4E06282611B6A03F07003EA
:10AA8000C361044B1B6803F00F030B60704700BFEA
:10AA90000044025800200052F8B53A4C06460D46D4
:10AAA000A36A03F00303032B69D0236823F08063B8
:10AAB000236003F0DBF9074623681A014BD4A36A2D
:10AAC000326823F47C3343EA0233A362B368F2684A
:10AAD000013B013A5B0212049BB202F4FE021343F3
:10AAE0007268013AC2F3080213433269013A12064E
:10AAF00002F0FE421343A363E36A726923F0C003CA
:10AB00001343E362E36AB26923F020031343E36271
:10AB1000E36A23F01003E362E36BF26923F47F43FB
:10AB200023F0F80343EAC203E363E36A43F010034C
:10AB3000E362E36AB5B943F40023E362114C23688E
:10AB400043F08063236003F091F9054623681B01FD
:10AB50000FD5002005E003F089F9C01B0228ABD90E
:10AB60000320F8BD012D0CBF43F4801343F4001300
:10AB7000E3E703F07BF9401B0228E7D9F0E7012067
:10AB8000EFE700BF00440258F8B53A4C06460D46C0
:10AB9000A36A03F00303032B69D0236823F08053D7
:10ABA000236003F063F9074623689A004BD4A36A35
:10ABB000326823F07C7343EA0253A362B368F268FD
:10ABC000013B013A5B0212049BB202F4FE02134302
:10ABD0007268013AC2F3080213433269013A12065D
:10ABE00002F0FE4213432364E36A726923F4406374
:10ABF0001343E362E36AB26923F400731343E3622D
:10AC0000E36A23F48073E362636CF26923F47F43A5
:10AC100023F0F80343EAC2036364E36A43F48073F6
:10AC2000E362E36AB5B943F48003E362114C23683D
:10AC300043F08053236003F019F9054623689B0015
:10AC40000FD5002005E003F011F9C01B0228ABD995
:10AC50000320F8BD012D0CBF43F4000343F08073C3
:10AC6000E3E703F003F9401B0228E7D9F0E70120EE
:10AC7000EFE700BF004402582DE9F8430668054697
:10AC800016F0006609D0836EB3F5001F2ED013D8DE
:10AC9000F3B1B3F5801F21D001262B68DB0540F10D
:10ACA0000281AB6D042B00F2FD80DFE813F024007D
:10ACB0002B00F50029002900B3F5401FECD1B84A5C
:10ACC0000026A96E136D23F440130B431365E4E7CC
:10ACD000B34AD36A43F40033D362F0E7022104306D
:10ACE000FFF7DAFE06460028D7D1E8E70221243034
:10ACF000FFF74AFFF6E7AA4AD36A43F40033D36268
:10AD0000344604E00021281DFFF7C6FE0446002C4F
:10AD100040F0CB80A24AA96D136D23F007030B43CB
:10AD200013652B689F050DD5EB6D802B00F0DA8045
:10AD300000F2BD80002B00F0C980402B00F0CC80D9
:10AD4000012634462B68580510D5D5F8A830B3F540
:10AD5000800F00F0EC8000F2CD80002B00F0DB8053
:10AD6000B3F5001F00F0DD80012634462B6819057D
:10AD700010D5D5F8AC30B3F1007F00F0FD8000F2C3
:10AD8000DE80002B00F0EC80B3F1807F00F0EE80DD
:10AD9000012634462B689A010DD5AB6C202B00F0B0
:10ADA000078100F2F180002B00F0F180102B00F001
:10ADB000F980012634462B68DB040FD52B6EB3F5E2
:10ADC000005F00F0198100F2FB80002B00F0088189
:10ADD000B3F5805F00F00A81012634462B689F049A
:10ADE0000FD56B6EB3F5003F00F0268100F20C81A9
:10ADF000002B00F01281B3F5803F00F0178101268F
:10AE000034462B68580410D5D5F8B030B3F1005F44
:10AE100000F0338100F21881002B00F01E81B3F1A5
:10AE2000805F00F02481012634462B68590114D537
:10AE3000EB6C43B1B3F5807F40F027810121281DE1
:10AE4000FFF72AFE0446002C40F02281544AE96CA8
:10AE5000D36C23F480730B43D3642B681A040DD591
:10AE60002B6FB3F1805F00F01581B3F1005F00F04C
:10AE70001F81002B00F01381012634462B68DB0173
:10AE800040F12C816B6C032B00F26C81DFE813F036
:10AE90001D01180164011D01002105F12400FFF7C7
:10AEA00073FE33E7012634463BE7264639E7C02BDD
:10AEB00003D0B3F5807F7FF443AFCCB9384AE96D56
:10AEC000136D23F4E0730B4313653BE7344AD36AF5
:10AED00043F40033D362F0E70021281DFFF7DCFDC7
:10AEE0000446EAE7002105F12400FFF74DFEF7E7ED
:10AEF000264627E7B3F5C00F03D0B3F5000F7FF464
:10AF000033AFD4B9264AD5F8A810936D23F4600363
:10AF10000B4393652AE7224AD36A43F40033D36292
:10AF2000EFE70021281DFFF7B7FD0446E9E7002100
:10AF300005F12400FFF728FEF7E7264616E7B3F1F0
:10AF4000407F03D0B3F1806F7FF422AFD4B9144AAD
:10AF5000D5F8AC10936D23F0E0630B43936519E7CC
:10AF60000F4AD36A43F40033D362EFE70021281D70
:10AF7000FFF792FD0446E9E7002105F12400FFF701
:10AF800003FEF7E7264605E7302B7FF412AFACB996
:10AF9000034AA96CD36C23F030030B43D3640AE754
:10AFA000004402589B4AD36A43F40033D362EEE76D
:10AFB0000221281DFFF770FD0446E8E72646FAE661
:10AFC000B3F5405F03D0B3F5804F7FF405AFCCB944
:10AFD000904A296E136D23F4E0430B431365FDE69D
:10AFE0008C4AD36A43F40033D362F0E70021281D72
:10AFF000FFF752FD0446EAE7002105F12400FFF7C0
:10B00000C3FDF7E72646E9E623F48032B2F5802F48
:10B0100003D0B3F5403F7FF4F2AE9CB97D4A696E30
:10B02000136D23F4E0230B431365EAE60121281D89
:10B03000FFF732FD0446F0E7012105F12400FFF798
:10B04000A3FDF7E72646DCE623F08052B2F1804FFD
:10B0500003D0B3F1405F7FF4E6AEA4B96D4AD5F8F2
:10B06000B010936D23F0E0430B439365DDE60121BF
:10B07000281DFFF711FD0446EFE7012105F124002B
:10B08000FFF782FDF7E72646CFE601263446E4E6E1
:10B090002646E2E65F4AD36A43F40033D3626CB9D2
:10B0A0005C4A296F136D23F040530B431365E5E6AB
:10B0B0000121281DFFF7F0FC0446F0E72646DDE6F7
:10B0C000544AD36A43F40033D362002C4DD1514A21
:10B0D000696CD36C23F003030B43D3642B685F02CA
:10B0E0004DD54D4F3B6843F480733B6002F0BEFE8C
:10B0F00080463B68D8053AD5002C6CD1454BD5F835
:10B10000B4001A6F424012F4407F0BD01A6F196FCF
:10B1100022F4407241F480311967196F21F48031B3
:10B1200019671A67B0F5807F40D0D5F8B430394937
:10B1300003F44072B2F5407F49D10869374A20F4E0
:10B140007C5002EA131202430A61C3F30B03314A33
:10B15000116F0B43136712E00221281DFFF79CFCBF
:10B160000446B2E701263446B8E72646B6E702F0C1
:10B170007DFEA0EB08006428BBD9032634462B686B
:10B18000DA0708D5EB6F102B3CD026D85BB3082B21
:10B1900032D0012634462B689B074ED5AB6F052B6A
:10B1A00061D8DFE803F0423D5A42424202F05EFEBF
:10B1B000DFF86080074641F28839D8F87030990787
:10B1C000B3D402F053FEC01B4845F6D9D5E70A694F
:10B1D00022F47C52B8E72646D1E723F00802202A61
:10B1E00001D0182BD5D19CB90A4AE96F536D23F0D1
:10B1F00038030B435365CEE70121281DFFF74CFCB4
:10B200000446F0E7012105F12400FFF7BDFCF7E754
:10B210002646C0E70044025800480258CFFFFF000E
:10B220000121281DFFF738FC0446FCB9B74AA96F75
:10B23000536D23F007030B4353652B685F0727D536
:10B24000D5F89430052B00F23A81DFE813F01600B0
:10B2500011003201160016001600012105F124002C
:10B26000FFF792FCE0E701263446E6E72646E4E7EE
:10B270000121281DFFF710FC0446002C40F022811C
:10B28000A24AD5F89410936D23F007030B439365FE
:10B290002B68980610D5D5F89030B3F1005F00F018
:10B2A0002C8100F21181002B00F01781B3F1805F37
:10B2B00000F01D81012634462B68590610D5D5F8BB
:10B2C0009C30B3F5006F00F03C8100F22181002B2F
:10B2D00000F02781B3F5806F00F02D810126344600
:10B2E0002B681A0610D5D5F8A030B3F5804F00F0C2
:10B2F000498100F22E81002B00F03481B3F5005F0C
:10B3000000F03A81012634462B681B0714D5D5F886
:10B310008430B3F5805F07D1022105F12400FFF7E7
:10B3200033FC002818BF0126784AD5F88410536DE5
:10B3300023F440530B4353652B68DF0614D5D5F82F
:10B340009830B3F5807F07D1022105F12400FFF783
:10B350001BFC002818BF01266C4AD5F89810936D85
:10B3600023F440730B4393652B6818031AD5D5F863
:10B37000A410B1F5803F00F00D81B1F5003F06D07B
:10B38000002940F00D81281DFFF786FB0446002CA4
:10B3900040F009815D4AD5F8A410936D23F4403341
:10B3A0000B4393652B6859031CD5D5F88830B3F54A
:10B3B000001F00F0FA80B3F5401F08D0B3F5801FDE
:10B3C00040F0FA80514AD36A43F40033D362002C30
:10B3D00040F0F5804D4AD5F88810536D23F44013A2
:10B3E0000B4353652B68DA0309D52B6D002B00F056
:10B3F000E880B3F5803F00F0F280012634462B68E8
:10B400009B0007D5022105F12400FFF7BDFB0028B2
:10B4100018BF01262B689F030BD5D5F88010B1F516
:10B42000807F00F0F28000F2E280002900F0E580E9
:10B430000126DC0206D53549686F0A6D22F000420C
:10B4400002430A65D80007D53049D5F8B8000A6923
:10B4500022F4804202430A61990206D52B49E86E24
:10B460000A6D22F0807202430A655A0009D5274A04
:10B47000116921F4004111611169D5F8BC00014343
:10B480001161002B06DA2149686DCA6C22F0405226
:10B490000243CA641B0207D51C4AD5F88C10536DB1
:10B4A00023F440030B435365301E18BF0120BDE851
:10B4B000F883012105F12400FFF766FBDCE6012695
:10B4C0003446E5E62646E3E623F08052B2F1804FAB
:10B4D00003D0B3F1405F7FF4EDAEA4B90B4AD5F8C9
:10B4E0009010536D23F0E0430B435365E4E60021D5
:10B4F000281DFFF7D1FA0446EFE7022105F12400E9
:10B50000FFF742FBF7E72646D6E600BF00440258A5
:10B5100023F48062B2F5805F03D0B3F5406F7FF40F
:10B52000DDAEA4B93D4AD5F89C10936D23F4E053E9
:10B530000B439365D4E60021281DFFF7ADFA0446BE
:10B54000EFE7022105F12400FFF71EFBF7E726468F
:10B55000C6E623F40052B2F5004F03D0B3F5C04F56
:10B560007FF4D0AEA4B92D4AD5F8A010936D23F482
:10B5700060430B439365C7E60021281DFFF78CFA53
:10B580000446EFE7022105F12400FFF7FDFAF7E793
:10B590002646B9E6022105F12400FFF7F5FAF5E6A3
:10B5A00001263446FEE62646FCE6012105F124008C
:10B5B000FFF7EAFA04460AE70126344612E7264670
:10B5C00010E7164AD36A43F40033D3626CB9134AC6
:10B5D000296DD36C23F480330B43D3640FE702212E
:10B5E000281DFFF759FA0446F0E7264607E721F43D
:10B5F0008072B2F5007F7FF41BAF64B90748426DDB
:10B6000022F440720A43426513E70448C26A42F4D6
:10B610000032C262F1E726460BE700BF0044025841
:10B6200008B5FFF74DF9054B054A1B6AC3F3021332
:10B63000D35C03F01F03D84008BD00BF004402588C
:10B64000D29105084E4A70B5946A966AD36A16F488
:10B650007C3FC6F30531D56B00F08D8007EE901A64
:10B66000C3F30013C5F3CC0104F00304F8EEE76A5A
:10B670004B43012CB7EE006A07EE903AFAEEE97AF6
:10B680006BD0022C5BD0002C67D113689B0646D58B
:10B690001168936BC1F3C1013A4AC3F30803CA406E
:10B6A00007EE102AF8EEC75A85EEA67A06EE903A13
:10B6B000F8EEE66A76EEA77A77EE867A304A67EE9B
:10B6C000877A936BC3F3462307EE103AB8EEC77A36
:10B6D00037EE067AC7EE876AFCEEE66AC0ED006ACE
:10B6E000936BC3F3064307EE103AB8EEC77A37EE12
:10B6F000067AC7EE876AFCEEE66AC0ED016A936BD4
:10B70000C3F3066307EE103AB8EEC77A37EE066A5F
:10B7100087EE867ABCEEC77A80ED027A70BD936BB5
:10B72000DFED195AC3F3080307EE103AB8EEC77AF3
:10B7300077EE277A77EE867A85EEA67ABEE7936B68
:10B74000DFED125AC3F3080307EE103AB8EEC77ADA
:10B7500077EE277A77EE867AEEE7936BDFED0C5A79
:10B76000C3F3080307EE103AB8EEC77A77EE277AEC
:10B7700077EE867AE0E7C0E900118160CEE700BF8E
:10B78000004402580090D0030024744C0024744BF1
:10B790000024744A4E4A70B5946A966AD36A16F0C9
:10B7A0007C7FC6F30551556C00F08D8007EE901A32
:10B7B000C3F30023C5F3CC0104F00304F8EEE76AF9
:10B7C0004B43012CB7EE006A07EE903AFAEEE97AA5
:10B7D0006BD0022C5BD0002C67D113689B0646D53A
:10B7E0001168136CC1F3C1013A4AC3F30803CA409C
:10B7F00007EE102AF8EEC75A85EEA67A06EE903AC2
:10B80000F8EEE66A76EEA77A77EE867A304A67EE49
:10B81000877A136CC3F3462307EE103AB8EEC77A63
:10B8200037EE067AC7EE876AFCEEE66AC0ED006A7C
:10B83000136CC3F3064307EE103AB8EEC77A37EE3F
:10B84000067AC7EE876AFCEEE66AC0ED016A136C01
:10B85000C3F3066307EE103AB8EEC77A37EE066A0E
:10B8600087EE867ABCEEC77A80ED027A70BD136CE3
:10B87000DFED195AC3F3080307EE103AB8EEC77AA2
:10B8800077EE277A77EE867A85EEA67ABEE7136C96
:10B89000DFED125AC3F3080307EE103AB8EEC77A89
:10B8A00077EE277A77EE867AEEE7136CDFED0C5AA7
:10B8B000C3F3080307EE103AB8EEC77A77EE277A9B
:10B8C00077EE867AE0E7C0E900118160CEE700BF3D
:10B8D000004402580090D0030024744C0024744BA0
:10B8E0000024744A0368503343F82120704770479E
:10B8F000304A0368904212D0B0F1804F0FD0A2F5C9
:10B900007C4290420BD002F58062904207D002F553
:10B910008062904203D002F57842904219D14A6881
:10B9200023F070031343234A90421DD0B0F1804F9F
:10B930001AD0A2F57C42904216D002F58062904265
:10B9400012D002F5806290420ED002F57842904209
:10B950000AD0194A904207D002F58062904203D083
:10B9600002F58062904203D123F44073CA68134306
:10B970004A6923F08003134303608B68C3620B683A
:10B9800083620C4B98420FD003F5806398420BD032
:10B9900003F57053984207D003F58063984203D0B3
:10B9A00003F58063984201D10B690363012343616E
:10B9B000704700BF000001400040014010B5044640
:10B9C00050B390F83D3003F0FF021BB980F83C20E3
:10B9D000FFF78DFF02232068211D84F83D30FFF71B
:10B9E00087FF0123002084F8483084F83E3084F833
:10B9F0003F3084F8403084F8413084F8423084F895
:10BA0000433084F8443084F8453084F8463084F874
:10BA1000473084F83D3010BD0120FCE701F01F01E4
:10BA2000036A10B501248A408C4023EA04030362B0
:10BA3000036A1A43026210BD10B5044629B990F892
:10BA40003E30012B31D0012010BD042907D190F8E0
:10BA50003F30012BF7D1022380F83F3028E008293E
:10BA600007D190F84030012BEDD1022380F840300F
:10BA70001EE00C2907D190F84130012BE3D10223BD
:10BA800080F8413014E0102907D190F84230012BA2
:10BA9000D9D1022380F842300AE090F84330012BDC
:10BAA000D1D1022380F8433002E0022380F83E30F7
:10BAB00001222068FFF7B2FF2368204A934219D081
:10BAC00002F58062934215D002F57052934211D074
:10BAD00002F5806293420DD002F58062934209D054
:10BAE000B3F1804F0ED19968154A0A40062A21D138
:10BAF0000020A9E75A6C42F400425A640F4A93426C
:10BB0000EED1F0E70F4A9342EDD002F58062934206
:10BB1000E9D002F580629342E5D002F57842934283
:10BB2000E1D0A2F56C429342DDD01A6842F00102E6
:10BB30001A60DDE7B2F5803FF7D1D9E70000014098
:10BB4000070001000004004070470000F0B5044603
:10BB50000368C06987B02169A2681D680A436169EA
:10BB60000A43A449024329400A43E1681A605A681B
:10BB700022F440520A43A1695A609F4A93421CBF73
:10BB8000226A11439A6822F06E4222F430620A431C
:10BB9000616A9A60DA6A22F00F020A43DA62974A0F
:10BBA00093421BD1964B5B6D03F03803282B6CD866
:10BBB000944AB0F5004FD35C40F00281082B00F2AC
:10BBC000BF80082B61D8DFE813F0E700EC006000CD
:10BBD0006000EF00600060006000F4008A4A934259
:10BBE00007D1874B5B6D03F00703052B4DD8874AC0
:10BBF000DFE7874A934207D1814B5B6D03F0070370
:10BC0000052B42D8834AD4E7834A934207D17C4B21
:10BC10005B6D03F00703052B37D8804AC9E7804ADC
:10BC2000934207D1764B5B6D03F00703052B2CD8AD
:10BC30007C4ABEE77C4A934207D1714B5B6D03F0AF
:10BC40003803282B21D8794AB3E7794A934207D1A0
:10BC50006B4B5B6D03F00703052B16D8754AA8E7FD
:10BC6000754A934207D1664B5B6D03F00703052BC2
:10BC70000BD8724A9DE7604A934206D102F50E3214
:10BC8000936D03F00703052B01D901200EE06C49E9
:10BC9000CB5C102B23D011D8042B16D0082B19D035
:10BCA000022BF2D1FFF7BCFC10BB00204FF00113B8
:10BCB000A3660023C4E91C3307B0F0BD202B3DD0A0
:10BCC000402BE2D14FF4004012E06846FFF7BAFC87
:10BCD0000198E9E703A8FFF75DFD0498E4E713681E
:10BCE000584813F0200F03D01368C3F3C103D840A2
:10BCF000554B626A656833F8122005EB4501B0FBCD
:10BD0000F2F39942C1D8B3EB053FBED8002300211E
:10BD100004F08CFA2A460F020023060247EA106755
:10BD20006808301847F1000104F080FA474BA0F58D
:10BD300040729A42A9D82368D860B6E74448D7E74A
:10BD4000202B3BD0402B0BD0102B9ED12C4B3D48B1
:10BD50001A6812F0200F03D01B68C3F3C103D84048
:10BD6000616A394B626833F81130B0FBF3F3500865
:10BD700000EB4300B0FBF2F083B24FF6EF72A3F199
:10BD80001001914281D820F00F00C3F342032268D2
:10BD900080B21843D06088E7FEF7B4FD002884D055
:10BDA000DEE7FEF7C1FDF9E76846FFF74BFC0198B7
:10BDB000F4E703A8FFF7EEFC0498EFE72448CFE789
:10BDC000082B47D8082B3FF660AF01A252F823F0AA
:10BDD000A5BE0408B1BE04088BBC04088BBC0408D3
:10BDE000B7BE04088BBC04088BBC04088BBC0408D9
:10BDF000C1BE0408F369FFCF000C005800100140D9
:10BE0000004402588491050800440040AD910508A3
:10BE100000480040AD910508004C0040AD91050878
:10BE200000500040AD9105080014014084910508C0
:10BE300000780040AD910508007C0040AD910508F8
:10BE4000B39105080090D003BA910508FFFC0F00DC
:10BE500000093D00202B38D0402B38D0102B7FF428
:10BE600014AF1D4A136813F0200F1C4B32D010681A
:10BE7000C0F3C10023FA00F0616A194B626833F81D
:10BE80001130B0FBF3F303EB5203B3FBF2F39BB2BD
:10BE90004FF6EF72A3F1100191423FF6F6AE226821
:10BEA000D36002E7FEF72EFD00283FF4FEAEE3E785
:10BEB000FEF73AFDF8E76846FFF7C4FB0198F3E7A1
:10BEC00003A8FFF767FC0498EEE70648D4E74FF4B1
:10BED0000040D1E71846CFE7004402580090D00355
:10BEE000BA91050800093D00836ADA0710B506D546
:10BEF0000168C46A4A6822F4003222434A609C07FF
:10BF000006D50168046B4A6822F4803222434A60F5
:10BF1000590706D50168446B4A6822F480222243FF
:10BF20004A601A0706D50168846B4A6822F4004209
:10BF300022434A60DC0606D50168C46B8A6822F495
:10BF4000805222438A60990606D50168046C8A688B
:10BF500022F4005222438A605A0610D50168446CCC
:10BF60004A68B4F5801F22F4801242EA04024A6053
:10BF700005D14A68846C22F4C00222434A601B0641
:10BF800006D50268C16C536823F400230B43536049
:10BF900010BD2DE9F041DDF8188004460E46154627
:10BFA0001F462268D36936EA03030CBF012300232E
:10BFB000AB4201D000201CE0B8F1FF3FF2D001F00D
:10BFC00055FFC01B40452068036802D8B8F1000F38
:10BFD00011D123F4D0730360836823F001038360DD
:10BFE0002023C4F88430C4F888300023032084F868
:10BFF0008030BDE8F0815A07D3D5C3691B05D0D581
:10C000004FF400630362036823F4D0730360836812
:10C0100023F0010383602023C4F88430C4F88830FF
:10C02000C4F88C30E1E730B50025044685B0C0F88F
:10C030008C5001F01BFF226803461268110717D4C9
:10C0400022681268520709D56FF07E424FF48001D2
:10C05000204600920022FFF79CFFB0B92023002069
:10C06000C4F8843084F88000C4F88830E0660DE0BD
:10C070006FF07E4203904FF40011204600922A4652
:10C08000FFF787FF039B0028DAD0032005B030BDFF
:10C0900010B5044650B3D0F884301BB980F8803016
:10C0A000FFF752FD226824232046C4F88430136829
:10C0B00023F001031360FFF749FD012816D0A36A9E
:10C0C00013B12046FFF710FF236820465A6822F478
:10C0D00090425A609A6822F02A029A601A6842F0E6
:10C0E0000102BDE810401A60FFF79DBF012010BD9E
:10C0F00090F88030012B09D00268136843F00203E6
:10C100001360002380F88030184670470220704783
:10C1100090F88030012B09D00268136823F00203E5
:10C120001360002380F88030184670470220704763
:10C130000A4B013B0FD00269002AFADA0369074A69
:10C1400043F001030361013A05D0036913F00103D1
:10C15000F9D1184670470320704700BF410D030016
:10C1600084B038B505AD044685E80E000A9B012B66
:10C170002FD1836B23F480338363C36823F4840358
:10C1800023F04003C360C36823F44013C360119BD2
:10C19000012B03D1C36843F48013C3602046FFF72B
:10C1A000C7FF089B012B10D1E36D9BB2E365E36DE4
:10C1B00043F07B7343F40033E365A36843F0060365
:10C1C000A360A36843F02003A360BDE8384004B037
:10C1D0007047C36843F04003C360FFF7A9FF0E9B9D
:10C1E00023B9A36B43F48033A363DAE7A36B23F48F
:10C1F0008033F9E7022A4AD1274B284A0B4493425D
:10C2000039D9274B274A0B44934236D9A1F57403F9
:10C21000254AA3F51053934231D9A1F18373234AE0
:10C22000A3F5E74393422CD3214B224A0B4493427C
:10C2300029D9214B214A0B44934226D3204B214A32
:10C240000B44934223D3A1F1B7731F4AA3F558536C
:10C2500093421ED31D4B1E4A0B44934234BF072307
:10C260000623C26822F47052C260C26842EA832385
:10C27000C360002070470F23F3E70E23F1E70D237F
:10C28000EFE70C23EDE70B23EBE70A23E9E70923AC
:10C29000E7E70823E5E700BF405327FFFF340C0022
:10C2A000401E1BFF3F420F007F4F120020D613009D
:10C2B00060B6E5FE5FE3160000D3CEFE40771B00BC
:10C2C000C05BB3FEC091210020753800E05459FED8
:10C2D000E09C4100836843F00103836000207047C5
:10C2E000836823F0010383600020704708B5C368AA
:10C2F000012923F0C043C36008D1C36843F0005351
:10C30000C3603220FCF766FE002008BD19B9C3687F
:10C3100043F08043F4E70120F7E700008901074A72
:10C3200041F020010161013A05D0036913F02003B7
:10C33000F9D1184670470320704700BF410D030034
:10C340001023064A0361013A05D0036913F0100374
:10C35000F9D1184670470320704700BF410D030014
:10C36000D0F800381943C0F80018002070470000CA
:10C3700084B02DE9F843044609A80E4680E80E0073
:10C380000023139D194603F14002013304EB82029E
:10C390000F2B5160F7D104F50067002D6CD17B683D
:10C3A00043F002037B60A36B23F40013A3632368B1
:10C3B00043F040032360236843F08003236000239D
:10C3C000C4F8003ED4F80038C4F800380E9B012BA6
:10C3D00059D10B99002954D120464FF67F38FFF7E9
:10C3E000BFFF10212046FFF799FF01462046FFF7C7
:10C3F000A7FF0843002304F51062C0B24FF0904C31
:10C4000019464FF0006E00383B617B6118BF012078
:10C41000FB61B34239D1002204F530634FF0904CF8
:10C420004FF0006E11464FF67F38B24240D13B6963
:10C4300023F480733B610023A3616FF08043636149
:10C440000C9B1BB9A36943F01003A361A269224BA3
:10C450001343A3610F9B1BB1A36943F00803A361BE
:10C46000012D05D1A36943F0804343F00403A36188
:10C47000BDE8F84304B07047A36B43F40013A36313
:10C480009DE71946A8E70321A6E7D2F80090B9F185
:10C49000000F0BDA3BB9C2F800E011610133C2F8BA
:10C4A00008802032B5E7C2F800C0F6E71160F4E773
:10C4B000D3F80090B9F1000F0BDA3AB9C3F800E0F5
:10C4C00019610132C3F808802033AEE7C3F800C019
:10C4D000F6E71960F4E700BF00383C80D0F8083870
:10C4E00013F0060004D013F0020F14BF02200F2037
:10C4F000704730B50D78012400F5006205F00F0398
:10C5000000EB45109C404B78012BD36918D11C439C
:10C51000D461D0F800391A0410D48A68D0F80049E0
:10C52000C2F30A03CA78234343EA824343EA8553AA
:10C5300043F0805343F40043C0F80039002030BD7D
:10C5400043EA0444D461D0F8003B1B04F6D48B6862
:10C55000D0F8002BC3F30A031343CA7843EA82439B
:10C5600043F0805343F40043C0F8003BE6E700008B
:10C5700010B50A78497800EB421300F500600129F4
:10C5800002F00F0222D1D3F8001900290BDAD3F8F8
:10C59000001941F00061C3F80019D3F8001941F007
:10C5A0008041C3F800190121C46B01FA02F224EAA8
:10C5B0000204C463C16921EA0202C261154AD3F8C8
:10C5C00000190A40C3F80029002010BDD3F8001B51
:10C5D00000290BDAD3F8001B41F00061C3F8001BFF
:10C5E000D3F8001B41F08041C3F8001B4FF48031A9
:10C5F000C46B01FA02F224EA0204C463C16921EAAD
:10C600000202C261044AD3F8001B0A40C3F8002B9F
:10C61000DAE700BF007833EC0078F3EF4B78DFF80F
:10C62000ECC0012BF0B50E784D6900EB4614364F87
:10C6300046D104F51063BDB91D692F401F611D6906
:10C6400045F400251D611D6905EA0C05012A1D61DF
:10C6500023D10A6902B15A61D4F8003943F0044386
:10C66000C4F800390020F0BDD3F810E00EEA0C0C3D
:10C67000C3F810C0D3F810C00CEA07071F618F6819
:10C68000AF421D6945F4002538BF4F611D614D69FA
:10C690001F69C5F312053D43D8E7D4F8003943F0CC
:10C6A0000443C4F800394B69002BDBD006F00F06B9
:10C6B0000123D0F83428B3401343C0F83438D1E70D
:10C6C000D4F8100B04F5306300EA0C001861186907
:10C6D00038401861886805B148611D69C0F31200CF
:10C6E000012A45F400251D611D6940EA0500186115
:10C6F00002D1CA6802B15A61D4F8003B43F0044346
:10C70000C4F8003BAEE700BFFFFF07E00000F8FF02
:10C7100010B59DF8084044B9033301329B0800EB83
:10C72000023001EB83038B4201D1002010BD51F890
:10C73000042B0260F7E700002DE9F3414D780F78F4
:10C74000012D4B6900EB4714CE78DFF8B8C1DFF854
:10C75000B8E140F08E8004F51065D5F810806BBB11
:10C7600008EA0C0CC5F810C0D5F810C04CF4002C29
:10C77000C5F810C0D5F810C00CEA0E0EC5F810E0D0
:10C78000012A4ED10B6903B16B61012E0CD1D0F897
:10C79000083813F4807FD4F800390CBF43F00053FD
:10C7A00043F08053C4F80039D4F8003943F004430F
:10C7B000C4F80039002002B0BDE8F08108EA0E0E8E
:10C7C000012EC5F810E0D5F810E00EEA0C0CD1F8F7
:10C7D00008E0C5F810C00EEB030CD5F810800CF182
:10C7E000FF3CBCFBFEFEDFF824C10CEACE4C4CEA59
:10C7F000080CC5F810C0C3F3120CD5F810E04CEAD1
:10C800000E0CC5F810C0BBD1D5F810C02CF0C04C30
:10C81000C5F810C0D5F810C04CF0005CC5F810C0C9
:10C82000AEE7D4F80059012E45F00445C4F800598C
:10C830000BD0002BBED007F00F020127D0F8343800
:10C8400097401F43C0F83478B4E7D0F808589BB23B
:10C8500015F4807FD4F800590CBF45F0005545F021
:10C860008055C4F8005900923A46C968FFF750FF56
:10C87000A0E7D4F8105B04F5306705EA0E053D61CA
:10C880003D6905EA0C053D618D681BBB3B69C5F33D
:10C8900012051D433D613B6943F40023012A3B61BE
:10C8A00002D1CB6803B17B61012E0CD1D0F80838DE
:10C8B00013F4807FD4F8003B0CBF43F0005343F0E7
:10C8C0008053C4F8003BD4F8003B43F00443C4F861
:10C8D000003B6FE72B44DFF834C0D7F810E0013B92
:10C8E000B3FBF5F30CEAC34C9BB24CEA0E0C6B4362
:10C8F000C7F810C0D7F810C0C3F3120343EA0C0303
:10C90000CCE700BFFFFF07E00000F8FF0000F81FC2
:10C9100070B50023940800F5805502F00302A3428D
:10C9200014D301EB84017AB100F580500023046830
:10C93000D80024FA00F0C854013398B28242F7D1EB
:10C94000013A92B201321144084670BD2E6841F896
:10C9500023600133E3E74A780B78012A00EB4310A8
:10C9600012D1D0F80029002A06DB2BB1D0F800390B
:10C9700023F08043C0F80039D0F8003943F40013A5
:10C98000C0F8003900207047D0F8002B002A06DBE1
:10C990002BB1D0F8003B23F08043C0F8003BD0F827
:10C9A000003B43F40013C0F8003BEBE70B784A78F8
:10C9B00000EB4310CB78012AA3F10203DBB20FD1C5
:10C9C000D0F80029012B22F40012C0F8002905D864
:10C9D000D0F8003943F08053C0F800390020704788
:10C9E000D0F8002B012B22F40012C0F8002BF5D850
:10C9F000D0F8003B43F08053C0F8003BEEE710B5A1
:10CA000000F51063044600F52E614FF67F329A6000
:10CA10002033C3F8E8218B42F9D100222046C4F824
:10CA20001028C4F81428C4F81C28FFF789FC28B97A
:10CA300020461021BDE81040FFF770BC10BDD0F8B3
:10CA40000038090123F4FE6301F4FE61C0F80038E8
:10CA5000D0F800381943C0F8001800207047D0F80B
:10CA6000003E23F00303C0F8003ED0F8043823F062
:10CA70000203C0F8043800207047D0F8003E23F0CD
:10CA80000303C0F8003ED0F8043843F00203C0F8B6
:10CA90000438002070474269806910407047D0F820
:10CAA000183800F50060C0691840000C7047D0F8D5
:10CAB000183800F50060C069184080B2704700EB7C
:10CAC000411100F50060D1F8082B40691040704713
:10CAD00010B5D0F81048D0F8343800EB411001F010
:10CAE0000F0100F51060CB408068DB01DBB223430F
:10CAF000184010BD406900F001007047D0F80039BF
:10CB000023F4FF6323F00703C0F80039D0F804389A
:10CB100043F48073C0F804380020704730B5056CCA
:10CB200000F530630F4CA54203D9D0F8004B002C20
:10CB300016DB002401291C611C6944F400241C61DB
:10CB40001C6944F018041C611C6944F0C0441C6159
:10CB500006D15A61D0F8003B43F08023C0F8003B77
:10CB6000002030BD0A30544F2B4BD3F8882042F4BC
:10CB70007002C3F888201A6942F010021A61274A2D
:10CB8000136803F00F03062B05D8136823F00F0377
:10CB900043F007031360224B1A6842F001021A6047
:10CBA00000221A611F4A19680A401C491A600A6863
:10CBB000120705D50A6822F00F0242F007020A6048
:10CBC000002219499A61DA611A6299621749D96299
:10CBD000174919635A639963DA6319645A641968C7
:10CBE00021F4802119601A66124A536A43F4804383
:10CBF0005362114B1B681B0C1B04B3F1005F02D284
:10CC00000E4B01221A600E4B43F2D2021A600D4AFB
:10CC1000014B9A60704700BF00ED00E00020005219
:10CC2000004402587FEDF6EA000202020000FF0114
:10CC300080020101C00000580010005C0881005112
:10CC40000040005200000408494A1369114603F0ED
:10CC50003803102B30B500F0878006D8002B5FD04A
:10CC6000082B00F083800A685BE0182BFBD1906AE8
:10CC7000956AD16A15F47C7FC5F30513546B3BD0DC
:10CC800007EE903AC4F3CC0401F0010300F0030076
:10CC9000F8EEE76A63430128F7EE005A07EE903A90
:10CCA000FAEEE97A42D0022850D01168314BC1F334
:10CCB000C101126BCB40C2F3080207EE103AB8EE86
:10CCC000C76A86EE267A06EE902AF8EEE66A76EED7
:10CCD000A77A77EEA57A264B67EE877A1B6BC3F3AC
:10CCE0004623013307EE103AF8EEC76A87EEA67ABC
:10CCF000FCEEC77A17EE903A1D481F498269C2F3CD
:10CD000003228A5CD340826902F00F028A5C1B49CD
:10CD100002F01F0223FA02F20A60194A136030BDC2
:10CD20001268C2F3C102134BD340E5E7136B9FEDCA
:10CD3000156AC3F3080307EE103AB8EEC77A77EE28
:10CD4000277A77EEA57A86EE267AC4E7136B9FEDF5
:10CD50000E6AC3F3080307EE103AB8EEC77A77EE0F
:10CD6000277A77EEA57AEEE7084BC5E7084BC3E7CD
:10CD7000004402580090D003D291050834080024E2
:10CD8000300800240024744A0024744B0024F4006A
:10CD900000093D00431D052B96BF044A044B52F881
:10CDA0002330044A10601846704700BFE49105081C
:10CDB00002000E06142D002408B530B10068F6F705
:10CDC000B7FDBDE80840FFF7E5BF014808BD00BF5B
:10CDD00005000E061F4B204A10B55C6B14F0330F94
:10CDE00014600AD01D4A14604FF0FF329A6301218B
:10CDF0001B48BDE81040FFF7DFBF14F0C00F0CD098
:10CE00005B69190506D512680121144B14481A6094
:10CE1000FFF7D2FF0F4BC0229A6362020AD50D4B77
:10CE20004FF480024FF480719A630E4B0E4A1B68D8
:10CE300010689847E3050BD5064B4FF480724FF40A
:10CE400000619A6300229A62D9621A65DA60CEE7BD
:10CE500010BD00BF00700052182D0024202D0024AA
:10CE6000242D00241C2D0024282D002430B5CFB003
:10CE700020220021044603A805F032FF1C220021D5
:10CE80000DA805F02DFFC02200211EA805F028FFE7
:10CE900000230193364BDA6A22F00102DA62DB6A80
:10CEA00003F001030193334B9A6942F440429A61C3
:10CEB0009A6902F440420192019A9A699004FCD561
:10CEC0002123002C4FF078024FF001040B9314BF84
:10CED0004FF4A0234FF4803308250BA811940C9332
:10CEE00002231B951693CDE917231022CDE91433A5
:10CEF000CDE919230023CDE91C33FDF783F810B1E8
:10CF000000204FB030BD3F2103234FF48062CDE9B4
:10CF1000031340230421CDE9050503A807930A93D1
:10CF2000CDE90832FDF7A6FB0028E9D14FF48023B4
:10CF30001EA81E934FF440134093FDF79DFE00285A
:10CF4000DED1FDF757F80C4B1A6842F080021A60E8
:10CF5000D3F8F42042F00202C3F8F420D3F8F430FE
:10CF600003F002030293029BFCF75EF82046C8E739
:10CF700000040058004802580044025870B50023CD
:10CF8000CEB00193384BDA6A22F00102DA62DB6A32
:10CF900003F001030193354B9A6942F440429A61D0
:10CFA0009A6902F440420192019A9A699004FCD570
:10CFB00033230124802278210B9300230826402567
:10CFC0000C930BA81C930E940F95CDE911420222ED
:10CFD000CDE914230C231892CDE916611B9310217F
:10CFE0002023CDE919121393FDF70CF810B100209E
:10CFF0004EB070BD3F210323CDE903134FF480638E
:10D000000421CDE9050603A8CDE90755CDE9093589
:10D01000FDF730FB01460028E9D1BC221FA805F02E
:10D020005FFE4FF480231EA81E934FF440134093DD
:10D03000FDF722FE0028DAD1FCF7DCFF0C4B1A6862
:10D0400042F080021A60D3F8F42042F00202C3F8E2
:10D05000F420D3F8F43003F002030293029BFBF7B1
:10D06000E3FF2046C4E700BF000400580048025810
:10D070000044025810B5002088B0FFF7F7FE28B929
:10D08000FFF77CFF10B91E48FAF704FF03231D4C7D
:10D0900003A91D4804930023CDE9053307934FF4FA
:10D0A00000530393D4F8E03043F00803C4F8E030B1
:10D0B000D4F8E03003F008030193019BFCF72CF84F
:10D0C000D4F8E03003A9114823F00803C4F8E03095
:10D0D00080230393D4F8E03043F02003C4F8E03019
:10D0E000D4F8E03003F020030293029BFCF714F81D
:10D0F000D4F8E03023F02003C4F8E03008B010BDCD
:10D100003496050800440258000C025800140258D6
:10D11000FCF7EAB8DFF830D0FFF726FD002103E086
:10D120000A4B5B584350043109480A4B42189A4253
:10D13000F6D3094A02E0002342F8043B074B9A4227
:10D14000F9D3F3F7C9F8704700000824ACA7050825
:10D15000000000242812002440120024B8B9002442
:10D16000FEE7000070B501F0BFFC041E32DB1A4E72
:10D1700056F8240000282DD09023184D6343EB5817
:10D18000DA69110609D5DA69120606D51B681B068D
:10D1900003D5134B01211B68984790236343EB5839
:10D1A000DA6991060BD5DA69920608D51B689806EC
:10D1B00005D50B4B002156F824001B68984790209A
:10D1C00044432B59DA69110704D5DA69120701D5EE
:10D1D00008221A6270BD00BF302D0024A8B20024BE
:10D1E0002C2D00240148FFF7BDBF00BF000C0058E4
:10D1F0000148FFF7B7BF00BF007C00400148FFF7C0
:10D20000B1BF00BF007800400148FFF7ABBF00BFCF
:10D21000001401400148FFF7A5BF00BF00500040C7
:10D220000148FFF79FBF00BF004C00400148FFF7D7
:10D2300099BF00BF004800400148FFF793BF00BFFF
:10D24000004400400148FFF78DBF00BF00100140BF
:10D25000034B19604168034B43F82120704700BF1E
:10D260002C2D0024302D002430B5D0E900353F4866
:10D27000834253D031D8A0F53050834248D026D8CD
:10D28000A0F5006083423DD000F5806083423CD031
:10D290000020034690246C43354D2C59002A46D07B
:10D2A0002268002940D142F02002226003F11001DF
:10D2B000304A926842F82100BFF34F8F590903F0BA
:10D2C0001F02012393402C4A42F8213030BD2B48E5
:10D2D0008342DDD12A483523DCE72A4883421AD02D
:10D2E0000AD8A0F5184083421BD000F514408342B1
:10D2F000CED125482523CDE724488342C8D12448F0
:10D300008E23C7E723482623C4E723482723C1E702
:10D3100022483423BEE722484723BBE72148522353
:10D32000B8E721485323B5E742F08002BDE7226801
:10D33000A1B922F020022260226812F0800FC5D12C
:10D3400003F01F015A09012320328B400A4941F89A
:10D350002230BFF34F8FBFF36F8FB7E722F0800209
:10D360002260226812F0200FE9E700BF0078004039
:10D37000A8B2002400ED00E000E100E00050004011
:10D3800015D204080014014045D20408000C0058CE
:10D39000E5D1040839D204082DD2040821D20408AA
:10D3A00009D20408FDD10408F1D10408F8B5466893
:10D3B0009023174C054603FB06439A68B2F5805F3D
:10D3C00015D11A69B2B940F2FF12A3F86020902279
:10D3D00002FB0642B2F86070284601F081FA00288C
:10D3E000FAD090237343E358586A3840F8BD1AB90D
:10D3F0001A6932B9FF22E8E7B2F1805F05D11A69F4
:10D400000AB97F22E1E73F22DFE70022DDE700BF24
:10D41000A8B2002470B505460C464668284601F0BF
:10D420006FFA0028FAD09023034AC4F30804734328
:10D43000D3589C6270BD00BFA8B200242DE9F84308
:10D440001E4604460F4610462F491546F9F73AFB8B
:10D4500081462E493046F9F735FB2168804648461B
:10D46000F9F70CFB013005D140F2ED22284929489B
:10D47000FAF7AEFA21684046F9F700FB0130F3D025
:10D480002FB9E7612046BDE8F84301F045BA012F06
:10D4900009D0022F16D0032FF4D1B9F1FF3F22D1CA
:10D4A00040F2073204E0B9F1FF3F04D140F2F72225
:10D4B00017491948DCE74FF480732584E36112496A
:10D4C00028460DE0B8F1FF3F04D140F2FF22104999
:10D4D0001248CDE74FF400730C4930466684E3618F
:10D4E000F9F7A8FACEE7B8F1FF3F02D14FF4427244
:10D4F000EDE74FF44073054930462584E3616684C7
:10D50000F9F798FADBE700BFB0920508FC9105082F
:10D5100074960508D8870508849605089D96050821
:10D520007047704701207047012303727047002342
:10D530000372704700487047C8970508402070473D
:10D540000368802110B504469B6D9847002123682D
:10D5500020469B6DBDE81040184710B5044640F2C8
:10D560002441FBF78BF9204610BD10B50446302A44
:10D57000084604F5787428BF3022214605F0B2FA37
:10D58000204630220021BDE8104005F0A9BB002153
:10D590001C3000F8131CFCF7B2BB4A0002F01E025C
:10D5A00042EAD11303445A7A012A04D100221C30E2
:10D5B0005A72FCF7A4BB00207047000010B5046E3F
:10D5C000944205D24FF4157206490748FAF700FA5B
:10D5D00003689C6E13460A468021A446BDE81040AD
:10D5E000604700BFD3960508E496050808B51C30CF
:10D5F000FCF732FB28B140F2752202490248FAF7E3
:10D60000E7F908BDD39605080497050808B51C304E
:10D61000FCF722FB28B14FF42B7202490248FAF7BB
:10D62000D7F908BDD39605080497050808B51C303E
:10D63000FCF7C6FA28B14FF4057202490248FAF71E
:10D64000C7F908BDD396050804970508402A00F1DC
:10D650001C0008B54FF0020300F8133C134628BF26
:10D6600040230A460021FCF726FB022805D14FF48F
:10D67000127202490248FAF7ABF908BDD3960508C1
:10D68000129705081C3008B5FCF715FB022805D1D8
:10D6900040F28A2202490348FAF79AF9012008BDAC
:10D6A000D3960508129705081C3008B5FCF74FFB08
:10D6B000022805D14FF41F7202490348FAF788F98E
:10D6C00008BD00BFD3960508129705081C3008B5A1
:10D6D000FCF775FB022805D140F28322024903487A
:10D6E000FAF776F908BD00BFD3960508129705082A
:10D6F00038B54D0005F01E0545EAD1140225044455
:10D700001C306572FCF703FBA84205D14FF4287268
:10D7100003490448FAF75CF9B0FA80F0400938BDD3
:10D72000D39605081297050808B51C30FBF732FFA1
:10D7300028B14FF4F77205490548FAF749F942F262
:10D740001070BDE80840FBF7E5B900BFD3960508A7
:10D750000497050810B5044654F81C0FFFF78DF91F
:10D7600042F21070FBF7D6F92046FBF732FF28B1E2
:10D770004FF4FD7202490348FAF72AF910BD00BFC1
:10D78000D396050804970508F7B5454B20220446B3
:10D790000D46C3F88C20BFF34F8FBFF36F8F4368E4
:10D7A0000BB9FAF7E3FC65600025102204F10900CB
:10D7B0002946257205F094FA3022294604F1240006
:10D7C00005F08EFA0823374D012223624023364E9E
:10D7D0002363364BE3610223C4E90D32A362D5F81B
:10D7E000D82042F00062C5F8D820D5F8D82002F041
:10D7F00000620092009AD5F8002122F08052C5F80C
:10D8000000212B4A1460B6F90000431C04D0B16813
:10D810000C3600F033FEF6E7D5F8F43004F11C06C0
:10D8200043F002033046C5F8F430D5F8F430C4F8BC
:10D83000204403F002030193019B002384F8D933B1
:10D84000FBF709FE054628B14FF4C27219491A4880
:10D85000FAF7BEF8E069FEF73DFD184F3046FBF7DA
:10D8600099FE8E213046FCF719FB57F8042BE9B2DC
:10D87000013530460432C2F38F02FCF7EFFA062D71
:10D88000F3D10F4B0F4A9B68C3F8D421BFF34F8FDE
:10D89000034B102283F865232022DA6003B0F0BD29
:10D8A00000E100E00044025810960508000008401E
:10D8B000602D0024D39605080497050834970508C1
:10D8C00000ED00E0E9D8040808B5054B18681C30E5
:10D8D000FBF7A6FE034B2022C3F88C21DA6008BDBB
:10D8E000602D002400E100E0064B2022C3F88C20CC
:10D8F000BFF34F8FBFF36F8F034B1B6858680368EC
:10D90000DB6A184700E100E0602D002410B50446F2
:10D910001C30FBF72AFE28B14FF4E57209490A488A
:10D92000FAF756F8094B2022C3F88C20BFF34F8F2B
:10D93000BFF36F8F63680BB1FAF72EFC00236360AF
:10D9400010BD00BFD39605080497050800E100E06C
:10D95000036819B9986A000C800070473F3103EBE7
:10D9600081014868F7E7000037B50C4600F11C0557
:10D9700021060ED504F07F0128460193FFF7E8FF4A
:10D980009042019B05D240F269220A490A48FAF7FF
:10D990001FF892B221462846FCF726F9022804D146
:10D9A00040F26E2203490548F1E7B0FA80F04009E1
:10D9B00003B030BDD39605082297050812970508D5
:10D9C000D0F804341A7A4AB15A6803681046D3F87A
:10D9D00008181368C1F30D211B6A184770474B00E4
:10D9E000D0F8040403F01E0343EAD11310B4034437
:10D9F00001245C724068036819B15B6A5DF8044BEE
:10DA000018471B695DF8044B184741F08002D0F8B5
:10DA10000404530003F01E0343F0010310B4034455
:10DA200001245C724068036821B19B6A11465DF86D
:10DA3000044B18475B695DF8044B1847D0F8043471
:10DA400058680368DB681847D0F804340121586827
:10DA50000368DB691847D0F804340021586803686C
:10DA6000DB69184770472DE9F341D0F804540026CC
:10DA700004462F46B046C6F3470187F80980204682
:10DA800002370191FCF7E8F801992046FCF7CDF93F
:10DA9000711C87F808802046C1F34701023641F027
:10DAA00080010191FCF7D8F801992046FCF7BDF9F7
:10DAB000102EE0D12B684022802128461C6D0023C7
:10DAC000A0472B68402228461C6D00231946A0471A
:10DAD000686803689B6802B0BDE8F0411847000021
:10DAE00070B50D4E3478BFF35B8F14F0010410D184
:10DAF0003046FAF74DFC60B1084D3046084B2C72A9
:10DB0000C5E90034FAF766FC064A07492846FAF7E1
:10DB10002FFC024870BD00BF5C2D0024642D002442
:10DB2000549705080000002423D50408436D70B500
:10DB30009E0504460D460FD5036D98050CD54FF490
:10DB400000730022012123652A4B1A612A4B2B4ABC
:10DB50001B6852F825009847636DD9070DD5236DD2
:10DB6000DA070AD501230021244A2365214B52F804
:10DB700025001961204B1B689847636DDB010FD5A9
:10DB8000236DDE010CD54FF0807300220221236546
:10DB9000184B1A61184B194A1B6852F82500984710
:10DBA000636D18020FD5236D19020CD54FF40003D5
:10DBB0000022052123650F4B1A610F4B0F4A1B688A
:10DBC00052F825009847636D9A0111D5236D9B018A
:10DBD0000ED54FF00073002207212365054B1A6113
:10DBE000054B064A1B6852F82500BDE870401847EF
:10DBF00070BD00BF00A8004090310024883100248F
:10DC000000210148FFF792BF00A00040FFF7F8BFD6
:10DC100001210148FFF78ABF00A40040FFF7F8BFC9
:10DC200000B5564B8DB00A2800F2A480DFE800F062
:10DC300006162432404E5C6A78869400D3F8E020C1
:10DC40004F4842F00102C3F8E020D3F8E03003F07F
:10DC500001030193019B0DB05DF804FBD3F8E020B4
:10DC6000484842F00202C3F8E020D3F8E03003F065
:10DC700002030293029BEEE7D3F8E020424842F011
:10DC80000402C3F8E020D3F8E03003F00403039368
:10DC9000039BE0E7D3F8E0203C4842F00802C3F8D9
:10DCA000E020D3F8E03003F008030493049BD2E7AC
:10DCB000D3F8E020364842F01002C3F8E020D3F851
:10DCC000E03003F010030593059BC4E7D3F8E02090
:10DCD000304842F02002C3F8E020D3F8E03003F0EF
:10DCE00020030693069BB6E7D3F8E0202A4842F0CB
:10DCF0004002C3F8E020D3F8E03003F0400307937C
:10DD0000079BA8E7D3F8E020244842F08002C3F83C
:10DD1000E020D3F8E03003F080030893089B9AE7F3
:10DD2000D3F8E0201E4842F48072C3F8E020D3F814
:10DD3000E03003F480730993099B8CE7D3F8E0206B
:10DD4000184842F40072C3F8E020D3F8E03003F43E
:10DD500000730A930A9B7EE7D3F8E020124842F44E
:10DD60008062C3F8E020D3F8E03003F480630B93C3
:10DD70000B9B70E70D48FAF78DF800BF004402587E
:10DD8000000002580004025800080258000C025813
:10DD9000001002580014025800180258001C0258C3
:10DDA0000020025800240258002802580C98050848
:10DDB000431C10B5044604D1772206490648F9F7FA
:10DDC00007FE4FF4707104F00F0400F057FB0120C0
:10DDD000A04010BD4A980508559805084B1C70B521
:10DDE00004460E46018216D0C1F30310FFF718FF58
:10DDF00005463046FFF7DCFF238A074A03F00F038E
:10DE00006561206052F82330A36105F110031835D5
:10DE10006360C4E9025570BD18990508B0F9100097
:10DE200000F0E4BB10B50C4B0C4CD4F894209A4293
:10DE3000FBD1D0E90542524302EB4203DB4339B93F
:10DE40002268134023604FF44072044B5A6110BDA6
:10DE500021680B401343F5E700030080006402587B
:10DE600008B501F0C9F8002008BD000010B5F9F7A9
:10DE7000A7FE134B1348144A596A146803881160AB
:10DE80001B1B0B440146B3F5803F16D34FF47A7148
:10DE9000B3FBF1F201FB1233038006E00132A3F57C
:10DEA0007A73B3F57A7FF9D20B80084C23681A4451
:10DEB0002260F9F79BFE206810BD0022F1E700BF49
:10DEC000000C004094310024983100249C3100243F
:10DED000044B054A1878054B002814BF1046184615
:10DEE000704700BF38080024B8980508C098050896
:10DEF000024BD869DA698242FBD17047002C005886
:10DF000008B5F9F75DFE084B01221A700022074B95
:10DF10001A704FF48052064BC3F810211A61BDE805
:10DF20000840F9F763BE00BFA5310024AC310024DE
:10DF300000E100E010B5F9F743FE134B1A7842B93F
:10DF4000124A126811680907FCD5082151600122A4
:10DF50001A700F4C23781BB1FAF71EF900232370B7
:10DF600000230C4A13700C4A13704FF480520B4B71
:10DF7000C3F89020BFF34F8FBFF36F8FBDE8104001
:10DF8000C3F89021F9F732BEA6310024D8B8002496
:10DF9000AE310024AC310024A531002400E100E0C2
:10DFA0005D4B70B51C68C4B01CB1FFF7C3FF44B033
:10DFB00070BD0125C022214614A8584E1D6004F0F2
:10DFC0008FFE4C22214601A804F08AFE33782BB341
:10DFD000042303950A940193802314934FF4C043C0
:10DFE0003C934F494F4BD1F88C209A42FBD101A86A
:10DFF000FCF708F8D8B10023082201A833700A936F
:10E0000080230192012214934FF4004306923C9323
:10E01000FBF7F8FF58B14448F9F73CFF08220A9390
:10E0200080230695019214934FF40043D8E714A877
:10E03000FCF722FE054608B13C48EDE73C4B4FF4A7
:10E04000803134203B4CD3F8F4204FF6FF7642F475
:10E050000062C3F8F420D3F8F42002F400620092C6
:10E06000009AD3F89C2042F40062C3F89C20D3F8B5
:10E070009C2022F40062C3F89C20D3F8A82042F42C
:10E080000062C3F8A8200122FAF7D6FF2A464FF40F
:10E0900080313420FAF7F9FF214B4FF440722046CB
:10E0A000DA60A3F50E3384F8365023604FF48023F2
:10E0B000E5612563C4E90155C4E90355C4E9085580
:10E0C000C4E90A55C4E90563FBF736F9054608B10A
:10E0D0001948A1E7194B1A4A9B68C3F87022BFF38D
:10E0E0004F8F2368314620469A6842F001029A60B9
:10E0F0009A6842F008029A60FBF784F923680822C4
:10E100005A605D611A681207FCD508225A60012224
:10E110000C4B1A704BE700BFA031002438080024D4
:10E12000006402580003008068980508819805087B
:10E1300000440258D8B80024A298050800ED00E079
:10E1400039E20408A631002408B5F9F739FD064B79
:10E1500001221B685A604FF48052044BC3F890218F
:10E16000BDE80840F9F742BDD8B8002400E100E05E
:10E1700070B50446F9F724FDFFF7BAFE264B0546B5
:10E180001C60264A4FF480511161254E18463178A3
:10E19000F1B9611F4FF6F572914222490FD94FF63E
:10E1A000FA7295420BD906340122A4B20A701C609F
:10E1B0001D4B01221A70BDE87040F9F717BD00220F
:10E1C0000A700368AB42194B28BF01221A70EFE7AF
:10E1D000FFF7BAFF00235A19013392B2A24204BFDB
:10E1E0000534A4B2052BF6D1114BAC421B6811D2F9
:10E1F0004FF6FA7295420DD84FF0FF325A61002364
:10E200000C4C33702378002BD5D1F9F7AFFF0123E5
:10E210002370D0E75C61F2E7A831002400E100E060
:10E22000A6310024AD310024AC310024A4310024F7
:10E23000D8B80024AE31002470B5F9F7C1FC2C4BDE
:10E240002C4C1A7832B100221A70012223685A60CD
:10E25000F8F7E6FB23681A68D50706D59A68D00751
:10E2600003D501225A60F8F7DBFB23681A6811070F
:10E2700024D59A68120721D508221F4C5A60012222
:10E280001E4B1A7023781BB1F9F786FF0023237009
:10E290001B4C237893B11B4D1B492B7803F0FF06D1
:10E2A000B3B1FFF725FE06300B6880B2984209D360
:10E2B000FFF726FE00232B7000232370BDE870407B
:10E2C000F9F794BC0868063880B2FFF751FFF1E710
:10E2D0000E4D2B7843B1FFF70BFE0B68984203D32A
:10E2E000FFF70EFE2E70E7E70868FFF741FFE3E750
:10E2F000A5310024D8B80024AE310024A631002472
:10E30000AC310024AD310024A8310024A431002414
:10E31000FFF710BE70470000384B5A6973B5910380
:10E3200015D45A6912F4003211D1BFF34F8FBFF3E5
:10E330006F8FC3F85022BFF34F8FBFF36F8F5A69AF
:10E3400042F400325A61BFF34F8FBFF36F8F2B4BF4
:10E350005A69D20327D45A6912F4803223D1C3F800
:10E360008420BFF34F8FD3F8802043F6E074C2F3CC
:10E37000C900C2F34E32520102EA0406014646EADF
:10E3800081750139C3F86052F9D2203A12F1200F99
:10E39000F2D1BFF34F8F5A6942F480325A61BFF312
:10E3A0004F8FBFF36F8F164CD4F8E03043F00073FB
:10E3B000C4F8E030D4F8E03003F000730193019B1F
:10E3C000FEF742FCFAF7D8FD236F9B0707D4FBF753
:10E3D0007DFDFAF711FE236F23F018032367022057
:10E3E000FBF78AFDFEF746FEFEF72EFCFFF792FFD5
:10E3F000044B01221A6002B070BD00BF00ED00E0C6
:10E4000000440258B031002452B101F00301064B20
:10E410000329596805D0000503D521EA02025A6094
:10E4200070470A43FBE700BF0004005830B5114BAA
:10E43000114DD5F894409C42FBD14943012A01EB90
:10E4400041034FEA41046FEA030304D0022A0BD0D0
:10E45000C1680B400BE0C26813401943C160064B12
:10E460004FF440725A6130BDC1680B402343C36012
:10E47000F5E700BF00030080006402582DE9F8436F
:10E48000461C05460C4600F090801FFA80F9514A60
:10E4900040F40061B2F90030581C29D100264E4BDF
:10E4A00009F00F02C5F3031053F82270FFF7B8FB11
:10E4B0004A494B4BD1F894209A42FBD1C4F38311C3
:10E4C00007FB07F20F2902EB42036FEA030C24D18A
:10E4D00081680B434FF4407E04F0070183603F4B9B
:10E4E000C3F814E003296FD8DFE801F03A3A1C3A88
:10E4F00043F400638B420ED104F003035668032BF0
:10E50000CDD119F4006FCAD0324621462846BDE865
:10E51000F843FFF779BF0832BCE7836851430CEA40
:10E520000303D6E7DFF8B8E0D3F89480F045FBD1D9
:10E5300019F0080FC4F3832839D03B0AD0F824E03F
:10E540005B435B43C3EB031903FB08F32EEA090E9D
:10E550004EEA03034362214B4FF4407EC3F814E0BC
:10E56000DFF878801E4BD8F894E09E45FBD1036815
:10E570004A4301390CEA030C01294CEA0202026009
:10E5800005D8436822074CBF3B43BB434360C4F3F9
:10E5900001123946FFF74AFF324621462846FFF767
:10E5A00033FF0E4B4FF440725A61BDE8F88302FB13
:10E5B00002F9036AC9EB091E23EA0E0E09FB08F3F0
:10E5C0004EEA03030362C6E7D52206490648F9F777
:10E5D000FFF900BFF0980508189905080064025873
:10E5E00000030080E5980508D887050838B5431C66
:10E5F0000C4629D000F00F021D4BC0F3031053F856
:10E600002250FFF70DFB1B491B4BD1F894209A4277
:10E61000FBD105FB05F2016802EB42030B40B3FBA3
:10E62000F2F3013B012B19D8E31E022B43680CD8EF
:10E630002B43032C436019D101222946FFF7F6FE34
:10E640000C4B4FF440725A6138BD23EA0503012C8C
:10E650004360F1D0022C07D00022EEE704F0FD0366
:10E66000012BE9D0052CF5D10222E6E7052CF2E7D3
:10E67000189905080064025800030080C069C0F3BF
:10E68000801070470FB4074B1B6807B5064905AAF1
:10E69000D868019207F0A8FB03B05DF804EB04B062
:10E6A000704700BF440800245899050810B58049F8
:10E6B0000446804BD1F88C209A42FBD123687E4AD5
:10E6C000934257D17D4AD2F8981041F01001C2F818
:10E6D0009810D2F8981021F01001C2F89810D2F8D2
:10E6E000F01021F01001C2F8F010754A934240F08A
:10E6F0008980724BD3F8982042F02002C3F898200A
:10E70000D3F8982022F02002C3F89820D3F8F02004
:10E7100022F02002C3F8F020654B4FF4407240F223
:10E72000C331B4F91800DA60FFF7A8FE40F2C33134
:10E73000B4F91A00FFF7A2FEE36923F40073B3F5FE
:10E74000807F05D140F2C331B4F92000FFF796FE77
:10E75000E36923F48073B3F5007F05D140F2C33140
:10E76000B4F92200FFF78AFE62680021554B43F896
:10E77000221010BD544A93421DD002F5806293428C
:10E780002DD0524A934252D0514A9342ADD14B4B75
:10E79000D3F8902042F48012C3F89020D3F8902050
:10E7A00022F48012C3F89020D3F8E82022F48012DB
:10E7B000C3F8E820B0E7414AD2F8901041F40031A4
:10E7C000C2F89010D2F8901021F40031C2F89010E5
:10E7D000D2F8E81021F40031C2F8E81085E7374A92
:10E7E000D2F8901041F48021C2F89010D2F8901025
:10E7F00021F48021C2F89010D2F8E81021F4802191
:10E80000C2F8E810334A934224D12C4BD3F890201D
:10E8100042F08042C3F89020D3F8902022F080424A
:10E82000C3F89020D3F8E82022F08042C0E7234AC2
:10E83000D2F8901041F40021C2F89010D2F8901054
:10E8400021F40021C2F89010D2F8E81021F4002140
:10E85000C2F8E810204A934217D0204A93427FF42E
:10E860005BAF164BD3F89C2042F00802C3F89C2003
:10E87000D3F89C2022F00802C3F89C20D3F8F4209F
:10E8800022F00802C3F8F42046E70C4BD3F890209E
:10E8900042F00042C3F89020D3F8902022F00042CA
:10E8A000C3F89020D3F8E82022F0004280E700BFB0
:10E8B0000064025800030080001001400044025828
:10E8C00000140140302D002400440040004C004062
:10E8D0000050004000780040007C0040000C0058D0
:10E8E000426890235343054AD358DA69120701D589
:10E8F00008221A62D869C0F340107047A8B20024F9
:10E90000426890235343034AD358D869C0F3C010D8
:10E91000704700BFA8B2002438B542689023016850
:10E920005343204A99509C1882686260B2F5965F02
:10E93000C36838BF0725A3600369E36043692361A7
:10E94000C369A3614FF0000328BF1D46A4F85630E9
:10E95000E361A4F85430A4F85E30A4F85C3023627C
:10E960006366C4E90953B0F91A3001330FD10823A3
:10E9700063610D4B994205D1B2F5165F20460DD863
:10E98000FDF7B6FB2046BDE83840FDF781BBB0F986
:10E99000183001330CBF04230C23E9E7FDF7B8FB63
:10E9A000F0E700BFA8B20024000C005802682C4B0E
:10E9B0009A4270B50446C4B00D46816046D100212C
:10E9C000BC2215A804F08CF904231493254B196874
:10E9D00011F0040116D1482202A804F081F90223A3
:10E9E000214E0193012304930A93402305931F4B67
:10E9F000D6F88C209A42FBD101A8FBF703FB4FF419
:10EA00004073F360174B1B685B0711D50323164E49
:10EA10003993164BD6F88C209A42FBD114A8FCF7F8
:10EA20002BF94FF440732046F360FFF775FFA8B150
:10EA300000230D4E39930D4BD6F88C209A42FBD112
:10EA400014A8FCF719F94FF44073F3602046FFF760
:10EA500063FF18B129460648FFF714FE44B070BDA5
:10EA6000000C005800440258006402580003008063
:10EA700058990508012A10B50ED0022A24D0002486
:10EA80000929446126D010DC072910D008290CD1AF
:10EA90007AB14FF480520CE04FF4C0620829426111
:10EAA000F7D0092918D0072902D00D4815E072B116
:10EAB0000022022BC2600CBF4FF400530023BDE8BC
:10EAC00010400361FFF728BF4FF48062E6E74FF084
:10EAD0008052EEE7002ADCD00248F9F7DBF900BFEC
:10EAE000B1990508829905081A4B984222D0A3F5DE
:10EAF0004C43984220D003F5806398421ED003F522
:10EB0000806398421CD003F5806398421AD003F5C5
:10EB10004443984218D0A3F51C43984216D003F5FD
:10EB20008063984214D00C4B984214BF4FF0FF30D2
:10EB3000082070470020704701207047022070476E
:10EB40000320704704207047052070470620704757
:10EB50000720704700100140000C00582DE9F047D5
:10EB60000F4616468AB0824904463846F7F7AAFF90
:10EB7000824680493046F7F7A5FF01465046F7F731
:10EB80007DFF7B4905463846F7F7B2FF7949814654
:10EB90003046F7F7ADFF092F80460AD0172E08D070
:10EBA00073490920F7F78EFF50450CD17248F9F7E9
:10EBB00071F94FF0010A691C256007D13E226F49A7
:10EBC0006F48F8F705FF4FF0000AF4E76D4B9D42E0
:10EBD00036D16D4BD3F8F02042F01002C3F8F0208C
:10EBE000D3F8F03003F010030193019B674B9D4273
:10EBF00036D1654BD3F8E82042F40022C3F8E82070
:10EC0000D3F8E83003F400230493049B604B9D4247
:10EC100036D15D4BD3F8E82042F08042C3F8E820BB
:10EC2000D3F8E83003F080430793079B2846FFF7AB
:10EC30005BFF0028606066DA9D2250495548C0E7B6
:10EC4000554B9D422DD1504BD3F8E82042F4003271
:10EC5000C3F8E820D3F8E83003F400330293029BB2
:10EC60004E4B9D422DD1484BD3F8E82042F4801200
:10EC7000C3F8E820D3F8E83003F480130593059B2C
:10EC8000474B9D422DD1404BD3F8E82042F0004243
:10EC9000C3F8E820D3F8E83003F000430893089B5A
:10ECA000C4E7404B9D42A1D1374BD3F8E82042F452
:10ECB0008022C3F8E820D3F8E83003F480230393DC
:10ECC000039B394B9D42A1D12F4BD3F8F02042F04A
:10ECD0002002C3F8F020D3F8F03003F020030693AD
:10ECE000069B324B9D42A1D103F50E33D3F8F4209D
:10ECF00042F00802C3F8F420D3F8F43003F008031C
:10ED00000993099B92E749463846FFF7B7FB012173
:10ED10003846FFF76BFC41463046FFF7AFFB304605
:10ED20000121FFF763FC00234FF4E1322046E36149
:10ED300027836683C4E90223C4E90433FFF7ECFDAB
:10ED4000BAF1000F10D01A4B012204F120051A600D
:10ED5000184B2068083454F8041C1A46AC4203C20D
:10ED60001346F6D1206810600AB0BDE8F08700BFF6
:10ED7000C094050864930508DF990508319A0508D1
:10ED80003E9A05080010014000440258004C004023
:10ED9000007800405A9A05080044004000500040A6
:10EDA000007C00400048004000140140000C005866
:10EDB000B431002410B900242A4808B5036813F0C0
:10EDC000010304D0FFF75AFCB0FA80F35B09264830
:10EDD0000268D10704D5FFF751FC002808BF0123C2
:10EDE00022480268D20704D5FFF748FC002808BF74
:10EDF00001231F480268D10704D5FFF73FFC002814
:10EE000008BF01231B480268D20704D5FFF736FC70
:10EE1000002808BF012318480268D10704D5FFF76E
:10EE20002DFC002808BF012314480268D20704D52E
:10EE3000FFF724FC002808BF012311480268D1070E
:10EE400004D5FFF71BFC002808BF01230D4802680A
:10EE5000D20704D5FFF712FC002808BF012318468B
:10EE600008BD00BF001001400044004000480040C1
:10EE7000004C004000500040001401400078004069
:10EE8000007C0040000C005808B5F8F799FE064BCE
:10EE90000121186810F0010018BF0846FBF71EF8A2
:10EEA000BDE80840F8F7A2BE0048025870B594B01B
:10EEB000FFF782FF0446002875D1F8F781FE3B4D2D
:10EEC00000F046F9012102222E680846FBF750F8AF
:10EED000012122460846FBF74BF8F60703D52B68BD
:10EEE00043F001032B600023314D32492B60324B3C
:10EEF000D1F890209A42FBD12C4B1A6994063CD54C
:10EF00005B69980639D52B4E2B4BD6F88C209A424C
:10EF1000FBD14C22002101A803F0E2FE01A8FBF77F
:10EF200015FD0223012101A801931023CDE904134B
:10EF300000230A93FBF766F8044610B11F48F8F760
:10EF4000A9FF01462022009001A803F0C9FE6946EE
:10EF500001A8FBF777FD1B23009901A801930794F3
:10EF6000029404940694FBF785FB08B11448E6E785
:10EF7000FEF780F84FF44073F3600C4A136943F4D2
:10EF8000007313614FF440720A4B1A610D4B596ABA
:10EF90005A6A521AB2F5FA7FFAD300F0F1F8012357
:10EFA0002B60F8F723FE14B070BD00BF0048025874
:10EFB000B031002400640258000300806C9A0508F8
:10EFC000919A0508000C0040074B084A13601A6923
:10EFD000910707D5DA68920704D56FF002021A612B
:10EFE000F7F7B2BF704700BF000C004038B90024EB
:10EFF00000487047BC9A050830B58BB0694602A836
:10F00000FBF720FDFBF77EFC274B0090D3F8E820B0
:10F01000264942F00802C3F8E820D3F8E82002F0BD
:10F0200008020192019A224AD1F88C409442FBD105
:10F03000D3F890201F4C42F00802C3F89020D3F878
:10F04000902022F00802C3F890204FF44073CB6068
:10F05000194B079A23604FF0FF33E360174B0ABB4D
:10F060000025B0FBF3F001382561A5606060114810
:10F07000C4E90555FCF7A2FC114B124A9B68C3F882
:10F080000821BFF34F8F104B4FF480225A6009487C
:10F090002946FCF7D1FC2268D36823F00203D36031
:10F0A0000BB030BD4000DBE700440258006402585A
:10F0B0000003008038B90024000C004040420F00DB
:10F0C00000ED00E0C9EF040800E100E00448002181
:10F0D0000268D36823F00203D360FCF7ADBC00BF25
:10F0E00038B90024014B586A704700BF000C00403B
:10F0F000054B6FF002021B6858631A61DA6842F030
:10F100000202DA60704700BF38B90024064B6FF086
:10F1100002021B681A615A6942F002025A61DA68F7
:10F1200042F00202DA60704738B90024034B1A68D3
:10F13000D36823F00203D360704700BF38B90024BE
:10F14000024B6FF002021B681A61704738B9002445
:10F15000064B074A1B68596A11605A6B054B1A60C7
:10F16000054BDA68054B1A60704700BF38B90024B8
:10F1700088B9002434B90024000C004084B900246C
:10F18000064B074A1B6812685A62064A12685A639D
:10F19000054B1A68054BDA60704700BF38B9002488
:10F1A00088B9002434B9002484B90024000C00403C
:10F1B0005028F8B51CD000F00F040C2C56D8DFE80E
:10F1C00004F0074151071F555555552723071F00C8
:10F1D000144654F8045B45B100F07006102E08BFC9
:10F1E00011460D44020648BF2D681D602046F8BD3B
:10F1F000033222F0030454F8045B1D602046F8BD7E
:10F20000144654F8085BE6E7144634F9025BE2E77B
:10F2100000252F46144614F801CB0CF07F06BE40A3
:10F220001CF0800F45EA060507F10707F3D11F2FF1
:10F23000D1D81CF0400FCED04FF0FF3606FA07F7BA
:10F240003D43C9E700252F46144614F801CB0CF0C6
:10F250007F06BE401CF0800F45EA060507F1070750
:10F26000F3D1B8E7144634F8025BB4E702F0E4F8EF
:10F2700000F07000202811D00BD9402806D050286B
:10F280000AD030280DD1084602F0CCB8084602F06A
:10F29000B9B808B1102804D100207047084602F020
:10F2A000C5B808B502F0C8F8F8B50C4615460746CB
:10F2B00008B102F0A7F828602678FF2E04F10104B7
:10F2C00029D1686023782B75FF2B04F1010032D01F
:10F2D000102300242B75224610F8011B01F07F0338
:10F2E0009340090644EA030402F10702F4D40444FB
:10F2F000EC6003786B7500240130224610F8011B86
:10F3000001F07F0393401C430B0602F10702F5D482
:10F3100004442C61F8BD39463046FFF7A9FF224668
:10F3200001462B1D3046FFF743FF0446601C23783F
:10F330002B75FF2BCCD10023EB60DAE72DE9F04FE2
:10F3400000F0030499B00023012C884617460C9363
:10F3500000F096800DD3022C40F05F823946404683
:10F3600002F03CF8002800F09B80092019B0BDE8AD
:10F37000F08F0207F2D40123049318AA002342F865
:10F380002C8D1946009238460C2201F0B7FA384607
:10F3900002F03EF805900028E0D012AB1A4605991D
:10F3A00006933846FFF780FF05469DF85C00FF286E
:10F3B00000F0E5803946FFF75BFF044600230DF1BE
:10F3C000440B1946CDF800B00F223846149401F0D2
:10F3D00073FA119E169B26F001069D4206F1FF3638
:10F3E00080F0D4800DF13C0A0DF140099DF85D409C
:10F3F000FF2C4FF0000103D02046FFF739FF0146F4
:10F400002A4620465346FFF7D3FE9DF85D40FF2C69
:10F4100005464FF0000103D02046FFF729FF0146C3
:10F420002A4620464B46FFF7C3FE9DF85D40FF2C61
:10F4300005464FF0000103D02046FFF719FF0146B3
:10F440002A4620465B46FFF7B3FE002405462146C8
:10F4500015F8012B02F07F038B401C43130601F1CA
:10F460000701F5D4129B0F9A1344B3421FD9049B92
:10F47000DB0700F19180049B1C0715D500F00CFB05
:10F4800010F008041CD018AA44F0020442F82C1D05
:10F490003846009219460C22049401F02FFA76E7C0
:10F4A000082019B0BDE8F08F404600F0D7F9109A57
:10F4B0001344B34200F28880169BAB4296D8D6E73D
:10F4C00012AB009306930D22234621463846D8F806
:10F4D000205001F0F1F9129B9D4202D002230493C7
:10F4E0004BE718AA234642F82C8D21460092384655
:10F4F0000C2201F003FAD8F830300393002BD3D05C
:10F50000D8F828301A46D8F82C3005930DF13C0A6B
:10F510000DF140091346002B1C46C0F2278103253C
:10F5200018A9002341F8288D1A460091384619463B
:10F5300001F0E4F9002319460122CDF800A0384675
:10F540000F9401F0DBF9002319460F22CDF800904B
:10F55000384601F0B1F9109B039ACDF8009003F002
:10F56000010400231443384619460F22109401F079
:10F57000C5F9022D05D0072019B0BDE8F08F002491
:10F580001CE7404600F00EFB0720EFE6049BD9077E
:10F590007FF571AF0DF14009002403940023194653
:10F5A0000D22CDF8009038460C9D01F085F9059AA2
:10F5B000109BC8F82C20039AC8F83020C8E90954D9
:10F5C000C8F820300620D1E6119B002B3FF4C6AED0
:10F5D000139A9A180392002C00F0F080169B013CBD
:10F5E0002344002A3FF4BAAE002B00F0F880049ABE
:10F5F00012F00802099200F0038147214E2288F898
:10F60000001088F801205521432288F8021088F85C
:10F61000032046214F2288F8041088F80520522143
:10F62000002288F8061088F80720CDE90A7A00221F
:10F630000792CDF820900024214600E02B461D467D
:10F6400015F8010B00F07F028A40060644EA020426
:10F6500001F10701F2D41F2905D8400603D5012284
:10F660008A405242144300263146A14613F8010F46
:10F6700000F07F028A401643020601F10701F5D42B
:10F680001F2905D8470603D501238B405B421E4343
:10F69000002C4CD04EDC04F1010ACAEB8A72159B97
:10F6A00003EB820753F82210B8F1000F01D0099B39
:10F6B0002BB151B3002E00F08B80AB19BBE70C9B34
:10F6C000119329B991E057F8041F002900F08D80AB
:10F6D00039445B460022404600F00CFA0028F2D084
:10F6E000E8E7E2005242DDE914131A44089BFFF7F1
:10F6F0005FFD109949B1B8F1000FDBD00CAB0022CF
:10F70000404600F0F7F90028D4D0049BD8074A46B9
:10F71000DDE90A7ADDF820903FF540AF099B002B28
:10F720003FF4F8AE002CBFF6FAAE00F0C3F90123A7
:10F730000793BFE79DF85C00FF283BD000F007036C
:10F74000042B6AD801A252F823F000BF67F704081F
:10F750001BF8040861F7040867F70408E3F60408D7
:10F7600062005242BFE7A2005242BCE701331D468D
:10F77000DDE905123846FFF797FD9DF85C00FF288C
:10F780001AD03946FFF774FDC5EB85729200159DBE
:10F790001490AB58154433B12A46002352F8041F85
:10F7A00001330029FAD10422C8E90C25C8E90A303E
:10F7B0000325B5E6002296E70020E5E7039B002B32
:10F7C0003FF4CCAD049BDA073FF5C8AD0225A7E6B0
:10F7D000DDE90739DDE90A7A002B3FF4BFAD049B70
:10F7E000DD073FF5BBAD0024F0E7049B0A9FDDF881
:10F7F0002090DE075546DDF82CA03FF5CFAEB7E7E9
:10F8000098F80720012A0CBF58F8202C08F158025C
:10F810000C920AE700F0A0F830E601F00DFE00BF00
:10F820000378472B01D00020704743784E2BFAD144
:10F830008378552BF7D1C378432BF4D10379432B2D
:10F84000F1D143792B2BEED183792B2BEBD1C079DE
:10F8500001288CBF00200120704700BF10B530B1D7
:10F86000044600F079F82046FFF7DAFF08B900F007
:10F8700013F954F8140C00F0FBF800BF2DE9F04F19
:10F8800085B00246FFF7CCFF50B152E9068510461D
:10F89000966AD2E90C7400F05FF8404600F006F971
:10F8A000104600F059F800F005F900F055F800F0A6
:10F8B000F3F800F051F800F0D3F8036893F827202C
:10F8C0000DF1100A012A0CBF1A6803F178024FF0FB
:10F8D000000820334AF8082D27F0030B0193C14696
:10F8E000B1451BDA276807B1274453460022394641
:10F8F000019800F0FFF8E8B93B6814491B690093D0
:10F9000004AA012342F8040D3846009FB847002896
:10F9100018BF804609F101095C44E1E7B8F1000F26
:10F9200010D0042000F0D2FA094B0360094A0749BD
:10F9300000F0F0F900F00AFA00F04EF800F04CF890
:10F9400000F0D2F8284600F093F800BFEC9A0508C2
:10F95000709B0508BDFD040838B5044600F084F826
:10F9600022780368472AA4F1200104D08BBB1C46EF
:10F970000160204638BD62784E2AF7D1A278552A18
:10F98000F4D1E278432AF1D12279432AEED1627987
:10F990002B2AEBD1A2792B2AE8D1E279012AE5D8EA
:10F9A00054F80C2C002A11DB0132456844F80C2C69
:10F9B0008B4205F1FF3545601CBF44F8103C0160E7
:10F9C0002046646A00F070FF204638BDC2F1010293
:10F9D000EBE700F061F800BF08B500F041F802461F
:10F9E000006870B390F82030472B06D000231360D6
:10F9F0002030BDE8084000F059BF90F821304E2B70
:10FA0000F4D190F82230552BF0D190F82330432BCD
:10FA1000ECD190F82430432BE8D190F825302B2BF3
:10FA2000E4D190F826302B2BE0D190F82730012B31
:10FA3000DCD84369002B05DB013B002B07D00DDB35
:10FA4000436108BD0133FBD101691160F8E7036927
:10FA500013602030BDE8084000F028BF00F01CF81B
:10FA600000487047B831002400487047B83100247E
:10FA700008B5804701F0E0FCFFF76EFF01F0DCFC09
:10FA80000D460446FFF7A8FF013501D000F02CF821
:10FA90002046FFF7F3FE00BF08B5034B1868BFF31D
:10FAA0005B8FFFF7E5FF00BF3C08002408B58047E7
:10FAB000FFF7F2FF08B5034B1868BFF35B8FFFF742
:10FAC000F5FF00BF40080024024B1868BFF35B8FAE
:10FAD000704700BF3C080024024B1868BFF35B8FDF
:10FAE000704700BF400800241EB400F08DF81EBC13
:10FAF00001F09EFAF0B50278472A83B00D461F4602
:10FB00001ED00023254C0193236820469B6898470C
:10FB100080B1019B1B68019302262B682146284671
:10FB20001C6901AA0123A04730B1019B3B6030460C
:10FB300003B0F0BD0126F0E70646304603B0F0BD45
:10FB400043784E2BDDD18378552BDAD1C378432B04
:10FB5000D7D10379462B15D00379432BD1D14379E3
:10FB60002B2BCED183792B2BCBD1C379012BC8D8AA
:10FB700050F8204C02D058300190C5E7204654F888
:10FB8000784CF9E743794F2BE6D18379522BE3D1B7
:10FB9000C379002BE0D10193014CB5E7E49A050845
:10FBA000DC9A050810B50446FFF75EFF2378472B63
:10FBB000A4F1200204D0836823BB8260012010BD21
:10FBC00063784E2BF7D1A378552BF4D1E378432BF0
:10FBD000F1D12379432BEED163792B2BEBD1A37990
:10FBE0002B2BE8D1E379012BE5D854F8043C013301
:10FBF000012B44F8043CE1D1836844F8083C82605E
:10FC0000012010BDFFF748FF08B5FFF72DFF8368FF
:10FC100083B393F82020472A04D00022826003F1A6
:10FC2000200008BD93F821204E2AF6D193F8222017
:10FC3000552AF2D193F82320432AEED193F82420B9
:10FC4000432AEAD193F825202B2AE6D193F82620DF
:10FC50002B2AE2D193F82720012ADED8DA69013A6B
:10FC6000DA61002ADBD19A69826000229A6103F18D
:10FC7000200008BDFFF710FF012810B51AD8BFF308
:10FC80005B8FA1F1280353E8002F013A43E80020DD
:10FC90000028F8D1BFF35B8F5AB951F81C3C01F131
:10FCA00058040BB1204698472046BDE8104000F0AC
:10FCB00025B910BD51F8140CFFF7DAFEF8B5002590
:10FCC00040E91E1240F8805C0446FFF705FF44F847
:10FCD000700CFFF7F9FE472343224E2755260C49A7
:10FCE00004F8583C2B2304F8515C04F8577C04F8C2
:10FCF000566C44F8501C04F8552C04F8542C04F8A5
:10FD0000533C04F8523C44F86C0CA4F18000F8BD5C
:10FD100079FC0408F8B505460E461746FFF7A4FE21
:10FD20004368044601333A46314663602846FFF78C
:10FD3000C5FF0446012344F8283B204601F066F93C
:10FD40002046FFF709FEFFF7A7FE00BF10B5FFF73B
:10FD50008BFED0E900420132426064B194F8202069
:10FD6000472A0AD0002202602034204601F072F9AE
:10FD70002046FFF7F1FDFFF78FFE94F821204E2A71
:10FD8000F0D194F82220552AECD194F82320432A6C
:10FD9000E8D194F82420432AE4D194F825202B2A92
:10FDA000E0D194F826202B2ADCD194F82720012AD0
:10FDB000D8D8626952426261D6E700BF704700BF7F
:10FDC00000487047C89A050810B504210446F8F7A2
:10FDD00055FD204610BD00BFF0B4224C6368A0F171
:10FDE00008061BB350F8087CF519AB421ED822D088
:10FDF0005968002931D08D4203D32EE0954205D2B7
:10FE000011464A681C1D0B46002AF7D195421CD0AA
:10FE100023681A6899188E421CD05B6840F8043C2D
:10FE2000236840F8087C5E60F0BC704740F8043CF2
:10FE30006660F0BC7047D3E90023174440F8087CA3
:10FE400040F8043C6660F0BC7047D5E900324A6077
:10FE50001F44DDE717441F60EBE70A4604341946E8
:10FE6000D4E700BFC431002430B4174C00F10802BD
:10FE70006368082A38BF082203B30732196822F0E2
:10FE800007028A4204D81BE001688A4205D903466A
:10FE900058680028F8D130BC704704338C1A072CFE
:10FEA000456808D981184D6084501868026019604F
:10FEB000083030BC704701601D60F9E71846EAE77A
:10FEC0001846231DEAE700BFC431002410B500F135
:10FED0008004204602F0B6FA38B1034680220021A1
:10FEE000184602F0FDFE803010BD2046FFF7BCFF33
:10FEF00003460028F2D1FFF7CFFD00BF064A936802
:10FF00008038984203D9D2681344984201D302F052
:10FF1000A1BAFFF761BF00BFC431002438B5084C57
:10FF20004FF41E652846E56002F08CFAA06020B10F
:10FF300000236060C0E9005338BDE060606038BDF8
:10FF4000C431002410B5034B0360044600F0C2F82E
:10FF5000204610BDB89B050810B5054B036004464C
:10FF600000F0B8F820460C21F8F788FC204610BDB8
:10FF7000B89B050870B582B00E46069C94420546B3
:10FF800009D0A868056806942C6A3146A44602B0D8
:10FF9000BDE87040604719460192009300F062F896
:10FFA000DDE900320028ECD0062002B070BD00BFB1
:10FFB0002DE9F04F0E4681B019461F469146834603
:10FFC000DDE90A4ADDE90C8500F04CF870B1002E3D
:10FFD0002C6085F804901DDB3444A0450CBF06243A
:10FFE0000124AC71002001B0BDE8F08F444516D06B
:10FFF000DBF80800D0F800C0CDE90C85CDE90A4A4D
:020000040805ED
:10000000DCF81C403B464A463146A44601B0BDE8F8
:10001000F04F60470236E5D10123AB71E2E751466C
:10002000584600F01FF80028E2D085F80590D9E77F
:100030002DE9F04107460C4615461E4600F084F8AF
:1000400008B1BDE8F081B86807682146BC6933464D
:100050002A46A446BDE8F041604700BF704700BF94
:100060000020704781420FD008B5406803782A2BE2
:100070000CD049680B782A2B08BF013103F094F8A3
:10008000B0FA80F0400908BD01207047002008BD8B
:1000900070B5036884B000249E690094102315464F
:1000A000CDE9023412688DF804406B46B0479DF8E4
:1000B000043003F00603062B03BF009B2B600120D6
:1000C000204604B070BD00BF009890420CBF0620CF
:1000D0000120704710B5034B03600446FFF7BEFFD5
:1000E000204610BD2C9C050810B5054B0360044646
:1000F000FFF7B4FF20460821F8F7C0FB204610BDEB
:100100002C9C05082DE9F041DDE90814069D8D427F
:1001100090461F4606460CD039463046FFF7A2FFF0
:1001200020B10123256084F80480A3710020BDE87C
:10013000F0810799FFF796FF0028EDD084F805803D
:100140000020BDE8F08100BF38B515461C46FFF71A
:1001500089FF20B1082206232560E260237138BDA3
:100160002DE9F04117461C4606460D46FFF77AFF7B
:1001700008B9032C01D9BDE8F0812B683A46314615
:1001800028465B69BDE8F041184700BF7BB972B9EA
:100190000029BEBF00204FF0004106E008BF002844
:1001A0001CBF6FF000414FF0FF3001F043B9ADF1DB
:1001B000080C6DE904CE002909DB002B1ADB00F0E6
:1001C0004DF8DDF804E0DDE9022304B07047404259
:1001D00061EB4101002B1BDB00F040F8DDF804E08F
:1001E000DDE9022304B0404261EB4101524263EB7E
:1001F00043037047524263EB430300F02FF8DDF8EE
:1002000004E0DDE9022304B0404261EB41017047A4
:10021000524263EB430300F021F8DDF804E0DDE92E
:10022000022304B0524263EB4303704753B94AB907
:10023000002908BF00281CBF4FF0FF314FF0FF30EE
:1002400001F0F8B8ADF1080C6DE904CE00F006F845
:10025000DDF804E0DDE9022304B070472DE9F04742
:10026000089E04468846002B4BD18A42154667D922
:10027000B2FA82F24AB1C2F1200701FA02F320FA7F
:1002800007F7954047EA030894404FEA154E230CC0
:10029000B8FBFEF71FFA85FC0EFB178843EA0843FC
:1002A00007FB0CF1994209D9EB1807F1FF3080F0F8
:1002B0001B81994240F21881023F2B445B1AA4B281
:1002C000B3FBFEF00EFB103344EA034400FB0CFCCE
:1002D000A44509D92C1900F1FF3380F00781A4450A
:1002E00040F2048102382C4440EA0740A4EB0C049D
:1002F00000271EB1D4400023C6E900433946BDE8BB
:10030000F0878B4209D9002E00F0EB800027C6E968
:10031000000138463946BDE8F087B3FA83F7002F6D
:1003200047D18B4202D3824200F2FA80841A61EBF9
:10033000030301209846002EE0D0C6E90048DDE71F
:1003400002B9FFDEB2FA82F2002A40F08F80491B28
:100350004FEA154E1FFA85F80127B1FBFEFC230C6E
:100360000EFB1C1143EA014308FB0CF1994207D92B
:10037000EB180CF1FF3002D2994200F2CD80844696
:10038000591AA3B2B1FBFEF00EFB101443EA044469
:1003900008FB00F8A04507D92C1900F1FF3302D261
:1003A000A04500F2B6801846A4EB080440EA0C40D1
:1003B0009FE7C7F1200CBB4022FA0CFE4EEA030E69
:1003C00001FA07F420FA0CF521FA0CF34FEA1E4863
:1003D0002543B3FBF8F92C0C08FB19331FFA8EFAEE
:1003E00044EA034309FB0AF49C4202FA07F200FACA
:1003F00007F10BD91EEB030309F1FF3080F0878072
:100400009C4240F28480A9F1020973441B1BADB2E7
:10041000B3FBF8F008FB103345EA034400FB0AFA8B
:10042000A24508D91EEB040400F1FF336BD2A245AC
:1004300069D90238744440EA0940A0FB0289A4EB60
:100440000A044C45C2464B4654D351D0002E69D0C5
:10045000B1EB0A0564EB030404FA0CFCFD40FC401C
:100460004CEA0505C6E90054002747E7C2F120031E
:1004700020FA03F7954001FA02F021FA03F34FEA5C
:10048000154E3843010CB3FBFEF71FFA85F80EFB3F
:10049000173341EA034107FB08F38B4204FA02F4E5
:1004A00007D9691807F1FF3C2FD28B422DD9023FA3
:1004B0002944CB1A81B2B3FBFEF00EFB103341EAA4
:1004C000034100FB08F38B4207D9691800F1FF3C98
:1004D00017D28B4215D902382944C91A40EA074776
:1004E0003BE73746304609E70746E7E61846FBE6AE
:1004F0004145ABD2B8EB020A69EB0E020138134654
:10050000A4E76046E9E7184695E76746D1E78146E4
:100510007CE702382C4447E7ACF1020C2B442FE770
:10052000384608E73746E9E603685A004CBF43F00F
:10053000004323F000431844704700BF61B32DE926
:10054000F84F01F1FF3A90460646D146002707EBE7
:10055000090404EBD4746410E50071190846FFF730
:10056000E3FFA245834605F10800304409D0FFF7B8
:10057000DBFFC34500F1FF3005D8404509D2671CB9
:10058000E5E7C34505D9A74202D004F1FF39DEE70C
:1005900000210846BDE8F88F08467047012807D0BB
:1005A000022807D0044B00280CBF184600207047D3
:1005B0000248704702487047890C05088D0C0508F1
:1005C000910C050830B5254B83B004468D1E4BB306
:1005D00001A92846AFF30080F0B101992A46FFF740
:1005E000ADFF0146C0B1FFF79FFF4B68A064012B30
:1005F0002ED0002B01F1040026DBFFF795FF00232E
:10060000C4E913030368002B12DBFFF78DFF0023FF
:100610002061184603B030BD00232361092318462A
:1006200003B030BD0E490F48091AC9100191D5E732
:10063000C3F30360FFF7B2FF002814BF00230923B0
:100640002061184603B030BD0123C4E91303D9E784
:10065000002323610523184603B030BD00000000CD
:10066000ACA7050824A205080368DA0710B50446FC
:1006700006D49B0700F1480009D500F05FFC236811
:10068000590709D51A070ED5DB0613D510BD00F0A2
:100690004DFC23685907F5D404F1D00000F056FC56
:1006A00023681A07F0D404F5A87000F057FC2368FB
:1006B000DB06EBD404F5E870BDE8104000F092BC16
:1006C000036803B103441846704700BF0920704710
:1006D000704700BF70B504460D4608E02B6C63619F
:1006E0002A462369214601209847082808D1296C09
:1006F0002046FFF767FF06460028EFD000F09CFE7B
:100700000728FBD13046296CFFF7E2FF281D00F0D7
:1007100001FC00BF2DE9F0470C1D054617460FCC24
:10072000ADF5727D03AE0FC60FCC0FC60FCC0FC652
:1007300094E80F0002ACD5F80C80D5F8189086E844
:100740000F000023236021E0236C6B614FF4F072F3
:1007500021467AA802F0C6F92B697AAA29463046C2
:100760009847889BCDE900498246636431462B4611
:100770002A460120C0470746F8B94FF4F0727AA91B
:10078000204602F0AFF9BAF1080F1CD1216C2846BF
:10079000FFF718FF002F08BF0926074618BF0A26D3
:1007A0000028D1D0A36B46F01001CDE900492A46BC
:1007B000636401202B46C04700B1092738460DF578
:1007C000727DBDE8F087BAF1070FF6D13846216C8B
:1007D000FFF77EFF03A800F09DFB00BF406C704751
:1007E000F0B5CB6B0B640D1D0F4606460FCDF9B06F
:1007F00001AC0FC40FCD0FC40FCD0FC495E80F008F
:100800004FF0FF3584E80F00009506E033696A4633
:10081000314698470828044608D110993046FFF71A
:10082000D1FE0028F2D0092079B0F0BD6846FFF76C
:100830001BFF062CF7D139463046FFF74BFF00BFB0
:1008400030B4DD6BC160826119461D64002230BC8A
:1008500060E700BF70B5C66843690B64BEB9036941
:100860000A4604460D46014602209847072807D04D
:10087000082803D129462046FFF72CFF00F0DCFDB5
:100880003046296CFFF724FF281D00F043FB0122AE
:10089000FFF740FF00F0D0FDC2681AB1CA6B0A64CE
:1008A000002237E79CE700BF704700BF836813B1A1
:1008B0000146012018477047042907D8DFE801F0F6
:1008C0000308060808000BB90F2A03D90220704755
:1008D0000120704700EB820218465368009A1360AB
:1008E000704700BF10B584B0002303AC0A460094E3
:1008F0001946FFF7E1FF039804B010BD042907D89B
:10090000DFE801F00308060808000BB90F2A03D935
:10091000022070470120704700EB8200009A1268A5
:1009200042601846704700BF10B584B004AC002385
:1009300044F8042D0A4600941946FFF7DFFF04B07F
:1009400010BD00BFF0B5D36B1364151D07460E46EE
:100950000FCDADF50F7D17AC0FC40FCD0FC40FCD6C
:100960000FC495E80F004FF0FF3584E80F0016958F
:1009700010E016A8FFF7D8FF314616A8B84716AA08
:10098000694678B9049B08209847052804460AD090
:10099000092807D026996846FFF714FE6A460C21FD
:1009A0000028E6D0092416A8FFF75EFE20460DF5C4
:1009B0000F7DF0BD2DE9F04F0D46C96C89B00C1DBF
:1009C000164600F0030B0A6806941F46002B68D0F9
:1009D000130CD9B212048DF81D30022304EB8104EC
:1009E00005928DF81C302B6DBBF1020F08BFAC6B6C
:1009F00013F0010346D1019300F008030093D4F8EB
:100A00000090B9F1000F00F0F380022F45D0B4F848
:100A10000090B4F802800434AB6C28F0010A0F2176
:100A200030469A44FFF75EFF824534D829F001032F
:100A30005344834294BF002001204FEA480808F045
:100A4000020809F0010948EA0908B8F1010F3AD093
:100A500031D3B8F1020F1AD1236823F0004ABBF159
:100A6000000F66D130B1009A002A6CD0BAF1000FA5
:100A700000F09080002B00DA04340AF1010304EB4B
:100A80008304BCE7304605A900F046FB78B1092095
:100A900009B0BDE8F08F0020CFE7D4F80480083417
:100AA000BAE7120203230592ADF81C309BE7082039
:100AB00009B0BDE8F08FBBF1000F02D0002840F074
:100AC000B48004349BE7BBF1000F18D1A8B1D4E97E
:100AD0000023991C4FEAD272D9D005F15801013395
:100AE000049100F0B580201DFFF7EAFD04AB01463C
:100AF0002846FEF7FFFF002867D108347FE70D2165
:100B00003046D5F82080FFF7EDFE8045F5D1AB6A81
:100B10009C42F2D12046FFF707FD0F2102463046E6
:100B2000FFF702FF30462A460021FFF7FDFE0720AF
:100B3000AEE70D213046D5F82080FFF7D3FE804583
:100B400032D0236896E7BAF1000F23D005F158039D
:100B500004F10408CDF808B0DDF800900397A3462F
:100B60001C4602E05745B94640D040460494FFF782
:100B7000A7FD04AB014600222846FEF7BBFF09F1A2
:100B8000010708F104080028ECD0D1455C46DDE9F6
:100B900002B7D6D130460D21FFF7A4FE049B286290
:100BA000C5E90934062073E7AB6A9C42C9D1042227
:100BB0004FF00008A318C5E90AA8C5E90C2323686B
:100BC00043454DDB0123019357E780460D21304615
:100BD000FFF788FEB8F1020F28623ED12B46049A37
:100BE00043F82C2F6B62AC62062051E75C46D1E7DC
:100BF00005A9304600F090FA00287FF448AF019B29
:100C0000002B3FF454AF0F213046FFF76BFE0E214F
:100C100002463046FFF788FE30461A4A0F21FFF79A
:100C200083FE072009B0BDE8F08F2046FFF77CFC6B
:100C300004340746AC632846FEF7B4FF00283FF4AF
:100C400026AF30463A460F21FFF76EFE07201FE71A
:100C500030460D21FFF746FE2862049B6B62C2E717
:100C60000AF1010004EB8000FFF75EFC0F21024651
:100C70003046FFF759FE30462A464146FFF754FEFC
:100C8000072005E77DF80408002393E6012391E699
:100C900002238FE62DE9F0410546C4B0042906D8A9
:100CA000DFE801F04D2B05030900032B5FD0022084
:100CB00044B0BDE8F081002BF9D1102AF7D82B6899
:100CC000DC0600F1F48022AC2046019200F094F999
:100CD000A86B019A0023012606FA03F1114203D002
:100CE000016844F8231004300133042BF4D1A863C5
:100CF000204600F077F90020DAE7012B4FEA124690
:100D000097B252D0052BD2D106EB0708B8F1200FCD
:100D1000CDD80F2E40F29980B846002F40F0DB80EE
:100D2000AA6BAA630F2E40F2BE80B8F1000F02D06A
:100D300002A800F00BF9002044B0BDE8F081002BC0
:100D4000B5D1AC6B97B2281D012606FA03F13942E2
:100D500003F1010302D0216801600434102B00F17B
:100D60000400F2D112F40050E5D1AC63A0E7160CF8
:100D700097B2F319102B9AD82B681A075DD422ACBE
:100D8000204600F00DF904EBC601AB6B3FB103EB5D
:100D9000C702186841F8040B04339342F9D1204686
:100DA000AB6300F0DBF8002082E7F219102A3FF66F
:100DB0007EAF0F2E3FF67BAF2A68D10708D52846B5
:100DC00022F0030240F8482B019300F0B3F8019B96
:100DD000019322AC204600F0ADF8A96B019B002FD7
:100DE00000F095807F0004EBC6044FF00008043C3F
:100DF00001EB870251F8040B44F8040F9142F9D13A
:100E0000B8F1000F0FD002AC102E314638BF1021C0
:100E100004EBC101843902EBC80452F8040B41F819
:100E2000040F9442F9D1012B7FF47BAF22AC043242
:100E3000AA63204600F07AF87DE723F008032B60D0
:100E400005F5A87000F0ACF899E7B8F1100F2A6822
:100E500043D9D007A8F110080BD5284622F001028B
:100E600042F0020240F8482B019300F06BF82A6828
:100E7000019B510725D40F2E04D822A8019300F01E
:100E800061F8019B019302AC204600F063F8C6F1C3
:100E900010010029AA6B019BB6DD22AC4F0004EBC8
:100EA000C6041146A3E722A800F048F83DE723F066
:100EB00010032B6005F5E870019200F09DF8019A8F
:100EC00001E7284622F0040240F8D02B019300F0FD
:100ED00041F8019BCFE72A68CBE7D0070AD528461F
:100EE00022F0010242F0020240F8482B019300F088
:100EF00029F8019B019322AC204600F023F8B84664
:100F0000A96B019B002F7FF46DAF0A4609E70A46E3
:100F10008DE700BF00F1340191E838009C46A646F9
:100F20004CF8045D90E8FF0FE54600BD90EC210B06
:100F3000704700BF80EC210B704700BF90EC200B86
:100F4000704700BF80EC200B704700BFD0EC200B37
:100F5000704700BFC0EC200B704700BFF0EC0201EF
:100F6000F0EC0211F0EC0221F0EC0231F0EC024165
:100F7000F0EC0251F0EC0261F0EC0271F0EC028155
:100F8000F0EC0291F0EC02A1F0EC02B1F0EC02C145
:100F9000F0EC02D1F0EC02E1F0EC02F1704700BF9E
:100FA000E0EC0201E0EC0211E0EC0221E0EC0231A5
:100FB000E0EC0241E0EC0251E0EC0261E0EC027195
:100FC000E0EC0281E0EC0291E0EC02A1E0EC02B185
:100FD000E0EC02C1E0EC02D1E0EC02E1E0EC02F175
:100FE000704700BFB0FC0181B0FC0191B0FC01A1D1
:100FF000B0FC01B1704700BFA0FC0181A0FC0191D1
:10100000A0FC01A1A0FC01B1704700BFEC4600B5F7
:101010002DE900502DE9FF1F4FF000032DE90C00D2
:1010200001A9FFF7DDFBDDF840E012B0704700BF1B
:10103000EC4600B52DE900502DE9FF1F4FF00003ED
:101040002DE90C0001A9FFF705FCDDF840E012B026
:10105000704700BFEC4600B52DE900502DE9FF1F99
:101060004FF000032DE90C0001A9FFF715FCDDF896
:1010700040E012B0704700BFEC4600B52DE90050CB
:101080002DE9FF1F4FF000032DE90C0001ABFFF726
:10109000D7FBDDF840E012B0704700BFEC4600B56A
:1010A0002DE900502DE9FF1F4FF000032DE90C0042
:1010B00001AAFFF747FCDDF840E012B0704700BF1F
:1010C000027A82B9437AABB14268013B10B44372F1
:1010D00013680321141D01721A02446002605DF856
:1010E000044B180E70470368013A02721A0202603C
:1010F000180E7047B020704700B585B003AA0023D2
:10110000009219460C22FFF7D7FB039805B05DF853
:1011100004FB00BFF0E700BF2DE9F043054685B0B2
:101120000E464FF000083046FFF7CAFFB0280446CD
:1011300000F0B180070620D500F0F003802B65D0C9
:10114000902B36D0A02B78D0B02B47D0C02B00F0FE
:101150008A8000F0F803D02B0BD100F00702013297
:1011600042F40022052301212846FFF793FD0028C1
:10117000D9D0092005B0BDE8F0830DF10C0900239A
:1011800019468700CDF800900D222846FFF794FB02
:10119000FFB2039BCDF80090043760064CBFDF1B05
:1011A000FF18002319460D2228460397FFF7A6FBD8
:1011B000B9E700F00D030D2BDBD003AF002300F0E7
:1011C0000F02194600972846FFF776FB0023009789
:1011D00019460D222846FFF791FBA4E7B1285FD0FE
:1011E000B22800F0CC80B3287ED000F0FC03B42BF2
:1011F000BFD000F007020132012342F40022194659
:101200002846FFF747FD00288DD0B2E73046FFF7AC
:1012100057FF24020443B4F5004FAAD02401002351
:10122000A2B219462846FFF735FD0028A1D114F4D3
:10123000004F18BF4FF0010875E7C24302F00703E3
:101240004FF47F621A41010702F47F624FF00003FE
:1012500048BF42F4804219462846FFF71BFD00288C
:101260003FF461AF85E7C62851D0C7285AD000F0B7
:10127000F803C02B69D0C82875D0C9287FF479AF8E
:101280003046FFF71DFF020300F00F0002F470224A
:101290000130024366E7B8F1000F14D0002069E77F
:1012A0003046FFF70DFF00283FF463AF10F0F00366
:1012B0007FF45FAF024619462846FFF7EBFC002893
:1012C0003FF431AF55E703AC43460E22414600944C
:1012D0002846FFF7F1FA0094284643460F2241467C
:1012E000FFF70CFB404645E73046FFF7E9FE0103F8
:1012F00000F00F0001F47021421C01230A4328462C
:101300001946FFF7C7FC00283FF40DAF31E7304620
:10131000FFF7D6FE010300F00F0001F47021421C1C
:101320000323EBE73046FFF7CBFE024600283FF4ED
:1013300020AF10F0F0037FF41CAF04212846FFF724
:10134000A9FC00283FF4EFAE13E700F00F020132D2
:10135000032342F4202219462846FFF79BFC00286D
:101360003FF4E1AE05E73046FFF7AAFE00F0F002D9
:1013700000F00F031032013343EA0232F2E6002399
:101380000DF10C090D221946CDF800902846FFF703
:1013900093FA3046FFF794FE02064FF002070CD591
:1013A000039B00F07F00B840034430460393FFF7EF
:1013B00087FE030607F10707F2D4039BCDF80090E0
:1013C00000F07F0403F50172BC4000231444194669
:1013D0000D2228460394FFF791FAA4E610B5C36CDA
:1013E00084B05A6803208DF80C00DC798DF80D402C
:1013F00012020833084601A901920293FFF78CFEFE
:1014000004B010BD08B5FFF785FE806C08BD00BFB5
:1014100008B5FFF77FFEC06CC37900EB830008308E
:1014200008BD00BF08B500F007F800BF08B5FFF71A
:10143000F9FF00BF704700BF08B5062001F04CFE61
:101440000120F7F793F900BF014B1868704700BF00
:101450004408002470B5002948D005460C4610B158
:10146000836B002B48D0626EB4F90C30D00740D4A7
:10147000990530D52146284600F05CF8E36A064617
:1014800033B1E169284698470028B8BF4FF0FF36CE
:10149000A3891A063CD4216B41B104F1400399425F
:1014A00002D02846F6F78EFA00232363616C21B13F
:1014B0002846F6F787FA0023636400F0E9F9636EC3
:1014C0000022DB07A2811FD5A06D00F03DFF00F0D8
:1014D000E5F9304670BDA06D00F038FFB4F90C306E
:1014E000002BC7D1666E16F0010616D000263046D6
:1014F00070BD002BFAD0BDE700F04CF9626EB4F974
:101500000C30D007F5D4B3E7A06D00F021FFDBE786
:1015100021692846F6F756FABDE7A06D00F018FFDE
:10152000304670BD024B01461868FFF793BF00BFFD
:1015300044080024B1F90C309AB22DE9F0410C4670
:101540001107804644D4626843F40063002AA381F3
:1015500059DDA56A002D53D000229BB2D8F8006057
:10156000E169C8F8002013F4805240F08380012321
:101570004046A847421C4AD0A389A56AE1695B0797
:1015800005D56268236B801A0BB1E36BC01A024663
:1015900000234046A847471C45D0B4F90C302269C7
:1015A000226023F400630022A381DB04626000D583
:1015B0002065216BC8F8006011B304F14003994223
:1015C00002D04046F6F7FEF900202063BDE8F08126
:1015D0002669AEB12568266092070CBF63690023B7
:1015E000AD1BA3600AE02B463246676AE1694046BC
:1015F000B8470028A5EB000506442BDD002DF2DCE2
:101600000020BDE8F081E26B002AA2DCF8E7D8F800
:101610000030002BB0D01D2B01D0162B2CD1C8F8D8
:1016200000600020EDE7D8F800101D291AD8154BEE
:10163000B4F90C20CB40DB4313F0010314D125692E
:1016400022F40062C4E90053D504A281B1D5002977
:10165000AFD1ADE7A38943F04003A3814FF0FF3042
:10166000BDE8F081B4F90C2042F04002A2814FF0B5
:10167000FF30C6E7206D82E7A38943F04003A381D2
:10168000BFE700BF0100402038B50D46044608B151
:10169000836BA3B1B5F90C00B8B16B6EDB0701D455
:1016A00081051AD520462946FFF744FF6B6EDA07FD
:1016B000044602D4AB899B050AD5204638BD00F00C
:1016C00069F8B5F90C000028E7D10446204638BD7A
:1016D000A86D00F03DFE204638BDA86D00F036FE36
:1016E000E0E700BF20B1054B01461868FFF7CCBF0B
:1016F000034B0449186800F0C9BD00BF440800242A
:10170000549D05088916050810B5002304468181FB
:10171000C281C0E9003383604366C0E9043383615A
:10172000194608225C3001F0DBFA07480749084AED
:10173000084BE362C4E90740C4E9091204F1580008
:10174000BDE8104000F0FEBD15310508393105082F
:101750007531050895310508014900F097BD00BFB6
:101760005514050870B54A1E682505FB02F50E469E
:1017700005F17401F6F7DAF8044640B100210C30A7
:10178000666005F168022160A06001F0A9FA2046B8
:1017900070BD00BF10B50446124800F0D7FDA26B23
:1017A000D2B904F53B731048C4F8E8320321C4F8F9
:1017B000E022E063C4F8E41260680421FFF7A4FFAC
:1017C00001220921A068FFF79FFF02221221E06891
:1017D000FFF79AFF0123A3630248BDE8104000F021
:1017E000B7BD00BFA0B900245917050870B506465B
:1017F000244800F0ABFD244B1D68AB6B83B305F5AB
:101800003875D5E90134013B05D525E0013B5A1C6B
:1018100004F1680420D0B4F90C20002AF6D1002588
:101820001A4BE36004F15800656600F08BFD154823
:1018300000F08EFD2560C4E90155C4E90455A56199
:101840002946082204F15C0001F04AFAC4E90C556B
:10185000C4E91155204670BD2C682CB12546D0E74F
:101860002846FFF797FFCAE704213046FFF77AFFC3
:10187000044628600028F1D1024800F069FD0C23DD
:101880003360E7E7ACB90024549D05080100FFFF71
:10189000014800F05BBD00BFACB90024014800F076
:1018A00057BD00BFACB90024F0B5134683B00F4656
:1018B00001AA1946064605F0C3FA002836D00546A7
:1018C0003046FFF793FF044600282FD039464FF4E7
:1018D000DB73019A304601F04DFA071E30DB636E70
:1018E000DB0715D51C4B1D491D4AE781C4E9074399
:1018F000C4E909121B4BA581E905E3620FD4636EAD
:10190000DA0702D4A3899B0514D5204603B0F0BDA5
:10191000A3899805E6D4A06D00F018FDE2E73046F3
:1019200002230022214600F06BF9E8E7002420465C
:1019300003B0F0BDA06D00F00BFD204603B0F0BD7C
:101940000025FFF7A5FFA581A06D00F0FDFC2C464A
:10195000FFF7A4FFD9E700BF1531050839310508A5
:101960007531050895310508024B0A46014618688D
:10197000FFF79ABF44080024F8B5244F0C460646EA
:10198000F6F7FDFCBB685D68C4F57E610F3125F09C
:101990000305294421F47F6121F00F01A1F5805452
:1019A000B4F5805F07DB0021304601F08FFABB6899
:1019B0002B44984204D03046F6F7E5FC0020F8BDF1
:1019C0006142304601F082FA01300DD0104BBA6806
:1019D00019682D1B45F001053046091B556019603B
:1019E000F6F7D1FC0120F8BD0021304601F06EFA77
:1019F000BA68831A0F2BDEDD064C0549246843F0D4
:101A00000103001B53600860D5E700BFDC0D002414
:101A1000D4310024E4110024002953D0F8B50C4639
:101A20000646F6F7ACFC54F804CC714F2CF00101DB
:101A3000A4F108056B18B8685A68984222F00302AE
:101A400053D01CF0010F5A6003EB02003BD154F855
:101A500008CC4068A5EB0C0507F1080EAC6874458E
:101A6000614400F0010075D0D5F80CC0C4F80CC07A
:101A7000CCF8084060B341F001036B606950B1F5E8
:101A8000007F50D34B0A042B70D88B0903F1390423
:101A9000E40003F1380238193B590838984278D0ED
:101AA0005A6822F003028A4271D99B689842F7D1A2
:101AB000C368C5E902039D60C5603046BDE8F840D3
:101AC000F6F761BC7047406800F001000028D2D1F1
:101AD0009868484C1144A04241F0010262D0DB6892
:101AE000C36098606A606950C9E71CF0010F0A443E
:101AF00007D154F8083CED1A1A44D5E90213CB601B
:101B000099603D4B1B6842F0010193426960BD60E2
:101B100004D83A4B30461968FFF72EFF3046BDE82F
:101B2000F840F6F730BCC90878684A1C01238910D0
:101B30008B40034307EBC20157F832007B60083942
:101B4000C5E9020147F83250C5603046BDE8F840AB
:101B5000F6F719BC002845D10A44D3E9021342F034
:101B60000100CB6099606860AA50D7E7142B08D9B0
:101B7000542B1ED80B0B03F16F04E40003F16E022B
:101B800089E703F15C04E40003F15B0283E7184694
:101B90008EE793107968012202FA03F30B437B600E
:101BA000034686E7C7E90455C5E902006A60695043
:101BB000B4E7B3F5AA7F06D8CB0B03F17804E400B1
:101BC00003F1770267E740F25452934206D88B0C38
:101BD00003F17D04E40003F17C025CE74FF47E74C2
:101BE0007E2258E741F001026A60196096E700BF63
:101BF000DC0D0024E40D0024E8110024043200244C
:101C000000F000B82DE9F04F0C4697B091461F4602
:101C1000064618B1836B002B00F08F80626EA3899B
:101C2000D20702D49D0540F1A18003F48473B3F57B
:101C3000847F00F09680D4F82880B8F1000F7FD020
:101C4000012F13D0022F00F08780002F00F0848036
:101C5000636E1622D907326002D4A3899A0577D51C
:101C60004FF0FF35284617B0BDE8F08F21463046CB
:101C7000FFF70AFDA38913F4805240F03181E16936
:101C80003B463046C047411C054600F0DC80A38936
:101C900022695F0740F1E8806368216BED1A09B1A2
:101CA000E06B2D1AA9444FF0010A0027002A00F02A
:101CB000E580B4F90C3040F61A019AB20A4208D114
:101CC000520566D4944A904500F0FB8043F40063CB
:101CD000A38121463046FFF7D7FC002840F0BF80A3
:101CE0003B464A46E1693046C047013000F0B780C4
:101CF000216B41B104F14003994202D03046F5F71F
:101D000061FE00232363A3892269226023F4026316
:101D10000021A3816160082204F15C0000F0E0FF73
:101D2000656E15F0010503D1A3899B0540F19380F1
:101D30000025284617B0BDE8F08FFFF72BFD6DE7B3
:101D4000636E1D22D80732608AD4A3899A0587D48E
:101D5000A06D00F0FDFA83E74FF0000A22695546B6
:101D6000A4E721463046FFF78FFC64E7A06D00F042
:101D7000EDFAA38959E7019AB4F90C3002F47042E4
:101D8000B2F5004FA2D143F480634FF48062A38187
:101D9000E264002F40F08880CB46BAF1000F72D188
:101DA000A389DB047ED452460123E1693046C04753
:101DB000451C8ED06368216BC51A1A46002968D06D
:101DC000E06B2D1AA26BD4F810C01D44A2EB0C02DC
:101DD000AD1A0244AB4580F28580E56CE1696D4245
:101DE00005EA0B052A4600233046C04701303FF480
:101DF00070AF2369216B23600023636041B104F15C
:101E00004003994202D03046F5F7DCFD00232363FE
:101E1000A389BBEB050B23F02003A38110D021463F
:101E2000304600F0C7FF00287FF453AF63685B457E
:101E3000FFF44FAF2268A3EB0B035A44C4E900231D
:101E40000822002168E7636EDA073FF509AFA3892E
:101E50009B053FF505AFA06D00F07AFA02E7636ECF
:101E6000D9077FF5FAAEFBE618077FF51BAF2368AD
:101E7000002B3FF417AF9B1A1D4413E72146304651
:101E800000F096FA15E7216B11B16368E06B99E7F2
:101E900062682068D4F810C0A0EB0C002D1A024430
:101EA000002197E7206D85E76A46B4F90E103046A9
:101EB00000F034F800287FF40CAF049B09EB030B0F
:101EC0006BE7B4F90E100029FFF600AF6A46304602
:101ED00000F024F800283FF44EAFB4F90C30F5E6DA
:101EE000256DD5E6AB185B457FF677AFABEB050507
:101EF0000CEB0503521BC4E9003241B104F140036D
:101F0000994202D03046F5F75DFD00232363A38993
:101F100023F02003A38193E77531050838B50B46FC
:101F2000074C05461146184600232360F6F757FC78
:101F3000431C00D038BD2368002BFBD02B6038BD7C
:101F40008CB900249368002B00F0E4802DE9F04F59
:101F5000B1F90C309BB20C46190783B0824690460B
:101F600035D522699AB313F00202D8F800603DD04B
:101F70000027D4F824B0D4F81CC0DFF8C0923D4646
:101F80004D452B463A4628BF4B4661465046D5B193
:101F9000D847002840F3C680D8F808301B1A0744F9
:101FA0002D1AC8F80830002B00F0B080D4F81CC0FF
:101FB000D4F824B04D452B463A4628BF4B466146DF
:101FC0005046002DE4D1D6E900750836D8E7214601
:101FD000504604F01BF8002840F02A81B4F90C3078
:101FE000D8F800609BB213F00202C1D113F00109CE
:101FF0005DD1A76820684D46002D54D09A0540F168
:102000009B80AF42BB4600F2D88013F4906F2FD074
:10201000D4E9041707EB4707A0EB010B07EBD777D1
:10202000681C7F105844B8423A4684BF07463A4677
:102030005B0540F1D38011465046F5F777FC002848
:1020400000F0F0805A462169019000F04BFDA28912
:10205000019B22F4906242F08002A281A7EB0B0266
:1020600003EB0B00676123612060A2602F46AB4643
:102070005A46494600F0D0FDA2682368D21B5B4453
:102080002F46A26023600025D8F80830DB1BB94436
:10209000C8F80830002B39D0B4F90C30A768206894
:1020A0009BB2002DAAD1D6E900950836A4E73346A5
:1020B0009146104617464E469B46002F6BD000288F
:1020C00071D0D4E904122068B9454B4628BF3B467D
:1020D000884203D9A5681544AB4271DC9A4200F3EB
:1020E00093801346656AE16932465046A847051E4B
:1020F00018DDB9EB05090FD00120D8F808305B1BBB
:102100002E447F1BC8F80830002BD6D1002003B026
:10211000BDE8F08F0020704721465046FFF7B4FA23
:102120000028EAD0B4F90C3043F040034FF0FF3000
:10213000A38103B0BDE8F08F2369834215D36169A1
:10214000A94212D83C4B676A9D4294BF2B466FF060
:1021500000434A4693FBF1F3504601FB03F3E16968
:10216000B847071EDEDDED1B8EE7AF4228BF2F46C6
:102170003A46494600F050FDA3682268DB1B3A440A
:10218000A3602260002BEED121465046FFF77CFA77
:102190000028E8D0C6E70BF1080353E902679B4625
:1021A0000833002FF9D03A460A21304600F018FCD7
:1021B00038B30130A0EB060983E72F46AB4657E75B
:1021C00031462A4600F028FD23682B44236021462F
:1021D0005046FFF759FA00288BD0A3E75046F5F791
:1021E00011FB034600287FF439AF21695046F5F70B
:1021F000E9FBB4F90C300C2223F08003CAF800206C
:1022000092E707F101095CE71A463146019300F0B5
:1022100003FD019BA1682268C91A1A44A1602260CB
:102220001D4666E70C23CAF80030B4F90C307BE792
:102230004FF0FF306BE700BFFEFFFF7F00FCFF7F2A
:102240002DE9F04110F538771BD088460026D7E9F4
:102250000154013D0FD4A389012B05F1FF35204620
:1022600005D9B4F90E30013301D0C04706436B1CC9
:1022700004F16804EFD13F68002FE8D13046BDE893
:10228000F0813E463046BDE8F08100BF2DE9F843BD
:1022900010F538771FD0884606464FF00009D7E979
:1022A0000154013D11D4A389012B05F1FF352146CD
:1022B000304606D9B4F90E30013302D0C04749EA9E
:1022C00000096B1C04F16804EDD13F68002FE6D1D2
:1022D0004846BDE8F883B9464846BDE8F88300BFE4
:1022E00070B50D4E0D4D761BB61006D0002401348E
:1022F00055F8043B9847A642F9D1094E094D761B83
:1023000005F0A4FAB61006D00024013455F8043BB9
:102310009847A642F9D170BDF0110024F0110024B5
:102320001C120024F0110024044B054A1B685B6B4F
:10233000002B08BF134693F8280170474408002477
:10234000700C0024704700BF704700BF704700BF8B
:10235000704700BF70B50C46B1F90E10002996B059
:1023600015461E460FDAA289002312F08000336062
:1023700004D14FF480632B6016B070BD4022184624
:102380002A6016B070BD6A46FFF7C8FD0028EADB78
:10239000019B03F47043A3F50053B3FA83F35B0985
:1023A0004FF480624FF4006033602A6016B070BD55
:1023B0008A8992070B4606D501F1430201211A6072
:1023C000C3E90421704770B582B001AB6A460C4680
:1023D0000546FFF7BFFF009906462846F5F7A6FA1F
:1023E000B4F90C30D8B11649E963019A009920601C
:1023F00043F08003A381C4E904011AB93343A381E4
:1024000002B070BD2846B4F90E1004F053FDA0B11F
:10241000A38923F0030343F001031BB2EEE79A05FF
:10242000EED423F0030304F1430243F0020301213D
:10243000A3812260C4E90421E2E7B4F90C30DDE7AE
:1024400059170508024B01461868F5F76FBA00BF27
:1024500044080024024B01461868F5F7B3BA00BFE0
:10246000440800242DE9F04F01F10B05162D83B02F
:10247000064623D8102900F2B980F5F780FF102511
:1024800018230220C54F3B44A3F108025C68944224
:1024900000F06681636823F003032344D4E902510A
:1024A0005A68E96042F001028D6030465A60F5F7E3
:1024B0006AFF0834204603B0BDE8F08F35F0070509
:1024C00000F19480A94200F29180F5F758FFB5F52C
:1024D000FC7FC0F083816B0A00F08F80042B00F238
:1024E0004681AB0903F1390003F1380CC300AB4F4F
:1024F0003B44A3F108015C68A14206D10CE0002A2C
:1025000080F21D81E468A14206D0636823F00303D2
:102510005A1B0F2AF3DD60463C69DFF894C264451C
:1025200071D0636823F003035A1B0F2A00F3448120
:10253000002AC7E904CC80F22681B3F5007F80F041
:102540006981DB08591C7A6857F83180C4F8088023
:102550004FF0010E9B100EFA03F307EBC10E13436D
:10256000AEF10802E2607B6047F83140C8F80C40E9
:102570008210012494409C424BD81C4206D120F08A
:10258000030064001C4200F10400FAD007EBC0090C
:10259000CE468046DEF80C309E4507D122E1002A67
:1025A00080F22981DB689E4500F01C81596821F08A
:1025B00003014A1B0F2AF2DDD3E9028E5C1945F0B4
:1025C00001055D6042F00105C8F80CE03046CEF828
:1025D0000880C7E90444C4E902CC65605A500193FD
:1025E000F5F7D1FE019B03F1080463E700240C23F7
:1025F0002046336003B0BDE8F08F4FF400734020F5
:102600004FF03F0C73E77B688210012494409C429A
:10261000B3D9BC68636823F00309A94503D3A9EBC8
:1026200005030F2B7BDC5E4BDFF888A11A68DAF814
:102630000030013305EB020800F0488108F58058AE
:1026400008F10F0828F47F6828F00F08414630464B
:1026500000F03CFCB0F1FF3F834600F0048104EB46
:102660000900584500F2FD804E4A13684344136048
:1026700000F04D81DAF8001001311BBFABEB000018
:102680001B18CAF800B013601BF0070300F0348178
:10269000C3F10801C3F580538B440833D844C8F311
:1026A0000B08A3EB080841463046019200F00EFCEF
:1026B000431C019A00F04681A0EB0B01414441F01C
:1026C00001011368C7F808B04344BC42CBF80410BA
:1026D000136015D0B9F10F0F40F230816068A9F195
:1026E0000C0121F0070100F0010004EB010C08438C
:1026F0004FF0050E0F296060CCE901EE00F23A813F
:10270000294A2A481168BC688B42016888BF136057
:1027100062688B4222F0030288BF0360A7E062195F
:1027200043F0010345F0010565603046BA6053602F
:10273000F5F729FE0834204603B0BDE8F08F2344A6
:10274000E1685A68A56842F00102E96030468D6090
:102750005A60F5F718FE0834204603B0BDE8F08F44
:10276000DC68A34208BF02303FF4D6AE92E6142BD9
:1027700071D9542B00F2AD802B0B03F16F0003F1E4
:102780006E0CC300B3E6234430465A6842F001029F
:102790005A600834F5F7F7FD8CE600BFDC0D002425
:1027A00004320024D4310024FC31002400320024FF
:1027B000E40D0024E4110024611945F0010E42F0FB
:1027C0000105C4F804E03046C7E90411C1E902CCB0
:1027D0004D60E250F5F7D7FD08346BE6E80805F1E7
:1027E00008034FE608F1010818F0030F0EF1080E78
:1027F0007FF4D0AE52E019441C464A68DB6854F8B6
:10280000085F42F001024A603046EB609D60F5F7D8
:10281000BAFD4FE65A0A042A35D9142A6FD802F1B4
:102820005C01C9005B3207EB010E7958AEF1080E6E
:102830008E4558D04A6822F003029A4202D989682C
:102840008E45F7D1D1F80CE07B68C4E9021ECEF8C2
:102850000840CC608CE603F15C0003F15B0CC30024
:1028600045E6BC4272D0BC68626822F00302954221
:10287000A2EB050302D80F2B3FF751AF3046F5F717
:1028800082FD002416E69A0902F13901C9003832A6
:10289000C9E7D9F80090994540F0838010F0030F04
:1028A000A9F1080300F1FF30F3D17B6823EA0403A8
:1028B0007B6064009C423FF6ACAE1CB9A9E66400A4
:1028C00008F104081C42FAD040465FE608F11008FF
:1028D000BCE6B3F5AA7F26D8EB0B03F1780003F131
:1028E000770CC30003E67B6892104FF0010808FAEA
:1028F00002F213437B60A8E74FF48053CEE6542ADC
:1029000029D81A0B02F16F01C9006E328BE7C0F3B0
:102910000B0100297FF4AEAE09EB0802B96842F062
:1029200001024A60ECE640F2545293421CD8AB0CD0
:1029300003F17D0003F17C0CC300D8E50123CBF843
:1029400004309BE701214FF00008BAE6164A1368ED
:10295000434413608EE6B2F5AA7F14D8DA0B02F175
:102960007801C90077325EE74FF47E737F204FF025
:102970007E0CBCE504F1080130460192F5F722F81F
:10298000019A1368BCE640F254518A4205D89A0C69
:1029900002F17D01C9007C3245E74FF47E717E2251
:1029A00041E77B6885E700BFD431002482B049B19C
:1029B0005AB16BB113780B601278101C18BF01204C
:1029C00002B0704701A9002AF3D1104602B0704747
:1029D0006FF00100F4E700BF0000000000000000FD
:1029E00001F0FF01102A2BDB10F0070F08D010F8C0
:1029F000013B013A8B422DD010F0070F42B3F6D1C4
:102A0000F0B441EA012141EA014122F007047FF0DC
:102A100000070023F0E80256083C85EA010586EA33
:102A2000010685FA47F5A3FA87F586FA47F6A5FA6F
:102A300087F68EB9EED1F0BC01F0FF0102F007027B
:102A400032B110F8013B013A83EA010313B1F8D126
:102A50000020704701387047002D06BF3546033807
:102A6000073815F0010F07D1013015F4807F02BF40
:102A7000013015F4C03F0130F0BC0138704700BF91
:102A8000032A70B414D940EA0105AD0704460B4689
:102A900022D11D682668AE421946204603F1040380
:102AA00004F1040418D1043A032A20461946F0D848
:102AB000541E72B102780B789A4208BF641806D08F
:102AC0000CE010F8012F11F8013F9A4206D1A14203
:102AD000F7D1002070BC7047541EEBE7D01A70BCD1
:102AE000704700BF844641EA000313F003036DD131
:102AF000403A41D351F8043B40F8043B51F8043BC1
:102B000040F8043B51F8043B40F8043B51F8043BC7
:102B100040F8043B51F8043B40F8043B51F8043BB7
:102B200040F8043B51F8043B40F8043B51F8043BA7
:102B300040F8043B51F8043B40F8043B51F8043B97
:102B400040F8043B51F8043B40F8043B51F8043B87
:102B500040F8043B51F8043B40F8043B51F8043B77
:102B600040F8043B51F8043B40F8043B51F8043B67
:102B700040F8043B403ABDD2303211D351F8043B07
:102B800040F8043B51F8043B40F8043B51F8043B47
:102B900040F8043B51F8043B40F8043B103AEDD2B6
:102BA0000C3205D351F8043B40F8043B043AF9D207
:102BB000043208D0D2071CBF11F8013B00F8013BDA
:102BC00001D30B8803806046704700BF082A13D3E7
:102BD0008B078DD010F003038AD0C3F10403D21AFF
:102BE000DB071CBF11F8013B00F8013B80D331F833
:102BF000023B20F8023B7BE7043AD9D3013A11F8B3
:102C0000013B00F8013BF9D20B7803704B7843701D
:102C10008B788370604670478842F0B40DD98B186A
:102C200083420AD9841832B1224613F8014D02F8C2
:102C3000014D9942F9D1F0BC70470F2A49D940EAB9
:102C400001039B0747D1A2F110031B0901F12007E3
:102C500007EB031701F1100400F1100554F8106C94
:102C600045F8106C54F80C6C45F80C6C54F8086C72
:102C700045F8086C54F8046C45F8046C1034BC42F8
:102C800005F11005EAD1013302F00F051B01032DF8
:102C90001944034421D91F1F0E462C46043C56F804
:102CA00004CB47F804CF032CF8D82C1F24F00304DE
:102CB00004342344214402F00302002ABBD0013B28
:102CC0000A4411F8014B03F8014F9142F9D1F0BCCD
:102CD00070470346F1E70346F1E72A46EDE700BFF8
:102CE000F0B4860743D0541E002A3ED0CAB2034631
:102CF00002E014F1FF3438D303F8012B9D07F8D11B
:102D0000032C2BD9CDB245EA05250F2C45EA054504
:102D100016D9A4F110073F0903F1200606EB0716A8
:102D200003F1100242E9045542E902551032B24261
:102D3000F8D104F00F040137032C03EB07130DD96E
:102D40001E462246043A032A46F8045BFAD8221F9C
:102D500022F003020432134404F003042CB1C9B27C
:102D60001C4403F8011B9C42FBD1F0BC7047144685
:102D70000346C5E770B50D46084C114606461A468F
:102D8000284600232360F5F763FE431C00D070BD86
:102D90002368002BFBD0336070BD00BF8CB90024CA
:102DA000838903F00903092B01D000207047FEF747
:102DB00099BC00BFF8B50C46054610B1836B002BDB
:102DC00040D0B4F90C309AB2970407D4626E43F441
:102DD000005322F400526266A3819AB20021960643
:102DE000616038D450071AD4D10662D512074ED488
:102DF00043F00403A3812369002B55D0B4F90C7070
:102E0000BEB2B3072AD12269226028466369256AC7
:102E1000E169A8470028606017DD0020F8BD216B3C
:102E20000029E8D004F14003994202D02846F4F783
:102E3000C9FDE36B636000202063002BDBD0A36B34
:102E40002360F8BDFEF7A6FCBBE7B4F90C3016D141
:102E500043F02003A3814FF0FF30F8BD194B1A490E
:102E600018680123A38106F00906FFF7E9F9092E86
:102E7000A781C8D121462846FEF75CFBC3E743F093
:102E800040030022A38162604FF0FF30F8BD21466D
:102E90002846FEF7F9FB0028DDD1B4F90C30A0601C
:102EA000A06123F00803A3E721462846FFF780FA34
:102EB000A4E743F0400309222A604FF0FF30A381CA
:102EC000F8BD00BF549D0508A12D050838B5074C75
:102ED0000023054608462360F5F734FA431C00D06A
:102EE00038BD2368002BFBD02B6038BD8CB9002483
:102EF00000290CBF022200224FF4806300F000B8CA
:102F00002DE9F0435D4C256883B00446884616469B
:102F10001F4615B1AB6B002B7ED0022E05D0012EC3
:102F200000F2A980002FC0F2A680636EDA0735D5C3
:102F300021462846FEF7A8FB216B41B104F140036E
:102F4000994202D02846F4F73DFD00232363B4F9EB
:102F50000C3000221806A261626061D423F44A6337
:102F600023F00303022EA3811FD10025616E0020F0
:102F700004F1430243F00203A060C9074FF00100CF
:102F8000A3812260C4E9042004D49B0502D4A06D6F
:102F9000FFF7DEF9284603B0BDE8F083A3899B055F
:102FA000C6D4A06DFFF7D2F9C2E701AB6A4621464D
:102FB0002846FFF7CFF9A3891843A081002F36D107
:102FC000009F3846FFF73EFA8046002842D0A3898A
:102FD00043F08003A381AB6B7BB3009AB4F90C3050
:102FE000C4F80080BA421CBF43F40063A381012EE1
:102FF00004BF43F00103A3819BB213F00802C4E9AC
:1030000004871ED1A260656E15F00105BDD00025B4
:10301000284603B0BDE8F0832846FEF7BBFB7CE7FB
:1030200021692846F4F7CEFCB4F90C3096E7B8F1E4
:10303000000FC6D0AB6B002BCFD12846FEF7AAFB02
:10304000CBE7DA0704D57F420022A761A260DAE766
:10305000A760D8E7DDF80090B94504D1B4F90C3089
:103060004FF0FF3582E74846FFF7ECF9804600282D
:10307000F4D04F46ABE74FF0FF358BE74408002410
:103080001F2938B522D8D0F8DC3205460C466BB182
:1030900053F8212052B1012A12D0511C12D0002520
:1030A000204643F824509047284638BD284600F073
:1030B0002FF8224601462846BDE8384000F014B8F3
:1030C000002038BD16230360012038BD162303609D
:1030D0004FF0FF3038BD00BF024B01461868FFF7C4
:1030E000CFBF00BF4408002438B50B46074C054647
:1030F000114618460023236004F0A0FB431C00D0B7
:1031000038BD2368002BFBD02B6038BD8CB9002460
:1031100004F08CBB10B50C46B1F90E1004F006FAA1
:10312000002803DB236D0344236510BDA38923F42A
:103130008053A38110BD00BF2DE9F0411646B1F9BF
:103140000C201F46D3050C460546B1F90E1007D5D5
:103150000022022303F0CEFEB4F90C20B4F90E10C5
:1031600022F48052A2813B4632462846BDE8F04117
:1031700002F036BF10B50C46B1F90E1003F0BAFEDE
:10318000A389421C0EBF23F4805343F4805320656F
:10319000A38110BDB1F90E1002F09EBF0000000027
:1031A000A2EB0300704700BF02780B78012A28BF0A
:1031B0009A42F5D16DE9044540EA0104CDE9026780
:1031C0006FF0000C4FEA447212B380EA010414F06D
:1031D000070F6AD100F0070420F0070004F0030590
:1031E00021F007014FEAC505F0E8042314F0040FAD
:1031F000F1E804670CFA05F462EA040266EA0406E0
:103200000AD063EA0403624667EA0407664603E0FD
:10321000F0E80423F1E8046782FA4CF582EA060438
:10322000A4FA8CF46CBB83FA4CF583EA0705A5FA83
:103230008CF595B950E9022351E9026782FA4CF501
:1032400082EA0604A4FA8CF483FA4CF583EA0705B3
:10325000A5FA8CF52543DBD09CB92DBAB5FA85F4D7
:1032600024F0070427FA04F1DDE9026723FA04F3E6
:1032700003F0FF0001F0FF01FDE80445A0EB0100B1
:10328000704724BAB4FA84F424F0070426FA04F14F
:10329000DDE9026722FA04F202F0FF0001F0FF010B
:1032A000FDE80445A0EB0100704714F0030F3CD18A
:1032B00010F0030428D150F8082B51F8083B82FA8B
:1032C0004CF582EA0305A5FA8CF55DB950F8042C9B
:1032D00051F8043C82FA4CF582EA0305A5FA8CF514
:1032E000002DE8D02DBAB5FA85F424F0070423FAAE
:1032F00004F122FA04F202F0FF0001F0FF01FDE800
:103300000445A0EB010070474FEAC40420F003001D
:1033100050F8082B21F0030151F8083B0CFA04F493
:1033200062EA040263EA0403C9E710F003041AD056
:10333000A1EB040120F00300E40750F8042B06D0B1
:103340000FD28B785FFAA2F4E41A06D12BB1CB78B6
:103350005FFAB2F4E41A00D11BB920465DF8104BB5
:10336000704701F1040150F8042BCC0721F0030150
:1033700051F8043B48D824D222F07F4482FA4CF51D
:1033800094EA1325A5FA8CF50AD165B951F8043BE6
:1033900084EA0204B4EB036F0ED150F8042BEBE780
:1033A0004FEA132355E035F07F454DD10878FDE80D
:1033B0000445C0F1000070474FEA126203F0FF03BA
:1033C00047E002EA1C4482FA4CF594EA1345A5FA58
:1033D0008CF50AD165B951F8043B84EA0204B4EBD8
:1033E000034F0CD150F8042BEBE74FEA134330E0C6
:1033F00015EA1C4528D10B884FEA124229E04FEA12
:10340000124203EA1C4324E002F0FF0482FA4CF566
:1034100094EA1365A5FA8CF50AD165B951F8043B15
:1034200084EA0204B4EB032F09D150F8042BEBE734
:103430004FEA13630DE015F0FF0F05D10B684FEA5B
:10344000122223F07F4304E04FF00000FDE8044522
:10345000704712BA1BBA82FA4CF482EA0304A4FA47
:103460008CF5B5FA85F402FA04F203FA04F34FEA94
:103470001260FDE80445A0EB1360704700000000F7
:1034800090F800F06DE9024520F007016FF0000CA4
:1034900010F0070491F820F040F049804FF000044C
:1034A0006FF00700D1E9002391F840F000F1080027
:1034B00082FA4CF2A4FA8CF283FA4CF3A2FA8CF35F
:1034C0004BBBD1E9022382FA4CF200F10800A4FAC6
:1034D0008CF283FA4CF3A2FA8CF3E3B9D1E904231A
:1034E00082FA4CF200F10800A4FA8CF283FA4CF351
:1034F000A2FA8CF37BB9D1E9062301F1200182FA0B
:103500004CF200F10800A4FA8CF283FA4CF3A2FA10
:103510008CF3002BC6D0002A04BF04301A4612BA1E
:10352000B2FA82F2FDE8024500EBD2007047D1E921
:10353000002304F00305C4F100004FEAC50514F0B0
:10354000040F91F840F00CFA05F562EA05021CBF81
:1035500063EA050362464FF00004A9E770B40478FB
:10356000A4B10D7806464DB1A5420AD00A4601E045
:10357000A34206D012F8013F002BF9D1801B70BC8A
:10358000704710F8014F002CEDD1F7E72046F6E721
:103590002DE9F04F2DED068BBFB00C460B919046F8
:1035A0000F930C9003F098FC036815931846FFF7EF
:1035B00067FFA38914901D0603D52369002B00F033
:1035C000E28600239FED968B9FED979BCDE92233FA
:1035D0000DF1B8091293139316930A93CDF88490C2
:1035E000CA4698F80030002B00F09A80252B4446FC
:1035F00002D11CE0252B03D014F8013F002BF9D198
:10360000A4EB080585B1DDE9223201332A44072BFA
:10361000CAF80080CAF80450CDE9223278DC0AF1F9
:10362000080A0A9B2B440A932378002B78D04FF08A
:10363000000300228DF867304FF0FF3063780D9261
:103640001146164604F10108099008F101089B464D
:10365000ABF12003582B00F25E83DFE813F0C602C3
:103660005C035C03C1025C035C035C035C035C03FE
:103670005C03B502B0025C03500335035C035503E1
:10368000BB00BB00BB00BB00BB00BB00BB00BB0062
:10369000BB005C035C035C035C035C035C035C03D6
:1036A0005C035C035C031303E7025C03E7025C0357
:1036B0005C035C035C03E2025C035C03AA005C0342
:1036C0005C035C035C035C0377005C035C039002B7
:1036D0005C035C035C035C035C035C035C035C03F2
:1036E0005C035C0388013B01E702E702E702360165
:1036F0003B015C035C0329015C031501AC00CF00B6
:10370000CA005C03EB005C0379005C035C03CE023F
:1037100021AADDE90B1003F01FFF40B9CA4680E77C
:10372000239B23B10C980B9921AA03F015FF0B9B47
:103730009B8913F0400F0A9B18BF4FF0FF330A9389
:103740000A983FB0BDEC068BBDE8F08F46F010063E
:10375000B7060F9B40F1FA84073323F0070303F108
:103760000802D3E900450F9201234FF000028DF8C3
:103770006720099A013200F0FF8326F08002079249
:1037800054EA05024FF0000740F0C780099A002A6A
:1037900040F07B86002B40F0AE8416F001030E93C0
:1037A00000F018853EAB1A46302302F8413D1092D6
:1037B000D4E046F0100616F0200300F0D0840F9BF2
:1037C000073323F0070303F10802D3E900450F9202
:1037D0000023CAE7ABF13003002018F801BB00EB6F
:1037E000800003EB4000ABF13003092BF5D90D90BD
:1037F0002EE746F0200698F8003026E70F9A0C4B8B
:1038000014681393043247F63003ADF8683046F07D
:1038100002060F92002502234FF0780BA5E700BFA8
:103820000000000000000000FFFFFFFFFFFFEF7F30
:103830008C9D05080F9A136810934FF000018DF8C6
:103840006710141D002B00F0CE85099A531C00F060
:103850006D8600211098FFF7C3F8002800F0538709
:10386000109B9DF867700F94C31A00220E9323EAF1
:10387000E3730992079608931192002F00F08A8053
:10388000089B0133089385E0002A41F04D800F9A90
:10389000B00652F8043B0F9200F1D484F10600F117
:1038A000C885720640F1C585BDF828201A8098E6C3
:1038B00098F800306C2B03BF98F8013046F02006D2
:1038C00008F1010846F01006BFE646F0400698F8F9
:1038D0000030BAE6002A41F03B80B4060F9B40F16D
:1038E000DA81073323F00703D3E9004503F1080227
:1038F0000F92002C75F10003C0F27884099B9DF8AB
:103900006770013300F07D8426F08002079254EA4C
:1039100005024FF001033FF439AF012B00F0328371
:10392000022B00F05483494600E01146E20842EAC7
:103930004572E80804F0070305461446303354EA9C
:10394000050001F8013C01F1FF32EED10798109219
:10395000C00700F12284A9EB02030E93099B0E9A83
:103960009342B8BF134608930023119385E70F9A3B
:10397000079613688DF890304FF00001131D8DF8F5
:10398000671001210027CDE90E1324AB0891099798
:1039900011971093079B13F0020302D0089A02328A
:1039A00008920799239A11F084063AD10D99089844
:1039B0000C1A002C35DD102C2299BD4D24DD50460B
:1039C0001027C246B0461E4604E0103C102C00F101
:1039D000080015DD013110320729CDE92212C0E9B6
:1039E0000057F2DD21AADDE90B1003F0B5FD002838
:1039F0007FF49DAE103C102CDDE922124846E9DC34
:103A000033464646D0468246013122440729CDE955
:103A10002212CAE9005400F310859DF867700AF17C
:103A2000080A77B12299013101320DF167040120B2
:103A30000729CDE92212CAE9004000F3B0820AF159
:103A4000080A6BB1229B013302321AA80221072B0C
:103A5000CDE92232CAE9000100F3AE820AF1080A78
:103A6000802E00F0C781099B0E995D1A002D2FDD75
:103A7000102D229B8F4C20DD51461026DDE90BA72F
:103A800004E0103D102D01F1080115DD0133103265
:103A9000072BCDE92232C1E90046F2DD21AA5146C9
:103AA000384603F059FD00287FF441AE103D102D3B
:103AB000DDE922324946E9DC8A4601332A44072BF4
:103AC000CDE92232CAE9004500F396820AF1080ADC
:103AD000079BDB0500F13681229B1099CAF8001084
:103AE0000E99CAF8041001330A44072B239222933B
:103AF00000F3EE810AF1080A079B590730D50D9BA8
:103B000008995C1A002C2BDD102C229B684D1EDDC1
:103B10001026DDE90BB704E0103C102C0AF1080A6E
:103B200015DD01331032072BCDE92232CAE90056E8
:103B3000F2DD21AA5946384603F00EFD00287FF435
:103B4000F6AD103C102CDDE92232CA46E9DC013327
:103B50002244072BCDE92232CAE9005400F3308316
:103B60000A9B0D9908988142ACBF5B181B180A93F9
:103B7000002A40F0768100232293CA4631E5002ACC
:103B800040F0DA864C4B1393B1060F9B3DD50733BB
:103B900023F00703D3E9004503F108020F92F7076A
:103BA00040F1B78054EA050300F0B38030238DF86C
:103BB00068308DF869B046F002060223D5E598F822
:103BC000003001222B2140E50F9898F8003004685E
:103BD0000D94002C00F10400C0F2E4830F9034E552
:103BE00046F0010698F800302FE598F800300029DB
:103BF0007FF42BAD0122202127E5002A40F0A0868A
:103C00002E4B1393B1060F9BC1D453F8044B0F9363
:103C1000F20600F1E382730640F1E082A4B20025CF
:103C2000BDE746F0080698F800300EE5002A40F09F
:103C30007F860F9B073323F0070393ED008B083338
:103C4000B0EEC87BB4EE497BF1EE10FA0F9340F36F
:103C50000783B5EEC08BF1EE10FA00F113859DF8E5
:103C60006770174A174B0321002026F08004BBF130
:103C7000470FD8BF1A46CDE90810079410920E914D
:103C80001190FAE5002A40F05F8646F01006B4066F
:103C90000F9B3FF526AE53F8044B0F93F00600F14F
:103CA0009F82710640F19C8224B2E51721E600BF95
:103CB000AC9D0508BC9D0508789D05088C9D0508F0
:103CC0006C9D0508689D050898F800B0BBF12A0FA7
:103CD00008F1010000F00F86ABF13003092B80469C
:103CE00000F2E584002018F801BB00EB800003EB34
:103CF0004000ABF13003092BF5D90990A8E498F8FE
:103D0000003046F00406A0E446F0800698F8003043
:103D10009BE4022329E5002A40F01E86BBF1000F38
:103D20003FF4FEAC0123002708934FF000020E93EE
:103D300024AB8DF890B08DF86720079609971197FE
:103D4000109327E6BBF1650F40F3CD80B5EE408BB5
:103D5000F1EE10FA40F06081229BAD49CAF80010E4
:103D6000013301320121072BCDE92232CAF80410B8
:103D700000F3B6830AF1080A129A1B9B9342239A16
:103D800080F21982229B1599CAF800101499CAF87A
:103D9000041001330A44072BCDE9223200F31883C3
:103DA0000AF1080A129B5D1E002D7FF7A5AE102DAB
:103DB000229B984C40F36D831026DDE90BB705E09C
:103DC0000AF1080A103D102D40F3638301331032CD
:103DD000072BCDE92232CAE90046F1DD21AA594676
:103DE000384603F0B9FB00287FF4A1ACDDE92232AC
:103DF000CA46E7E70D9B08995D1A002D7FF733AEA1
:103E0000102D229B834C20DD51461026DDE90BA7A7
:103E100004E0103D102D01F1080115DD01331032D1
:103E2000072BCDE92232C1E90046F2DD21AA514635
:103E3000384603F091FB00287FF479AC103D102D3B
:103E4000DDE922324946E9DC8A4601332A44072B60
:103E5000CDE92232CAE9004500F325830AF1080AB8
:103E600001E621AADDE90B1003F076FB00283FF400
:103E700082AE5CE421AADDE90B1003F06DFB0028A3
:103E80007FF455AC1B99239ACA4619B9129B002B93
:103E900000F05C83229B1598CAF800001498CAF8B9
:103EA000040001330244072B2392229300F336844B
:103EB0000AF1080A0029C0F26F84129910980133A0
:103EC0000A44072BCDE92232CAE900017FF712AE7E
:103ED00021AADDE90B1003F03FFB00287FF427AC9B
:103EE000239ACA4608E6129C2298012C02F101028C
:103EF00000F101030AF1080140F33C810120109C0C
:103F0000CAF80040072BCDE92232CAF8040000F3BA
:103F1000A4821498159C01330244072BCDE9223268
:103F2000C1E9004000F3A5820831129CB5EE408B38
:103F3000581CF1EE10FA074604F1FF3501F1080AAA
:103F400000F0DE80109C4D6001342A4407280C608C
:103F50002392229000F32A8201F11004981C51460A
:103F6000A246169C4C6022441DAB07282392229047
:103F70000B607FF7C1ADABE7012B07964FF0000751
:103F80007FF4CEAC002D08BF0A2C80F040813EAB00
:103F9000303403F8414D109301230E93DEE421AA3F
:103FA000DDE90B10179303F0D7FA00287FF4BFABBD
:103FB000239A179BCA4644E521AADDE90B1003F0BA
:103FC000CBFA00287FF4B3AB239ACA4648E5139E88
:103FD0004A46230904F00F0043EA057329091C46E9
:103FE0000D46335C02F8013D54EA0503F1D1A9EB1B
:103FF000020310920E93B1E421AADDE90B1003F045
:10400000ABFA00287FF493AB239ACA4660E500BF61
:10401000A89D0508BC9D05081B99002940F34F8207
:10402000DDE911318B42A8BF0B46002B1D460EDD8A
:10403000229B1099CAF8001001332A44072B2392BF
:10404000CAF80450229300F312830AF1080A119B64
:10405000002DA8BF5B1B002B1D4600F371811B9B2D
:1040600012998B42C0F2D4810799CD0700F1D0811B
:104070001299119CCB1A0D1B9D42A8BF1D46002D05
:104080000FDD22991098CAF80450013120442A44C7
:104090000729CAF80000CDE9221200F326830AF1AD
:1040A000080A002DACBF5D1B1D46002D7FF724AD17
:1040B000102D229BC54C40F3EC811026DDE90BB797
:1040C00005E00AF1080A103D102D40F3E2810133AA
:1040D0001032072BCDE92232CAE90046F1DD21AAD0
:1040E0005946384603F038FA00287FF420ABDDE962
:1040F0002232CA46E7E7099B0E93CDF840902DE4A3
:10410000002D7FF72EAF102DB04C40F3D883102632
:10411000DDF82CA00C9F034605E00831103D102D62
:1041200040F3E88101331032072BCDE92232C1E997
:104130000046F2DD21AA5146384603F00DFA002868
:104140007FF4F5AADDE922324946E7E753F8044B4C
:104150000F93F5067DD500250123FFF706BB0F9AC7
:1041600052F8044B0F9216F0100200F0E180002587
:10417000FFF7FBBA079CE4073FF5C0AE0124109D92
:10418000CAF80050072BCDE92232CAF8044000F3E8
:104190000D8102300AF1100AE3E6302B00F0328183
:1041A000109A0239302302F8013CA9EB01030E9367
:1041B0001091FFF7D3BB079BDF073FF5E3AD9BE40F
:1041C00021AADDE90B1003F0C7F900287FF4AFAA9C
:1041D000239AC5E4CDF84090FFF7C0BB0025DEE48C
:1041E000E517002C75F10003BFF688AB099B64420C
:1041F0004FF02D0765EB450501338DF867707FF4AF
:1042000083AB002D08BF0A2C0796FFF4C0AE4E46C4
:10421000204629460A220023FCF708F8303206F827
:10422000012D2046294600230A22FBF7FFFF044602
:104230000D4654EA0503EBD1A9EB060310960E9345
:10424000FFF78CBB0A9A1046D117C3E90001FFF7AC
:10425000C8B9700648BFA4B200250123FFF785BA8C
:10426000B4EE488BF1EE10FA80F10183099B5A1CE1
:104270002BF0200500F03682472D00F06C8146F4CB
:104280008073079318EE903A002BC0F20C82B0EEC8
:1042900048AB0027BBF1660F00F00D82BBF1460F63
:1042A00000F05E82452D00F05B811FA81CA91BAAAF
:1042B0000223099C0292CDE903100093019453EC70
:1042C0001A2B0C9801F0ACFFBBF1670F109040F077
:1042D0002183F30740F16B81109B099A9918B5EE81
:1042E00040ABF1EE10FA40F0D2810B46109A9B1AC7
:1042F0001293472D1B9B119300F06281BBF1660F57
:1043000040F06681119B002B099B40F3D182002B6A
:1043100040F0C482F60700F1C182119B08930E930E
:10432000002F40F0808109979DF86770FFF7A5BACC
:1043300016F040031CBF1346A4B20025FFF715BAC0
:10434000102D229B214C40F3E5801026DDE90BB7B0
:1043500005E00AF1080A103D102D40F3DB8001331F
:104360001032072BCDE92232CAE90046F1DD21AA3D
:104370005946384603F0F0F800287FF4D8A9DDE963
:104380002232CA46E7E740210C98F3F7CFFA0B9B9D
:1043900018601861002800F0BF820B9A4023536117
:1043A000FFF70FB964420D940F90AAE421AADDE94A
:1043B0000B1003F0D1F800287FF4B9A9DDE922023F
:1043C0000DF1C00A01304946CBE500BFBC9D050890
:1043D00021AADDE90B1003F0BFF800287FF4A7A99C
:1043E000239ACA46DEE4099B109F0997062B28BF33
:1043F000062308930E93B94B0F94079611971093C9
:10440000FFF73BBA109BA9EB03030E93FFF7A6BA85
:1044100022991598CAF800001498CAF804000131CE
:10442000024407292392229100F315810AF1080A18
:104430001EE60A9A1A60FFF7D4B821AADDE90B102C
:10444000179303F089F800287FF471A99DF867702D
:10445000239A179BCA46FFF7E4BA21AADDE90B109D
:1044600003F07AF800287FF462A9DDE92232494698
:104470004FE521AADDE90B1003F06EF800287FF468
:1044800056A9DDE9223249464FE5012B7FF448AABF
:104490007DE501332A44072BCDE92232CAE90045E4
:1044A0007FF728AB14E521AADDE90B1003F054F8DF
:1044B00000287FF43CA9239ACA46FFF7D4BA229B6E
:1044C0008748CAF80000013301320120072BCDE9EB
:1044D0002232CAF804003FF7CDAC0AF1080AD4E44E
:1044E00021AADDE90B1003F037F800287FF41FA99B
:1044F000CA4641E4581C01F108032A4407282392C4
:10450000C1E9004522903FF751AF013003F1080A9D
:10451000194626E501332A44072BCDE92232CAE9A0
:10452000004500F32E810AF1080A98E51098FEF77D
:10453000A7FF002320EAE0720E9009930F940796DC
:10454000089211939DF86770FFF797B9079BDE07F4
:104550007FF5D2AA9EE4002B08BF012309938EE6C3
:10456000099B1FA85C1C1CA91BAA0223CDE90310F0
:1045700002920093019453EC1A2B0C9801F050FE18
:104580001090BBF1470F40F0AC81F30740F1AC81D4
:10459000109BBBF1460F03EB04017FF4A0AE109B10
:1045A0001B78302B00F058811B9C214497E61B9A06
:1045B0001F9B1192109A472DA3EB0203129307D170
:1045C000119BDA1C02DB099A9A4233DAABF1020B37
:1045D000119B8DF874B0013B002B1B93BDBF119B49
:1045E000C3F101032D222B22092B8DF8752000F336
:1045F0000081303330228DF877308DF876201EAB75
:104600001DAA9B1A129A1693012A13440E9340F383
:104610003B810E9B149A13440E9323EAE373089391
:10462000002311937CE62D2700238DF867700993F2
:10463000FFF726B9DDE911318B427DDBF40740F14C
:104640000481119B149A13440E9323EAE373089395
:104650004FF0670B64E621AADDE90B1002F07CFF46
:1046600000287FF464A81B9B239ACA4600E521AA70
:10467000DDE90B1002F070FF00287FF458A8239AA0
:10468000CA46E4E42D278DF86770FFF7EABA1F9B4E
:104690008B42BFF42BAE30205A1C1F9218701F9B08
:1046A0009942F9D822E6B1EE48AB2D27F2E5002376
:1046B0000993FEF7CDBF1CA9099C01941FA81BAA52
:1046C0000323CDE90310029200930C9853EC1A2BAC
:1046D00001F0A6FD1090011961E700BFA09D05083B
:1046E000A89D050806230993C9E521AADDE90B1059
:1046F00002F032FF00287FF41AA81B9B1299239A1C
:10470000CB1ACA46CDE4099B08930E9309900F94E7
:10471000079611909DF86770FFF7AFB821AADDE901
:104720000B1002F019FF00287FF401A81B99DDE9A6
:104730002232CA46FFF7BEBB149A129B1344119A49
:104740000E93002A06DC119B0E9AC3F101031A4452
:1047500013460E9223EAE37308934FF0670BDFE5ED
:104760001FA81CA91BAA0323099C0292CDE90310D0
:104770000093019453EC1A2B0C9801F051FD10900A
:1047800006E721AADDE90B1002F0E6FE00287EF420
:10479000CEAF239ACA4662E44D421031704C1CDA07
:1047A0001026DDE90BB704E00AF1080A103D102DD0
:1047B00013DD01331032072BCDE92232CAE900465E
:1047C000F2DD21AA5946384602F0C6FE00287EF4E2
:1047D000AEAFDDE92232CA46E8E701332A44072BAF
:1047E000CDE92232CAE900456EDC0AF1080AFFF77A
:1047F00064BB0DF1830528465A4C00E01046A4FB2B
:104800000321C90801EB8102A3EB420230320929DE
:1048100000F8012C0B4600F1FF32EFDC3033023898
:10482000DBB2854202F8013C71D90DF176001146E8
:1048300001E011F8013B00F8013B8D42F9D121ABB9
:104840009B1A0DF176021344DAE623EAE37208922A
:104850000E934FF0670B63E5B5EE40ABF1EE10FA47
:104860003FF4A2AEC4F101041B94214437E518EED5
:10487000903A002BB6BF2D279DF867708DF86770B2
:10488000394A3A4BFFF7EFB916F0010311937FF461
:10489000C0AE0E9B23EAE373089341E5119B149A83
:1048A0001344099A1A4422EAE2730E92089337E5F8
:1048B0003BB9F50705D4012308930E9330E5534621
:1048C0001BE6149B0133ECE721AADDE90B1002F093
:1048D00043FE00287EF42BAFDDE92232CA46FFF703
:1048E000ECBA109B1919FAE41B9A1F9B1192109AAB
:1048F0009B1A129364E60F9D98F801302C6880464D
:1049000044EAE474281D09940F90FEF79EBE0DF151
:10491000760375E6099C34E60C9A0C2313604FF07D
:10492000FF330A93FEF70CBF8DF86710FEF7AFBF99
:104930008DF86710FFF77DB98DF86710FFF722B982
:104940008DF86710FFF75CB98DF86710FFF79DB918
:104950008DF86710FEF7C1BF8DF86710FFF7DEB95D
:10496000BC9D0508CDCCCCCC749D0508709D050878
:104970002DE9F04F2DED068BBDB01C4688469246C2
:1049800005460A9002F0A8FA036813931846FEF74A
:1049900077FD0E9412901DB1AB6B002B00F00581DA
:1049A000D8F86410B8F90C20C80793B202D499055E
:1049B00040F147819F040AD4D8F8641042F40053B0
:1049C00021F40051A8F80C30C8F864109BB21E07FF
:1049D00040F1B180D8F81020002A00F0AC8003F03C
:1049E0001A020A2A00F0C58000239FEDA18B9FEDDB
:1049F000A29B1193CDE92033CDE9143309932CAB5D
:104A00001F939946C3469AF80030002B00F080822D
:104A1000252B544602D11EE0252B03D014F8013F6C
:104A2000002BF9D1A4EB0A058DB1DDE92032013369
:104A30002A44072BC9F800A0C9F80450CDE9203258
:104A400000F3DC8009F10809099B2B4409932378C2
:104A5000002B00F05D824FF0000300228DF85F30E4
:104A600066780B924FF0FF331146174604F1010AA6
:104A700008930AF1010AA6F12003582B00F2E38300
:104A8000DFE813F0DA02E103E103E202E103E1030C
:104A9000E103E103E103E10332033E03E103AE037B
:104AA0007F03E1036002E700E700E700E700E700BB
:104AB000E700E700E700E700E103E103E103E103CA
:104AC000E103E103E103E103E103E10399034303AC
:104AD000E1034303E103E103E103E103B803E1037D
:104AE000E1039700E103E103E103E103E103AB002C
:104AF000E103E1036502E103E103E103E103E10313
:104B0000E103E103E103E103E103BF02FE0043032C
:104B1000430343034E02FE00E103E1035302E103BA
:104B2000220399006F03B303E103FC02E103AD002C
:104B3000E103E103E70241460A9801F067FA88B110
:104B4000D8F86430DD0704D4B8F80C309C0540F187
:104B500072834FF0FF33099309983DB0BDEC068B8B
:104B6000BDE8F08FB8F80C3003F01A020A2A7FF47F
:104B70003BAFB8F90E20002AFFF636AFD8F8642014
:104B8000D00705D4990503D4D8F85800FDF7E0FB09
:104B90002346524641460A9801F032F90990099895
:104BA0003DB0BDEC068BBDE8F08F0A98FCF7F2FD36
:104BB000F6E647F0100717F0200340F020830E9A26
:104BC00052F8044B0E9217F0100204D117F0400374
:104BD0001CBF1346A4B20025D9E147F01007BA065E
:104BE0000E9B00F1178353F8044B0E93FB0602D47F
:104BF0007D0648BFA4B200250123C8E11FAA59467B
:104C00000A9802F05FFD50B90DF1B0091CE71FAA28
:104C100059460A9802F056FD002800F07081D846E7
:104C2000D8F86420B8F80C30D00702D4990540F1C8
:104C3000FB825A068DD409983DB0BDEC068BBDE8C9
:104C4000F08FD8F85800FDF781FBB8F90C2093B22B
:104C5000B0E6A6F1300300201AF8016B00EB8000EB
:104C600003EB4000A6F13003092BF5D90B9002E7C6
:104C70000000000000000000FFFFFFFFFFFFEF7FCC
:104C8000002A41F08A80BA060E9B40F19D820733CC
:104C900023F00703D3E9004503F108020E92002C2C
:104CA00075F10003C0F29B849DF85F300C93089B64
:104CB000013300F0A18427F08002069254EA050235
:104CC0004FF0010340F07481089A002A40F04085BB
:104CD000002B40F0528417F001030D9300F05D8526
:104CE0000DF1F008302308F8413D089B0D9A9342DE
:104CF000B8BF13460793002310930C9B13B1079B77
:104D000001330793069B13F002030F9302D0079B16
:104D100002330793069B219A13F084073CD10B9B27
:104D200007995C1A002C37DD102C2099BF4D25DD2A
:104D300048461023C146B0460A9E04E0103C102CA1
:104D400000F1080017DD013110320729CDE92012EA
:104D5000C0E90053F2DD1FAA594630460C9302F019
:104D6000B1FC00287FF45BAF103C102CDDE9201271
:104D70002CA80C9BE7DC4646C846814601312244FC
:104D80000729CDE92012C9E9005400F357849DF8A2
:104D90005F300C9309F108090C9B73B12099013124
:104DA00001320DF15F0401200729CDE92012C9E984
:104DB000004000F3778309F108090F9B6BB1209B3A
:104DC0000133023218A80221072BCDE92032C9E9AC
:104DD000000100F3738309F10809802F00F0A48219
:104DE000089B0D995D1A002D2FDD102D209B904CF6
:104DF00020DD49461027DDF8289004E0103D102DF5
:104E000001F1080115DD01331032072BCDE9203205
:104E1000C1E90047F2DD1FAA5946484602F052FC9C
:104E200000287FF4FCAE103D102DDDE920322CA9C6
:104E3000E9DC894601332A44072BCDE92032C9E950
:104E4000004500F3498309F10809069BD90500F1E3
:104E50001182209B0D99C9F8008001330A44072B69
:104E60002192C9F80410209300F3FD8209F108098A
:104E7000069B5C0738D50B9B07995C1A002C33DD29
:104E8000102C209B694D1EDD10260A9F04E0103C6B
:104E9000102C09F1080916DD01331032072BCDE97A
:104EA0002032C9E90056F2DD1FAA5946384602F001
:104EB00009FC00287FF4B3AE103C102CDDE9203251
:104EC0000DF1B009E8DC01332244072BCDE9203293
:104ED000C9E9005408DD1FAA59460A9802F0F2FBFE
:104EE00000287FF49CAE219A099B0B990798814278
:104EF000ACBF5B181B180993002A7FF488AE00230F
:104F000020939AF800300DF1B009002B7FF480ADAA
:104F1000219BD846002B40F07586002320937FE626
:104F200047F040079AF80060A3E59AF800606C2EFD
:104F300003BF9AF8016047F020070AF1010A47F021
:104F4000100796E547F080079AF8006091E5002A7F
:104F500040F03D87374B1493B8060E9B40F182809A
:104F6000073323F00703D3E9004503F108020E924B
:104F7000FB0740F1AF8254EA050300F0AB82302317
:104F80008DF860308DF8616047F0020702234FF022
:104F900000028DF85F20089A013200F07082002232
:104FA0000C9227F08002069254EA05023FF48CAE80
:104FB000012B00F06A82022B00F0F8812CA900E09E
:104FC0004146E20842EA4572E80804F00703054654
:104FD0001446303354EA050201F8013C01F1FF3870
:104FE000EED1069AD00740F1F281302B00F0EF812C
:104FF0003023023908F8013C2CAB5B1A0D9388462C
:1050000073E60E9906970B688DF888304FF0000212
:1050100001208DF85F200B1D002207900C92CDE936
:105020000D03089210920DF188086BE6CC9D0508DF
:10503000DC9D0508789D05089AF8006000297FF43A
:1050400018AD0122202114E547F001079AF800600D
:105050000FE5002A40F0B786BB4B1493B8060E9BB1
:105060003FF57EAF53F8044B0E93F90600F1AF8283
:105070007A0640F1AC82A4B2002579E70E9BD3F802
:1050800000804FF000028DF85F201C1DB8F1000F6A
:1050900000F0A084089A531C00F0F28400214046DE
:1050A000FDF79EFC002800F06D84A0EB08030D9333
:1050B00023EAE373002207939DF85F3008920E9471
:1050C000069710920C9318E6002A40F078860E9A04
:1050D000BC0652F8043B0E9240F17083099A1046C8
:1050E000D117C3E900018EE40E9B9AF8006018689E
:1050F0000B90002803F10403C0F219840E93B8E466
:105100009AF8006001222B21B3E4002A40F0538674
:105110000E9B073323F0070393ED008B0833B0EEAB
:10512000C87BB4EE497BF1EE10FA0E9340F3568340
:10513000B5EEC08BF1EE10FA00F1FD839DF85F3003
:105140000C93824A824B0321002027F08004CDE992
:1051500007100694472ECCBF904698460D911090AC
:10516000CBE50E9A784B14681493043247F630035B
:10517000ADF8603047F002070E9200250223782632
:1051800005E79AF800602A2E0AF1010000F0F68582
:10519000A6F13003092B824600F2C58400201AF8DC
:1051A000016B00EB800003EB4000A6F13003092BFC
:1051B000F5D908905FE4002A40F0F98547F0100720
:1051C000BA060E9B3FF563AD53F8044B0E93FD06F4
:1051D00000F1FF81780640F1FC8124B2E5175EE51D
:1051E0009AF8006047F0040743E447F020079AF874
:1051F00000603EE447F008079AF8006039E40E9B2F
:10520000073323F0070303F10802D3E900450E92A8
:105210000023BCE6073323F0070303F10802D3E9B8
:1052200000450E920123B2E6D8F85800FDF790F839
:10523000B8F80C30FDE4D8F85800FDF789F84FF0C5
:10524000FF330993F7E4002A40F0AD85002E3FF4C8
:105250005FAE002301224FF0000107920C938DF8FE
:1052600088608DF85F1006970D92089310930DF1EA
:10527000880847E5652E40F3AF80B5EE408BF1EE30
:1052800010FA40F03581209B3249C9F800100133F3
:1052900001320121072BCDE92032C9F8041000F3B7
:1052A0003B8309F10809119A199B9342219A03DB68
:1052B000069BDB077FF5DCAD209B1399C9F8001036
:1052C0001299C9F8041001330A44072BCDE92032A2
:1052D00000F3748309F10809119B5D1E002D7FF70F
:1052E000C7AD102D209B1C4C40F3368210260A9F20
:1052F00005E009F10809103D102D40F32D8201331E
:105300001032072BCDE92032C9E90046F1DD1FAA92
:105310005946384602F0D6F900287FF480ACDDE922
:1053200020320DF1B009E6E70B9B07995D1A002DBD
:105330007FF756AD102D209B074C2BDD49461027DB
:10534000DDF828900FE000BF8C9D05086C9D0508D6
:10535000689D0508A89D0508DC9D0508103D102DD9
:1053600001F1080115DD01331032072BCDE92032A0
:10537000C1E90047F2DD1FAA5946484602F0A2F9EA
:1053800000287FF44CAC103D102DDDE920322CA913
:10539000E9DC894601332A44072BCDE92032C9E9EB
:1053A000004500F3FE8109F1080919E514980DF193
:1053B000B008230904F00F0143EA05732A091C46CB
:1053C0001546435C08F8013D54EA0503F1D12CABC6
:1053D000A3EB08030D9388E4119C2098012C02F1A3
:1053E000010200F1010309F1080140F307810120E6
:1053F000072BC9F80080CDE92032C9F8040000F37A
:105400008F811298139C01330244072BCDE920327F
:10541000C1E9004000F390810831119CB5EE408B4A
:10542000F1EE10FA03F1010004F1FF3501F1080972
:1054300000F0A98008F101042A4407280C60219299
:105440004D60209000F3EB8001F11004981C494658
:10545000A146159C4C6022441BAB0728219220904A
:105460000B607FF705AD1FAA59460A9802F02AF98A
:1054700000287FF4D4AB219A0DF1B009F8E40022A2
:10548000012B06970C927FF496AD002D08BF0A2CD5
:1054900080F06C810DF1F0083034012308F8414DA3
:1054A0000D9322E41FAA59460A9802F00BF900282E
:1054B0007FF4B5AB219A0DF1B0097EE41FAA5946DD
:1054C0000A9802F0FFF800287FF4A9AB219A0DF1A9
:1054D000B00982E402235AE51FAA59460A9802F04D
:1054E000F1F800287FF49BAB219A0DF1B009ACE4F0
:1054F0001999002940F3DC81DDE910318B42A8BF06
:105500000B46002B1D460DDD209BC9F800800133A2
:105510002A44072B2192C9F80450209300F3D98222
:1055200009F10809109B002DA8BF5B1B002B1D462D
:1055300040F39F80102D209BA74C40F35C821026E7
:105540000A9F05E009F10809103D102D40F3538230
:1055500001331032072BCDE92032C9E90046F1DDD5
:105560001FAA5946384602F0ADF800287FF457AB21
:10557000DDE920320DF1B009E6E7089B0D930DF14E
:10558000B008FFF7B2BB002D7FF763AF102D924C30
:1055900040F3CA83102603460A9F05E00831103DF8
:1055A000102D40F3FB8101331032072BCDE920325F
:1055B000C1E90046F2DD1FAA5946384602F082F8DA
:1055C00000287FF42CABDDE920322CA9E7E7002589
:1055D000CEE4E517002C75F10003BFF665AB089B20
:1055E00064424FF02D0865EB450501338DF85F806F
:1055F000CDF830807FF45FAB069746E7069CE50761
:105600003FF5F5AE0124072BC9F80080CDE9203223
:10561000C9F8044003DC023009F1100919E71FAA98
:1056200059460A9802F04EF800287FF4F8AADDE9FE
:1056300020020DF1B80901302CA90AE71FAA59462A
:105640000A9802F03FF800287FF4E9AA9DF85F303D
:105650000C93219A0DF1B009FFF79EBB1FAA594682
:105660000A9802F02FF800287FF4D9AA219A0DF1A8
:10567000B009199B11998B4202DB0699CE070FD511
:1056800020991398C9F800001298C9F80400013154
:10569000024407292192209100F3278209F1080989
:1056A00011991098CB1A0D1A9D42A8BF1D46002DC6
:1056B0000EDD2099C9F80450013140442A440729DD
:1056C000C9F80000CDE9201200F34A8109F1080968
:1056D000002DACBF5D1B1D46002D7FF7C9AB102D03
:1056E000209B3D4C38DD10260A9F04E009F1080993
:1056F000103D102D30DD01331032072BCDE9203263
:10570000C9E90046F2DD1FAA5946384601F0DAFF22
:1057100000287FF484AADDE920320DF1B009E7E723
:105720001FAA59460A9801F0CDFF00287FF477AAF6
:10573000DDE920322CA964E61FAA59460A9801F037
:10574000C1FF00287FF46BAADDE920322CA964E6B2
:10575000012B7FF430AC9DE601332A44072BCDE9C1
:105760002032C9E900457FF781AB7CE60DF1B00836
:10577000204629460A220023FAF758FD303208F85D
:10578000012D2046294600230A22FAF74FFD044640
:105790000D4654EA0503EBD119E60DF1B008FFF709
:1057A000A4BA1FAA59460A9801F08CFF00287FF47A
:1057B00036AA219A0DF1B009FFF712BBF80606D4FC
:1057C000790604D5BDF824201A80FFF71CB9099A80
:1057D0001A60FFF718B900BFDC9D0508B4EE488BCE
:1057E000F1EE10FA80F18B82089B591C26F02005FF
:1057F00000F0C580472D03D1002B08BF012308937B
:1058000047F48073069318EE903A002BC0F286811D
:10581000B0EE48AB00230C93662E00F08881462E34
:1058200000F0DF81452D00F0C0811DA81AA919AA3A
:105830000223089C0292CDE903100093019453ECDB
:105840001A2B0A9800F0ECFC672E804640F0A982E3
:10585000FB0740F1DC80089B08EB0301B5EE40AB91
:10586000F1EE10FA40F04E810B46A3EB08031193C2
:10587000472D199B109300F0D180662E40F0D58003
:10588000109B002B089B40F35182002B40F02D828F
:10589000FB0700F12A82109B07930D930C9B002BB2
:1058A00040F0FF8008939DF85F300C93FFF725BA16
:1058B000209BB248C9F80000013301320120072BB8
:1058C000CDE92032C9F804003DDC09F1080929B905
:1058D000119B1BB9069BDF077FF5CAAA209B139873
:1058E000C9F800001298C9F8040001330244072BDC
:1058F0002192209300F3348109F108090029C0F2B4
:105900008B81119901330A44072BCDE92032C9E973
:1059100000817FF7ABAAA6E51FAA59460A9801F0B5
:10592000D1FE00287FF47BA90DF1B009BBE4404211
:105930000B900E9356E44FF02D088DF85F80CDF854
:105940003080FFF7FEBB1FAA59460A9801F0BAFE45
:1059500000287FF464A91999219A0DF1B009B6E7DE
:105960001FAA59460A9801F0ADFE00287FF457A9F6
:10597000199B1199219ACB1A0DF1B009A8E60623BB
:1059800008933DE7089B07930D939DF85F300890BF
:105990000E94069710900C93FFF7AFB9581C01F1C5
:1059A00008032A4407282192C1E9004520903FF7C7
:1059B00036AE013003F1080919464AE51FAA5946D7
:1059C0000A9801F07FFE00287FF429A9219A0DF1A1
:1059D000B00981E4089BCDF84080062B28BF062340
:1059E000CDF82080CDE90C8307930E940697DFF85D
:1059F0009081FFF782B901332A44072BCDE9203289
:105A0000C9E900453FF72AAE09F1080931E61D9BB7
:105A1000199A10921B1A472D119306D1109BDA1C6C
:105A200002DB089A9A4244DA023E109B8DF86C60C1
:105A3000013B002B1993BDBF109BC3F101032D2225
:105A40002B22092B8DF86D2000F312813033302288
:105A50008DF86F308DF86E201CAB1BAA9B1A119A23
:105A60001593012A13440D9340F354810D9B129A10
:105A700013440D9323EAE3730793002310930DE778
:105A80004046FDF7FDFC0023089320EAE0721093E6
:105A90009DF85F300D900E94069707920C93FFF7D8
:105AA0002CB92D238DF85F300C9300230893FFF75A
:105AB00026B9DDE910318B4264DBFD0740F10F812F
:105AC000109B129A13440D9323EAE37307936726FE
:105AD000E4E61FAA59460A9801F0F4FD00287FF475
:105AE0009EA8219A0DF1B0091CE51FAA59460A98F3
:105AF00001F0E8FD00287FF492A8199B219A0DF18E
:105B0000B009CDE51D9B8B42BFF4AFAE30205A1CCF
:105B10001D9218701D9B9942F9D8A6E62D23B1EE6F
:105B200048AB0C9378E600230893FEF7A4BF1AA9AC
:105B3000089C01941DA819AA0323CDE90310029221
:105B400000930A9853EC1A2B00F06AFB8046011967
:105B500098F80030302B00F0B780199C21447DE686
:105B60001FAA59460A9801F0ADFD00287FF457A8F6
:105B70001999DDE920320DF1B009BFE6A89D0508AD
:105B8000A09D0508DDE911321344109A0D93002AF7
:105B900006DC109B0D9AC3F101031A4413460D92C3
:105BA00023EAE3730793672678E6089B1DA85C1C2D
:105BB0001AA919AA0223CDE90310029200930194B5
:105BC00053EC1A2B0A9800F02BFB8046472E40F02E
:105BD000D280FA0740F1C880462E08EB0401B7D006
:105BE0003CE61DA81AA919AA0323089C0292CDE934
:105BF00003100093019453EC1A2B0A9800F010FB49
:105C00008046E9E70A981FAA594601F05BFD002883
:105C10003FF483A9FFF704B84D4210316E4C1CDAF3
:105C200010260A9F04E009F10809103D102D14DD2B
:105C300001331032072BCDE92032C9E90046F2DDED
:105C40001FAA5946384601F03DFD00287EF4E7AF13
:105C5000DDE920320DF1B009E7E701332A44072BD3
:105C6000CDE92032C9E9004571DC09F1080948E6AF
:105C70000DF17B052846594C00E01046A4FB03219A
:105C8000C90801EB8102A3EB42023032092900F876
:105C9000012C0B4600F1FF32EFDC30330238DBB26F
:105CA000854202F8013C75D90DF16E00114601E004
:105CB00011F8013B00F8013B8D42F9D11FAB9B1A53
:105CC0000DF16E021344C8E6B5EE40ABF1EE10FAEA
:105CD0003FF443AFC4F1010419942144BEE523EA23
:105CE000E37207920D936726D8E5109B129A13442E
:105CF000089A1A4422EAE2730D920793CEE518EE51
:105D0000903A002B19DB9DF85F300C93344A354BE9
:105D1000FFF719BA17F0010310937FF4A7AE0D9B9C
:105D200023EAE3730793B9E54B463AE663B9FF0705
:105D30000AD4012307930D93B0E54FF02D088DF899
:105D40005F80CDF83080E1E7129B0133D0E71FAAD6
:105D500059460A9801F0B6FC00287EF460AFDDE9F0
:105D600020320DF1B009CCE51D9B199A1092A3EBDE
:105D70000803119352E608EB04016FE50E9C9AF8B4
:105D80000160236843EAE3730893231D82460E9360
:105D9000FEF76FBE0DF16E035FE68DF85F10FEF744
:105DA00072BF089C12E78DF85F10FFF74FBA8DF8AD
:105DB0005F10FFF703BA8DF85F10FFF7A9B98DF8F0
:105DC0005F10FFF784B98DF85F10FFF745B98DF8C4
:105DD0005F10FFF7BFB800BFDC9D0508CDCCCCCC71
:105DE000749D0508709D050810B4044C13460A46BE
:105DF000014620685DF8044BFEF7BABD4408002454
:105E00002DE9F0410C46ADF58D6D8989666EE58909
:105E1000199621F002010646E069ADF80C1017460C
:105E20004FF48061626AADF80E5098461AAD0023B7
:105E3000079016A809920693009504950291059182
:105E4000FCF780FA43463A4669463046FEF790FD35
:105E5000051E07DB30466946FBF716FC002818BF15
:105E60004FF0FF35BDF80C305B0603D5A38943F036
:105E70004003A3811698FCF767FA28460DF58D6D4F
:105E8000BDE8F08170B5141E9AB005462CDB1A46A9
:105E90004FF4027300910491ADF80C3013D0013C23
:105EA0004FF6FF761E9B029469460594ADF80E608E
:105EB000FDF76EFB421C01DA8B232B60009B002256
:105EC0001A701AB070BD1E9B02944FF6FF76694699
:105ED0000594ADF80E60FDF75BFB431C01DB1AB0C7
:105EE00070BD8B232B60FAE78B2303604FF0FF30EC
:105EF000F5E700BF10B582B0054C00932468134647
:105F00000A4601462046FFF7BDFF02B010BD00BFA4
:105F100044080024F8B50D461446064610B1836BBC
:105F2000002B43D0B4F90C20A369A36091B20807F9
:105F30001BD52369CBB1EDB289042F4622D5226847
:105F40006169D31A994229DD0133A168501C0139D6
:105F5000A1602060157062699A422AD0A389DB078C
:105F600001D50A2D25D03846F8BD2146304600F02F
:105F70004DF820BBB4F90C20236991B2EDB289042D
:105F80002F46DCD4616E42F4005221F40051A2810C
:105F9000226861666169D31A9942D5DC2146304690
:105FA000FBF772FB58B922680123CEE7FBF7F2FB3F
:105FB000B8E721463046FBF767FB0028D3D04FF007
:105FC000FF37D0E721B1FF2A04D80A7001207047BB
:105FD000084670478A2303604FF0FF30704700BFC8
:105FE00070B50D46084C114606461A462846002351
:105FF0002360F2F7CDFA431C00D070BD2368002B5C
:10600000FBD0336070BD00BF8CB9002438B5314B74
:106010001B6805460C4613B19A6B002A3AD0B4F9B6
:106020000C2093B218070CD52069A8B113F0010217
:1060300020D0636900225B42A361A26000B300200C
:1060400038BDD9063ED5580728D4206942F0080348
:10605000A3819BB20028E9D103F42072B2F5007F3E
:10606000E4D028462146FCF7A3F9A389206913F060
:106070000102DED1990758BF6269A2600028DED113
:10608000B4F90C301A06DBD543F04003A3814FF07E
:10609000FF3038BD1846FBF77DFBC0E7216B51B1DF
:1060A00004F14003994204D02846F1F78BFCB4F97F
:1060B0000C200023236300232069636022F0240264
:1060C0002060C3E742F0400209232B604FF0FF300D
:1060D000A28138BD4408002438B5074C002305468A
:1060E00008462360F2F7F0F9431C00D038BD23685E
:1060F000002BFBD02B6038BD8CB900242DE9F04F6C
:1061000003690F69BB4283B0C0F28680013F01F191
:10611000140900F1140A59F827205AF82730BC0056
:106120000132B3FBF2F80AEB0403009409EB040B11
:106130000193B8F1000F38D000252E46CE46D44644
:106140005EF8044BDCF80030A2B208FB0255220CCA
:106150002C0C08FB0242ADB2751B96B2C6EB13467F
:1061600015FA83F306EB23469BB243EA0643F34555
:106170004FEA12454CF8043B4FEA2646E0D2009B1A
:106180005AF803308BB9019A131F9A450CD252F872
:10619000043C4BB9A2F1080302E01A68043B1AB9A7
:1061A0009A4507F1FF37F8D30761044601F0CEF8AE
:1061B00000282DDB08F101085546002359F8041B7F
:1061C00028688AB29A1A0B0C12FA80F2C3EB1043B9
:1061D00003EB224392B242EA0342CB4545F8042B3B
:1061E0004FEA2343EAD25AF827200AEB87037AB909
:1061F0001A1F92450BD253F8042C42B9083B02E017
:106200001A68043B1AB99A4507F1FF37F8D327619A
:10621000404603B0BDE8F08F002003B0BDE8F08F2A
:106220002DE9F04F016C93B004461F4692469B4601
:1062300041B1426C4A60012393408B6000F096FEAE
:10624000002323643D1E1F9AB4BF01230023136063
:10625000BF4BBCBF25F00045AB46AB4300F0A5806B
:106260004BEC17ABB5EE407BF1EE10FACDE902AB8B
:106270000DD11E9A01231360209B002B00F0C280D9
:10628000B44E1E60013E304613B0BDE8F08F10AA38
:1062900011ABCDE900322046DDE9022301F0E8F838
:1062A0005FEA1559804640F09E80DDE9101301EB4E
:1062B000030909F23243202B40F38683C3F14003E4
:1062C00009F212429D402AFA02F32B4307EE903A5C
:1062D000B8EE677B09F1FF398DED027B0398DDE9AC
:1062E0000223A0F1F87301200D9043EC172BB7EEB9
:1062F000086B9FED914B37EE466B9FED917B9FEDC9
:10630000925BA6EE047B06EE909AB8EEE66BA6EEE4
:10631000057BFDEEC76BB5EEC07BF1EE10FACDED5F
:10632000026A00F1D381029A162A00F2C4818A4BD4
:1063300003EBC20393ED007B4BEC16ABB4EEC67BD4
:10634000F1EE10FA40F33A83531E029300230B93AD
:10635000A1EB0909B9F10103089344BF0023089395
:10636000029B4CBFC9F101094FF00009002BC0F29C
:10637000A581089A0A9311461944002308910593B0
:106380001C9B092B43D8052B40F31B83043B1C9318
:10639000002306931C9B023B032B00F2EF83DFE8F4
:1063A00013F039031A03430344041E9A42F20F7395
:1063B0001360BAF1000F0FD1C5F3130565B9209B27
:1063C000664E002B3FF45FAF06F10803209A30467B
:1063D000136013B0BDE8F08F209B614E002B3FF49B
:1063E00052AFF31CF2E70399C1F31301DDE9022375
:1063F000002041F07F53A9F2FF3943F44013109974
:106400000D9072E7574E304613B0BDE8F08F012370
:1064100000224FF0FF3506931C922F4609931D92E0
:10642000002161640C97204600F07AFD0E2D06468F
:10643000206400F2BE80069B002B00F0BA80029917
:106440000029CDE90EAB40F35883434A01F00F0316
:1064500002EBC3020B11DD0692ED006B40F10784E5
:10646000414A92ED087B4BEC15AB03F00F0303217F
:1064700085EE074B5BB13C4AD80704D592ED007B13
:10648000013126EE076B5B1002F10802F4D184EEB5
:10649000065B0B9B3BB1B7EE007BB4EEC75BF1EE46
:1064A00010FA00F14F8407EE901AB8EEE76BB1EEE8
:1064B0000C7BA6EE057B8DED067B079BDDE906AB2D
:1064C000A3F1507B002F00F0998302983A46BDEE6D
:1064D000C57B214917EE103A01EBC20111ED024BC9
:1064E00009993033B8EEC77BDBB235EE477B4BEC16
:1064F00016AB751C002900F0DE83B6EE003B83EE80
:10650000045B35EE465BB4EEC75BF1EE10FA337018
:106510004BDCB7EE003B33EE476BB4EEC65BF1EEFF
:1065200010FA00F35984012A41D0B2EE044B3244F0
:1065300026E000BFAFF3008061436F63A787D23FBF
:10654000B3C8608B288AC63FFB799F501344D33F62
:106550000000F07FA99D0508289E0508EC9D050810
:10656000F89D0508A89D0508009E050833EE476BB9
:10657000B4EEC56BF1EE10FA00F12E84954216D000
:1065800027EE047B25EE045BBDEEC76B16EE103ADA
:106590003033DBB2B8EEC66B37EE467BB4EEC57B6C
:1065A000F1EE10FA05F8013BE0D50290D7E1DDE904
:1065B0000EAB119B002B62DB029A0E2A5FDCBE4BF6
:1065C00003EBC20393ED003B1D9B002BC0F27482D2
:1065D0004BEC17AB87EE036BBDEEC66B012F16EECF
:1065E000103A03F13003B8EEC65B06F101053370D3
:1065F000A3EE457B21D0B2EE044B27EE047BB5EE33
:10660000407BF1EE10FA08D1A9E127EE047BB5EE4C
:10661000407BF1EE10FA00F0A28187EE036BBDEE35
:10662000C66B16EE103A303305F8013BAB1B9F42A8
:10663000B8EEC65BA5EE437BE7D137EE077BB4EE41
:10664000C37BF1EE10FA0ADCB4EE437BF1EE10FAF4
:1066500040F0858116EE103AD90740F1808115F897
:10666000013C05E0964200F04A8312F8013C1546D1
:10667000392B05F1FF32F5D0013313706FE1099A20
:1066800082B31C9A012A40F30A82059B7A1E934228
:10669000C0F2D5829A1A002FC0F2FE82089B3B44BA
:1066A0004D460893B944012120460D9200F0F8FCB4
:1066B0000D9A06901AE001230B9349E6029BA9EB81
:1066C00003095B42059300230A9359E6B8EEE66B93
:1066D000B4EE476BF1EE10FA3FF425AE029B013B9E
:1066E000029320E6099B059A06934D46002D0BDD8B
:1066F0000899002908DDA9420B46A8BF2B46A9EB43
:106700000309ED1ACB1A0893059B6BB1099900296F
:1067100000F08E829B1A002A40F0A38141461A465F
:10672000204600F06DFD80460121204600F0B8FCB7
:106730000A9A0590002A40F02C811C9B012B40F303
:1067400076810120089A104410F01F0000F01A8191
:10675000C0F12003042B40F36E83C0F11C000244FF
:10676000814405440892B9F1000F05DD41464A46CF
:10677000204600F095FD8046089B002B05DD1A465B
:106780000599204600F08CFD05900B9B002B73D1E2
:10679000002F40F30E82099B002B00F08980002D12
:1067A00000F376810A9B002B40F0D381DDF818902E
:1067B0000B96731E3B440AF001023746069E0A926E
:1067C0000993059D40462946FFF798FC31468246CD
:1067D000404600F0BBFD294683464A46204600F06D
:1067E000D1FDC3680AF130050146002B40F0DC8181
:1067F0000690404600F0AAFD069A089011462046F1
:1068000000F0B4FB089B33B91C9A22B90A9B002BF9
:1068100000F0E4821C9BBBF1000FC0F2188205D18E
:106820001C9A1AB90A9A002A00F01182002B07F16B
:10683000010A00F32182099B3D70BB4200F02F82C8
:10684000414600230A22204600F09AFB4E4580462E
:1068500031464FF000034FF00A02204600F09E81BF
:1068600000F08EFB4946064600230A22204600F02F
:1068700087FB57468146A4E70599404600F066FD30
:10688000002885DA029F414600230A222046013F64
:10689000029700F075FB099B8046002B40F0B68202
:1068A0000C9F002F04DC1C9B022B00F3C2820C9F68
:1068B000DDF81490354604E0289E050800F060FBE2
:1068C000804649464046FFF719FC00F1300C05F8B8
:1068D00001CBAB1B9F424FF00A024FF00003414631
:1068E0002046EBDCCDF820C04FF0000A41460122E3
:1068F000204600F0D5FC0599804600F027FD0028D1
:1069000015F8012C12DC06D1089BDB070ED402E03F
:1069100015F8022C1D46302A05F1FF33F8D00BE0A4
:106920009E4200F0528113F8012C1D46392A05F1D0
:10693000FF33F5D001321A700599204600F016FB9E
:10694000069B63B1BAF1000F05D09A4503D05146BA
:10695000204600F00BFB0699204600F007FB41465D
:10696000204600F003FB0022029B2A701E9A01338E
:106970001360209B002B3FF486AC30461D6013B0A3
:10698000BDE8F08F1C20089B034481440544089314
:10699000E9E60146204600F033FC1C9B0590012BE4
:1069A00040F3D28000230A93059A136902EB830314
:1069B000186900F025FBC0F12000C3E600230B930B
:1069C000C6E401230693E5E4C3F120030AFA03F3C6
:1069D00007EE903A7CE400230993029B1D9A13442E
:1069E0005F1C012FBC460C93B8BF4FF0010C002177
:1069F000BCF1170F61643D467FF715AD01220423FA
:106A00005B0003F114006045114602F10102F7D961
:106A1000616408E5002309931D9B002B40F3DB8094
:106A20000C931F469C46E2E701230993F4E7BAF171
:106A3000000F7FF486AECBF31303002B40F0688188
:106A40002BF000431B0D1B052BB1089B0133089352
:106A500009F1010901230A9A0A93002A3FF471AE51
:106A6000A2E706990D93204600F0CAFB4246014674
:106A70000690204600F01EFB41460590204600F09F
:106A800075FA059A0D9B9046002B3FF44DAE45E6F6
:106A90002A460699204600F003FC069082E60D9AED
:106AA000002A00F0378103F23343089A1A4408920F
:106AB0004D46059A9944F6E5002F3FF789AD40F021
:106AC000B080B1EE047B23EE073B4BEC17ABB4EE8A
:106AD000C73BF1EE10FACDE9057771DA029A31235E
:106AE000013202923370751C0599204600F03EFA7F
:106AF000069B002B7FF42FAF31E700F01E81029B35
:106B0000C04A5B4203F00F0102EBC10292ED005B51
:106B10009DED0E7B1B1127EE055B00F08781B0EE2B
:106B2000457BB94A00200221DD0705D592ED006BB7
:106B30000131012027EE067B5B1002F10802F3D140
:106B4000002805FE075BA4E4BAF1000F3FF473AF21
:106B500028E7069B2046596800F0E2F906990B6980
:106B600002339A0005460C310C30FBF7BBFF294677
:106B70000122204600F094FB814619E60025656459
:106B80002946204600F0CCF94FF0FF330C931F4606
:106B9000012306461D95206409930AE500F0F0F9EB
:106BA0005746064681460CE6204600F0DFF90123F1
:106BB00031E61C9B022B7FF7EEAD002F00F0AE807C
:106BC0001D9BDB43029335468EE7029A3123013247
:106BD00002923370B0E601251D952F4620E407EEA2
:106BE000901AB8EEE76BB1EE0C7BA6EE057B8DED4F
:106BF000067B079BDDE906ABA3F1507B4BEC16ABA4
:106C0000B1EE047B35EE477BB4EEC67BF1EE10FAB5
:106C10004DDCB1EE466BB4EEC67BF1EE10FA7FF5BB
:106C2000C6AC0023CDE90533CAE701230993D4E6B6
:106C30004146059A204600F0E3FA804674E5059B3C
:106C40000A990592D31A19440A91002223E5002BD0
:106C50000895069607F101050B9E00F392809DF8BA
:106C60002030DDF818A03B70CDF8189064E69DED5B
:106C70000E4B0221FFF7FEBB2B46392B08950696DB
:106C800055460B9E00F08F80089BDDF818A0CDF8CC
:106C9000189001333B704FE6A9EB070503E5334637
:106CA00008950B9ECDF8189055469A461EE600238F
:106CB000CDE9053312E7012A26EE045B337011D0CB
:106CC000B2EE044B324427EE047BBDEEC76B16EEEA
:106CD000103A303305F8013B9542B8EEC66B37EEFB
:106CE000467BF0D1B6EE006B35EE064BB4EEC74BEB
:106CF000F1EE10FA5ED5029015F8013CB8E43023AD
:106D00003370029B01330293324615F8013CB3E421
:106D10000023A0E6109BC3F13603C6E63B46059967
:106D20000522204600F02CF901460590404600F06F
:106D30000DFB00283FF7D2AE42E79DED0E5B02212E
:106D4000FFF7A7BB002F3FF44AAF0C9A002A7FF74A
:106D50002EACB2EE044BB1EE0C6B013107EE901A83
:106D600025EE045BB8EEE77BA5EE076B8DED066BB9
:106D7000079BDDE906ABA3F1507B029B581EFFF792
:106D8000A6BB41460122204600F08AFA05998046BA
:106D900000F0DCFA00282DDD089B392B03D00AF126
:106DA000310308935BE73922DDF818A03A70CDF87B
:106DB0001890BBE536EE456BB4EEC76BF1EE10FAFA
:106DC00002DCFFF7F4BB154615F8013C302B05F14A
:106DD000FF32F8D0FFF7E9BB029049E42B46392B8C
:106DE0000895069607F101050B9EDCD0BBF1000F5C
:106DF000D5DC34E77FF433AF089BDA077FF52FAF9C
:106E0000CAE700BF289E0508009E050806990023D2
:106E10000A22204600F0B4F80C9F0690002F3FF79E
:106E2000BEAC1C9B022B04DC0C9FB8E40221FFF7D4
:106E300030BB0C9FC1E63FF496ACC0F13C00A2E52C
:106E40000B78722B30B431D0772B2AD0612B04D041
:106E50001623036030BC002070474FF402750124F4
:106E60004FF4847011F8013F8BB1622B16D0782B50
:106E700011D02B2BF6D111F8013F20F01C0024F08B
:106E8000030440F0100044F00204002BEDD12C4329
:106E9000146030BC704744F40064E3E744F4803489
:106EA000E0E74FF4C06501240820DBE700252C460D
:106EB0000420D7E738B5074C002305460846236071
:106EC000F1F7D4FB431C00D038BD2368002BFBD066
:106ED0002B6038BD8CB90024044A054B1268506BF6
:106EE000002808BF1846F030704700BF440800244F
:106EF000700C002470B50D46084C114606461A4623
:106F0000284600232360F1F718FC431C00D070BD15
:106F10002368002BFBD0336070BD00BF8CB9002408
:106F2000C36C70B505460C464BB153F8240080B1D4
:106F3000026843F824200023C0E9033370BD2122F6
:106F40000421F0F788FC0346E8640028EDD1002016
:106F500070BD012101FA04F6721D28469200F0F777
:106F60007AFC0028F3D0C0E90146E4E731B1C36CF4
:106F70004A6853F82200086043F82210704700BFA7
:106F8000F0B50C6983B00D46064601F1140C0027DC
:106F9000DCF8000081B202FB0133010C180C02FB8B
:106FA00001019BB2013703EB0143BC424CF8043BA7
:106FB0004FEA1143ECDC3BB1AA68A24207DD05EBC6
:106FC0008402013453612C61284603B0F0BD696826
:106FD000019301313046FFF7A3FF2A69023205F120
:106FE0000C01074692000C30FBF77CFDF26C6968DF
:106FF000019B52F82100286042F821503D46DEE70F
:10700000020C12040346C2B90304102013F07F4F90
:1070100004BF1B02083013F0704F04BF1B01043083
:1070200013F0404F04BF9B000230002B04DB5B00D9
:1070300001D501307047202070470020E6E700BFEF
:10704000036813F00702014607D0DA071FD4980738
:107050001FD55B080B600120704798B2A0B11046A5
:1070600013F0FF0F04BF1B0A08301A0704BF1B09E7
:1070700004309A0704BF9B080230DA0702D45B0889
:107080000BD001300B6070471B0C1020E8E700208C
:1070900070479B080B60022070472020704700BF9C
:1070A00010B50C460121FFF73BFF0122C0E9042483
:1070B00010BD00BF2DE9F04F0E691469A64283B0E0
:1070C0000F46154604DA32462F4626460D4614462C
:1070D000D7E9011306EB04084345B8BF0131FFF7B8
:1070E0001FFF00F1140909EB880EF145009005D24D
:1070F0004B46002243F8042B9E45FBD805F1140AA9
:107100000AEB840407F11403A24503EB860C61D259
:10711000641B153C24F00304CDF804E0A24405F1FF
:1071200010029E4605E02D0C2BD1924509F1040971
:107130004ED052F8045F1FFA85FBBBF1000FF2D06E
:1071400077464E46002000E0264657F8041B346878
:107150008BB2A5B2090C240C0BFB035303440BFBAD
:10716000014000EB134034469BB243EA0043BC4568
:107170004FEA104044F8043BE6D8706015682D0CC7
:10718000D3D0D9F8003076461846CB46002100E02F
:10719000A3463488000C05FB040001449BB25C4606
:1071A00043EA014344F8043B56F8043BDBF804008F
:1071B0001B0C87B205FB037303EB1143B4454FEA85
:1071C0001341E5D89245CBF8043009F10409B0D158
:1071D000DDF804E0B8F1000F0BDD5EF8043CAEF121
:1071E000040E1BB105E05EF8043D13B9B8F10108C7
:1071F000F9D10098C0F8108003B0BDE8F08F00BF4F
:1072000012F003032DE9F041144607462ED10D4636
:10721000A4101CD0BE6C96B3E3074FF0000806D450
:10722000641014D03068A8B10646E307F8D532469A
:1072300029463846FFF73EFFB5B16A68FB6C64101B
:1072400053F82210296043F822500546EAD1284617
:10725000BDE8F081324631463846FFF72BFF3060FB
:10726000C0F800800646E0E70546D9E7013B0B4A37
:1072700052F823200023FFF783FE0546C8E70121CB
:107280003846FFF74DFE40F271234361012200238F
:1072900002610646B8640360BEE700BFF09E0508C1
:1072A0002DE9F04791460A690E464FEA6914D1E983
:1072B000011304EB020808F101059D42074604DDB5
:1072C0005B009D4201F10101FADC3846FFF728FE20
:1072D000002C00F1140337DD03EB8401002243F896
:1072E000042B8B42FBD1346906F1140319F01F09FA
:1072F00003EB840C20D0C9F1200E002200E051469F
:107300001C688A4604FA09F414434AF8044B53F8FB
:10731000042B634522FA0EF2F1D34A600AB108F158
:107320000205FB6C7268013D53F822100561316063
:1073300043F82260BDE8F087043953F8042B41F884
:10734000042F9C45F9D8ECE71946CCE730B40B691B
:1073500005460069C01A0FD19B0014351431194439
:107360002B4401E09D4207D253F8044D51F8042DFF
:107370009442F7D002D3012030BC70474FF0FF3069
:10738000FAE700BF2DE9F04113690D69ED1A002DF0
:107390000E46904601F1140402F1140714D19B002B
:1073A000E2183B4401E0A24259D952F804CD53F807
:1073B000041D8C45F7D009D2224633463C4646464A
:1073C00017469846012501E0F6DB00257168FFF7B6
:1073D000A7FDD8F810303669C56007EB830EBC46B0
:1073E00000F1140504EB860700235CF8041B54F835
:1073F000048B8AB213FA88F3090C9A1AC1EB18436A
:1074000003EB224392B242EA0342E64545F8042BDD
:107410004FEA2343E9D8A74217D9AE46A4465CF801
:10742000042B13FA82F3191401EB12419BB243EAC5
:10743000014267454EF8042B4FEA2143EFD8E4435D
:10744000274427F0030704373D44043D22B955F88B
:10745000043D013E002BFAD00661BDE8F081002119
:10746000FFF75EFD01220023C0E90423BDE8F0819F
:107470002DE9F04383B001211F4616460A9DFFF710
:107480004FFDC7F30A548146C7F313030CB143F40D
:107490008013002E019323D002A840F8086DFFF757
:1074A000CFFD002835D1DDE90023C9F81420002BD9
:1074B0000CBF01210221C9F81830C9F81010DCB93D
:1074C00009EB8103A0F2324028601869FFF798FDAC
:1074D0000B9BC0EB41101860484603B0BDE8F08339
:1074E00001A8FFF7ADFD019BC9F814300121203040
:1074F000C9F81010002CE3D0A4F2334808EB0003C5
:107500002B600B9BC0F135001860484603B0BDE806
:10751000F083DDE90013C0F1200203FA02F20A430E
:10752000C3400193C9F81420C1E700BF70B50D46F0
:10753000084C114606461A46284600232360F1F7F8
:1075400097F8431C00D070BD2368002BFBD033603C
:1075500070BD00BF8CB900242DE9F04F936883B053
:107560009046002B6CD017688D6882460C460868E0
:10757000083742E0A38913F4906F2DD0D4E90415A5
:1075800005EB4505A0EB010B05EBD575701C6D10E7
:107590005844A8422A4684BF05462A465B0536D58C
:1075A00011465046F0F7C2F900283AD05A462169F0
:1075B0000190FBF797FAA289019B22F4906242F0B6
:1075C0008002A281A5EB0B0203EB0B006561236136
:1075D0002060A2603546B3465A464946FBF71CFB7D
:1075E000D8F80830A2682068551B58449E1BA56037
:1075F0002060C8F808601EB3083757E90296AB460A
:10760000002EF9D0AE42B5D23546B346E4E7504637
:10761000F0F7F8F803460028D4D121695046F0F776
:10762000D1F90C23CAF80030A389002243F04003AB
:107630004FF0FF30A381C8E9012203B0BDE8F08F0D
:107640000020C8F8040003B0BDE8F08F2DE9F84F22
:107650004B6E9C0492462DD59368126843B30E4638
:10766000074602F1080959E9025B5FEA9B0815D059
:10767000043D002401E0A0450ED0324655F8041F19
:10768000384600F079F8431C04F10104F3D10023DB
:10769000CAE90133BDE8F88FDAF808302BF0030BA4
:1076A000A3EB0B03CAF8083009F10809002BDAD163
:1076B0000020ECE7FAF746FC0023CAE90133BDE8F5
:1076C000F88F00BF93680BB1FFF7C0BF10B4184626
:1076D00053605DF8044B70472DE9F04782B0814656
:1076E00088461446FAF720FE012803D108F1FF333B
:1076F000FE2B33D9424604F15C0301A9484600F051
:107700006DF8421C06462FD020B39DF804C000251A
:107710000DF1040A09E023685A1C226083F800C0B6
:107720000135B54216D215F80AC0A368013B002BFB
:10773000A360F0DAA769BB4261462246484602DBF5
:10774000BCF10A0FE7D1FEF7E5FB431CE8D102B01C
:10775000BDE8F087404602B0BDE8F0875FFA88FCDC
:1077600006468DF804C0D2E7A38943F04003A38105
:1077700002B0BDE8F08700BF30B50546506EB2F9E3
:107780000C30C007144683B09AB201D490051CD5C2
:10779000900406D4626E43F4005342F40052A38175
:1077A000626628462246FFF797FF636EDA070546B2
:1077B00002D4A3899B0502D5284603B030BDA06D35
:1077C000FAF7C6FD284603B030BDA06D0191FAF767
:1077D000BDFDB4F90C3001999AB2D9E7F0B5114C5E
:1077E000246885B00646646B1F4651B10E4D002CCF
:1077F00008BF2C46D4F8E040A047431C0CD005B08D
:10780000F0BD094A002C08BF14460A46D4F8E040EF
:1078100001A9A047431CF2D100228A233A603360B9
:1078200005B0F0BD44080024700C0024024B58221F
:107830001A604FF0FF3070478CB90024024B582279
:107840001A604FF0FF3070478CB90024F8B500BFC4
:10785000F8BC08BC9E467047F8B500BFF8BC08BC31
:107860009E467047576F726B696E6700436F6D700D
:107870006C65746500000000550A0408870404085C
:10788000850404080000000000000000050604084C
:1078900085060408AB040408FB0404087107040807
:1078A00055080408CD070408A9090408AF04040812
:1078B00013050408B5050408476967610000000066
:1078C00000000000000000002D0B0408490B040814
:1078D00067650408C35B0408D1580408BF5904084D
:1078E00009660408ED540408EF5404083D680408D0
:1078F0008D6804088D550408250C04086D0D0408D6
:107900005D550408250B04081D0D0408490D0408E5
:1079100075550408E10C0408ED0A0408F10A04088E
:10792000F30A0408F50A04080B0B04085F0B0408AB
:107930009F0B0408D30B0408FB0B0408290F040851
:107940002D0F0408310F0408100341007200640079
:10795000750069006E006F0000000000000000006C
:10796000391104084D1104082B1604087D5204082F
:1079700000000000000000006111040875110408F7
:10798000711704087D520408000000000000000088
:1079900011110408251104083B0F04087D52040846
:1079A0002D190408870404088504040880250000B4
:1079B00000000800FFFFFFFF5F72785F73697A6560
:1079C000203D3D2030005F74785F6C6973742E65D4
:1079D0006D7074792829005F72785F6C6973742EFA
:1079E000656D707479282900433A5C55736572732C
:1079F0005C5350616C617374726F5C417070446170
:107A000074615C4C6F63616C5C41726475696E6F2C
:107A100031355C7061636B616765735C617264755D
:107A2000696E6F5C68617264776172655C6D6265D6
:107A3000645F676967615C342E322E315C636F72FC
:107A400065735C61726475696E6F5C5553425C5519
:107A500053424344432E637070007265736F6C76BB
:107A600065722E76616C69642829000000000000B0
:107A700000000000C1100408F5100408550F0408A8
:107A8000591404087514040809120408611804083C
:107A90000B11040889110408430F0408490F040856
:107AA000451404084D0F0408350F0408370F040867
:107AB000390F04081603430044004300200044002B
:107AC000450056004900430045000000651E0408BB
:107AD0008704040885040408551E04088704040864
:107AE0008504040855534265767400433A5C557327
:107AF0006572735C5350616C617374726F5C41703A
:107B000070446174615C4C6F63616C5C417264755C
:107B1000696E6F31355C7061636B616765735C6161
:107B2000726475696E6F5C68617264776172655CBE
:107B30006D6265645F676967615C342E322E315C0B
:107B4000636F7265735C61726475696E6F2F6D62CD
:107B500065642F706C6174666F726D2F696E636CF3
:107B60007564652F706C6174666F726D2F43616C04
:107B70006C6261636B2E6800626F6F6C282A746898
:107B8000697329000000000000000000B91A040811
:107B9000151B0408550F040859140408751404082B
:107BA00009120408611804080B110408891104085B
:107BB000430F0408490F0408451404084D0F040836
:107BC0001F1A0408691C0408390F0408CD19040899
:107BD000F5190408451D0408611904086D19040805
:107BE0004D070408990704080908040871190408D6
:107BF000E10504084906040875190408D8FEFFFFCA
:107C000000000000051B0408331B0408537204081D
:107C100023720408857204081F7204081F72040886
:107C20001F720408897204088D720408897204089E
:107C3000351904083B190408471904084B190408AE
:107C400051190408571904085B190408ED190408B0
:107C5000171A04085D1904085F190408D4FEFFFF11
:107C6000000000000D1B04082B1B0408C0FEFFFFD2
:107C700000000000FD0504087F060408AB040408AA
:107C800073190408690704084D080408C7070408A5
:107C9000491E0408671904086F19040885190408A7
:107CA0000000000000000000C71E040852545820C5
:107CB00056352E352E33007274785F74696D657297
:107CC000007274785F69646C650000000000000059
:107CD00000000000000000000000000000000000A4
:107CE0000000000000000000000000000000000094
:107CF0000000000000000000000000000000000084
:107D00000000000005000000E8030000050000007E
:107D1000802100241000000000000000000000008E
:107D20000000000000000000000000000000000053
:107D30000000000000000000000000000000000043
:107D40000000000000000000000000000000000033
:107D5000000000000000000000100000787D050811
:107D6000B47D0508ED430408CD4304089C7D050857
:107D70000400000000000000C17C050800000000B5
:107D80008822002444000000D02200248003000048
:107D900001000000010000000000000000000000E1
:107DA00000000000C021002434000000F421002461
:107DB00050000000B77C05080000000044220024A9
:107DC00044000000502600240003000028000000AA
:107DD00001000000000000006D616C6C6F635F6D5E
:107DE0007574657800656E765F6D7574657800737F
:107DF000696E676C65746F6E5F6D75746578006D24
:107E000061696E00507265206D61696E20746872E0
:107E1000656164206E6F74206372656174656400CF
:107E20004661696C656420746F207374617274209C
:107E300052544F5300000000EF7D05080B00000076
:107E400034B200241C000000434D5349532D5254BA
:107E50004F53206572726F723A20537461636B20C6
:107E60006F766572666C6F7700434D5349532D52A0
:107E7000544F53206572726F723A20495352205109
:107E800075657565206F766572666C6F7700434D1A
:107E90005349532D52544F53206572726F723A20DA
:107EA000557365722054696D65722043616C6C6214
:107EB00061636B205175657565206F766572666CC0
:107EC0006F7700434D5349532D52544F53206572E1
:107ED000726F723A2053544420432F432B2B206C53
:107EE000696272617279206C696273706163652086
:107EF0006E6F7420617661696C61626C6500434DE0
:107F00005349532D52544F53206572726F723A2069
:107F100053544420432F432B2B206C6962726172AF
:107F200079206D7574657820696E697469616C6912
:107F30007A6174696F6E206661696C656400434D97
:107F40005349532D52544F53206572726F723A2029
:107F5000556E6B6E6F776E004E6F7420616C6C6F38
:107F600077656420696E2049535220636F6E746593
:107F700078740053797374656D206973206F75741C
:107F8000206F66206D656D6F727900506172616D52
:107F900065746572206572726F72005265736F75D9
:107FA000726365206E6F7420617661696C61626CCA
:107FB00065004F7065726174696F6E206E6F74201A
:107FC000636F6D706C657465642077697468696E41
:107FD000207468652074696D656F757420706572B2
:107FE000696F6400556E73706563696669656420C6
:107FF00052544F53206572726F720000587F05080B
:10800000737F05088B7F05089B7F0508B27F0508F5
:10801000E47F05082E2F6D6265642D6F732F636DED
:108020007369732F6465766963652F72746F732F3C
:10803000736F757263652F6D6265645F7274785FCC
:1080400069646C652E637070007469636B735F7331
:108050006C657074203C2072746F733A3A4B657291
:108060006E656C3A3A776169745F666F725F7533FB
:10807000325F6D61780066726571203D3D20313060
:1080800030300068616E646C6572203D3D20284987
:10809000525148616E646C65725F74294E56494353
:1080A0005F476574566563746F7228697271290041
:1080B0002E2F6D6265642D6F732F706C6174666F07
:1080C000726D2F696E636C7564652F706C61746678
:1080D0006F726D2F53696E676C65746F6E5074723A
:1080E0002E680070203D3D207265696E7465727067
:1080F0007265745F636173743C54202A3E28265F66
:108100006461746129002E2F6D6265642D6F732F79
:10811000647269766572732F736F757263652F531E
:10812000657269616C426173652E637070005F7384
:1081300074617469635F70696E6D6170203D3D208C
:108140004E554C4C000000000000000000000000F4
:108150005949040859490408ED4D0408554E0408CE
:108160000000000000000000C11E04080000000024
:108170000000000059490408594904085D500408EA
:108180007950040893500408E1500408DF4F0408B4
:10819000EB4F0408F74F0408FF4F04083950040858
:1081A0004B5004080750040878FFFFFF0000000050
:1081B000715004088D50040807510408D950040870
:1081C000E54F040803500408DB4F0408FB4F040884
:1081D000F5480408FF480408F14F0408351904085D
:1081E0003B19040847190408435004085550040873
:1081F000315004085B1904082E2F6D6265642D6FE1
:10820000732F647269766572732F7573622F736F43
:10821000757263652F4173796E634F702E63707052
:10822000005F77616974203D3D204E554C4C005FE6
:108230006C697374203D3D204E554C4C000000008D
:10824000000000000000000000000000000000002E
:10825000C11E04087D5204082E2F6D6265642D6FC7
:10826000732F647269766572732F7573622F736FE3
:10827000757263652F5553424465766963652E6355
:108280007070005F6C6F636B6564203E203000444B
:108290006576696365207374617465206973202253
:1082A000506F776572656422206F72202244657476
:1082B0006163686564220054686520656E64706F50
:1082C000696E74206973206E6F7420696E646578BE
:1082D00061626C652E005F7472616E736665722EEA
:1082E000757365725F63616C6C6261636B203D3DA9
:1082F000205265717565737458666572446F6E655A
:108300000054686520737461636B20697320776122
:108310006974696E67206F6E2061207573657220C5
:1083200063616C6C6261636B20666F722074686558
:108330002062756666657220746F2066696C6C20B9
:108340006F72207374617475732E005F7472616E46
:10835000736665722E757365725F63616C6C6261C2
:10836000636B203D3D20536574436F6E666967758E
:10837000726174696F6E005F7472616E73666572AC
:108380002E757365725F63616C6C6261636B203D17
:108390003D20536574496E74657266616365005F64
:1083A0007472616E736665722E757365725F636158
:1083B0006C6C6261636B203D3D2052657175657325
:1083C000740021636F6E66696775726564282900A1
:1083D0005468652073697A65206F6620746865202B
:1083E0006461746120746F20726561642069732018
:1083F0006C657373207468616E20746865206D61AC
:1084000078207061636B65742073697A6520666F8C
:1084100072207468697320656E64706F696E742E63
:108420000054686520656E64706F696E74206973AE
:10843000206E6F7420696E64657861626C650053AC
:10844000697A65206265696E672077726974746500
:108450006E20697320746F6F206C617267652E00E7
:108460002128696E666F2D3E666C61677320262039
:10847000454E44504F494E545F454E41424C454451
:1084800029006D61785F7061636B65745F73697AF1
:1084900065203C3D203130323400215F696E6974C3
:1084A00069616C697A6564000000000000000000EA
:1084B000000000000000000067650408C35B0408BA
:1084C000D1580408BF59040809660408ED5404088B
:1084D000EF5404083D6804088D6804088D550408AD
:1084E000F5540408C11E04085D55040865550408C8
:1084F000855504086D550408755504087D55040814
:10850000ED0A0408F10A0408F30A0408EB5404080D
:10851000C11E0408C11E0408C11E0408C11E0408AF
:10852000C11E0408CD550408F9550408AD550408CA
:108530000403090416033000310032003300340014
:108540003500360037003800390016035500530057
:108550004200200044004500560049004300450009
:10856000080355005300420012036D0062006500CD
:1085700064002E006F0072006700060330003100B7
:108580002E2F6D6265642D6F732F68616C2F736F72
:10859000757263652F6D6265645F63726974696388
:1085A000616C5F73656374696F6E5F6170692E6380
:1085B00000216172655F696E7465727275707473A3
:1085C0005F656E61626C656428290000D4850508CA
:1085D000602A0024A1DF0408F1DE040835DF040866
:1085E00049E1040871E1040801DF040811E304080B
:1085F000D1DE040801000000636F756C64206E6FAB
:10860000742070696E6F75740070696E6D61702092
:108610006D69732D6D617463680070696E6D617052
:10862000206E6F7420666F756E6420666F722070A6
:1086300065726970686572616C002E2F6D62656489
:108640002D6F732F68616C2F736F757263652F6D5B
:108650006265645F7469636B65725F6170692E63E4
:10866000006D617463685F7469636B20213D2071E4
:10867000756575652D3E7469636B5F6C6173745FBE
:1086800072656164005469636B657220667265711E
:1086900075656E6379206973207A65726F0054691D
:1086A000636B6572206E756D626572206F66206205
:1086B00069742069732067726561746572207468DB
:1086C000616E203332206F72206C65737320746882
:1086D000616E20342062697473000000E48605082E
:1086E000982A0024CDF00408E5F004082DF10408D0
:1086F00041F10408F1F004080DF104083D6F04088D
:10870000F1EF0408000000002E2F6D6265642D6FEC
:10871000732F68616C2F736F757263652F6D707541
:108720002F6D6265645F6D70755F76376D2E6300C7
:10873000726567696F6E73203E3D20340064656624
:1087400061756C7400000000000000000000000073
:1087500051700408B570040800000000000000001B
:108760000000000000000000C11E0408C11E040833
:10877000C11E0408C11E0408DB4F04083D71040833
:10878000F5480408FF480408417104083519040835
:108790003B190408471904084B1904085119040827
:1087A000571904085B1904082F002E2F6D626564A9
:1087B0002D6F732F706C6174666F726D2F736F7590
:1087C0007263652F46696C65506174682E637070C2
:1087D000006C656E20213D203000772B00537472B1
:1087E00065616D206F626A206661696C75726500F3
:1087F0000000000000000000000000000000000079
:10880000C11E0408C11E0408C11E0408C11E0408BC
:10881000DB4F04083D710408F5480408FF480408CC
:1088200041710408351904083B1904084719040864
:108830004B19040851190408571904085B19040856
:10884000FCFFFFFF0000000000000000000000002F
:108850000000000000000000000000000000000018
:108860005372040823720408857204081F720408F6
:108870001F7204081F720408897204088D720408AC
:1088800089720408351904083B19040847190408BB
:108890004B19040851190408571904085B190408F6
:1088A000C11E0408C11E04085D1904085F190408EC
:1088B000FCFFFFFF000000000000000000000000BF
:1088C0002E2F6D6265642D6F732F706C6174666FEF
:1088D000726D2F736F757263652F53797354696D61
:1088E00065722E63707000215F7469636B696E67D7
:1088F00000215F7469636B696E6720262620215F03
:1089000077616B655F74696D655F73657400000006
:108910000000000000000000AD7504080A52252D7B
:1089200034643A202530386C58000A5350202020F7
:108930003A202530386C580A4C522020203A202505
:1089400030386C580A50432020203A202530386CAB
:10895000580A78505352203A202530386C580A5023
:10896000535020203A202530386C580A4D5350205F
:10897000203A202530386C58000A43505549443A73
:10898000202530386C58000A48465352203A20259A
:1089900030386C580A4D4D4653523A202530386CC9
:1089A000580A42465352203A202530386C580A550E
:1089B000465352203A202530386C580A44465352C8
:1089C000203A202530386C580A41465352203A202C
:1089D0002530386C58000A4D4D4641523A2025301A
:1089E000386C58000A42464152203A202530386CF3
:1089F00058000A4D6F6465203A20546872656164BE
:108A0000000A50726976203A2055736572000A5048
:108A1000726976203A2050726976696C6567656480
:108A2000000A4D6F6465203A2048616E646C65727F
:108A3000000A537461636B3A20505350000A537418
:108A400061636B3A204D5350000A2B2B204D626519
:108A5000644F53204661756C742048616E646C6588
:108A600072202B2B0A0A4661756C74547970653A32
:108A700020004D656D4D616E6167654661756C7472
:108A8000004275734661756C740055736167654685
:108A900061756C7400486172644661756C74000A9B
:108AA0000A436F6E746578743A000A0A2D2D204DC2
:108AB0006265644F53204661756C742048616E6432
:108AC0006C6572202D2D0A0A004661756C74206554
:108AD0007863657074696F6E002E2E2E0A002E2F3B
:108AE0006D6265642D6F732F706C6174666F726D4B
:108AF0002F736F757263652F6D6265645F63726952
:108B0000746963616C2E6300637269746963616C7C
:108B10005F73656374696F6E5F7265656E747261B1
:108B20006E63795F636F756E746572203C20554982
:108B30004E5433325F4D4158003C756E6E616D6529
:108B4000643E00203C68616E646C65723E000A0AF7
:108B50002B2B204D6265644F53204572726F72203B
:108B6000496E666F202B2B0A4572726F7220537408
:108B7000617475733A203078255820436F64653AE4
:108B8000202564204D6F64756C653A2025640A4584
:108B900072726F72204D6573736167653A20004B86
:108BA00065726E656C204572726F723A203078255E
:108BB0006C582C20005468726561643A2030782526
:108BC0006C582C20004D757465783A203078256CEF
:108BD000582C200053656D6170686F72653A2030C3
:108BE00078256C582C20004D656D6F7279506F6F31
:108BF0006C3A203078256C582C20004576656E74D0
:108C0000466C6167733A203078256C582C200054EC
:108C1000696D65723A203078256C582C20004D65BE
:108C2000737361676551756575653A203078256C99
:108C3000582C2000417373657274696F6E206661F1
:108C4000696C65643A20000A4C6F636174696F6EE9
:108C50003A203078256C58000A46696C653A200045
:108C60002B2564000A4572726F722056616C75651F
:108C70003A203078256C58000A43757272656E741C
:108C8000205468726561643A202573257320496415
:108C90003A203078256C5820456E7472793A20302D
:108CA00078256C5820537461636B53697A653A2058
:108CB0003078256C5820537461636B4D656D3A2094
:108CC0003078256C582053503A203078256C582045
:108CD000000A466F72206D6F726520696E666F2C98
:108CE0002076697369743A2068747470733A2F2F10
:108CF0006D6265642E636F6D2F732F6572726F7274
:108D00003F6572726F723D307825303858266F7328
:108D10007665723D256C6426636F72653D307825FB
:108D200030386C5826636F6D703D25642676657209
:108D30003D256C75267467743D47494741000A2DEF
:108D40002D204D6265644F53204572726F72204929
:108D50006E666F202D2D0A00466174616C2052757D
:108D60006E2D74696D65206572726F720044656561
:108D700070536C6565704C6F636B206F76657266BF
:108D80006C6F7720283E20307846464646290044BE
:108D9000656570536C6565704C6F636B20756E64B0
:108DA0006572666C6F7720283C2030290045786317
:108DB000657074696F6E002E2F6D6265642D6F7320
:108DC0002F706C6174666F726D2F736F757263654F
:108DD0002F6D6265645F72657461726765742E637E
:108DE0007070002867756172642026204358415FC7
:108DF00047554152445F4D41534B29203D3D203062
:108E0000002867756172642026204358415F4755EA
:108E10004152445F4D41534B29203D3D2043584131
:108E20005F47554152445F494E49545F494E5F5038
:108E3000524F4752455353004572726F72202D2096
:108E400077726974696E6720746F20612066696C3F
:108E50006520696E20616E20495352206F72206335
:108E60007269746963616C2073656374696F6E0DF8
:108E70000A000D004572726F72202D2072656164C8
:108E8000696E672066726F6D20612066696C65206F
:108E9000696E20616E20495352206F72206372699F
:108EA000746963616C2073656374696F6E0D0A0089
:108EB0004F70657261746F72206E6577206F757484
:108EC000206F66206D656D6F72790D0A00000000DD
:108ED00000000000000000005D820408958804087E
:108EE000D98204088582040849820408598204084A
:108EF000DB4F040855820408F5480408FF480408BD
:108F00004F820408351904083B190408471904085E
:108F10004B19040851190408A98204085B190408B4
:108F2000FFFFFFFF09000000FFFFFFFF1700000029
:108F3000FFFFFFFF000000002F7374646572720072
:108F40002F737464696E002F7374646F7574002ED0
:108F50002F6D6265642D6F732F706C6174666F7214
:108F60006D2F736F757263652F6D6265645F7374C7
:108F70006174732E6300737461747320213D204EFD
:108F8000554C4C002E2F6D6265642D6F732F7274DB
:108F90006F732F736F757263652F4576656E7446B8
:108FA0006C6167732E637070005F6964006170703C
:108FB0006C69636174696F6E5F756E6E616D656417
:108FC0005F6576656E745F666C6167730061707073
:108FD0006C69636174696F6E5F756E6E616D6564F7
:108FE0005F6D75746578002E2F6D6265642D6F73EB
:108FF0002F72746F732F736F757263652F4D757455
:1090000065782E637070005F6964207C7C206D62DF
:1090100065645F6765745F6572726F725F696E5FCA
:1090200070726F67726573732829004D7574657867
:10903000206C6F636B206661696C6564004D7574AC
:10904000657820756E6C6F636B206661696C656412
:10905000002E2F6D6265642D6F732F72746F732FE6
:10906000736F757263652F53656D6170686F72659C
:109070002E637070005F696420213D206E756C6CFA
:109080007074720053656D6170686F726520616302
:109090007175697265206661696C6564002E2F6D5B
:1090A0006265642D6F732F72746F732F736F757297
:1090B00063652F546869735468726561642E6370C8
:1090C000700028666C616773203D3D206F73466CAD
:1090D0006167734572726F7254696D656F75742044
:1090E00026262072656C5F74696D6520213D2077AE
:1090F0006169745F666F725F7533325F666F726548
:1091000076657229207C7C2028666C616773203D1F
:109110003D206F73466C6167734572726F72526562
:10912000736F757263652026262072656C5F7469A3
:109130006D65203D3D2072656C5F74696D652E7AAA
:1091400065726F28292900737461747573203D3D21
:10915000206F734F4B006170706C69636174696F4D
:109160006E5F756E6E616D65645F74687265616473
:109170000000000000000000000000000D8E040848
:10918000498E0408018080808080808004808080F7
:1091900080808080088080808080808010808080B7
:1091A00080808080208080808080808040000408D3
:1091B00010204002040810204000010002000400BA
:1091C000060008000A000C0010002000400080008B
:1091D000000100000000010203040102030406076D
:1091E0000809000001000E0605000E0602000E062A
:1091F00000000E0602000E06000000000000000045
:1092000000440040D21F00000B000000001001408D
:10921000D21F00000B010000000C0058D20F00000C
:1092200010000000004C0040D22300001D00000090
:1092300000480040D21F00001F000000004C00400A
:10924000D22300002900000000500040D22300007B
:109250003300000000440040D21F00003B0000002B
:1092600000480040D21F00003E000000007C00408B
:10927000D22300004A00000000780040D21F000006
:109280005900000000780040D21F00006D0000006F
:1092900000140140D21F00006F00000000140140C4
:1092A000D21F0000FFFF0000FFFFFFFF00000000D3
:1092B0000100000000440040D21F00000C0000002C
:1092C00000100140D21F00000C010000000C0058EB
:1092D000D20F00000F000000004C0040D22300001D
:1092E0001E00000000480040D21F00001E010000C8
:1092F000004C0040D2230000280000000050004035
:10930000D22300003400000000440040D21F0000BF
:109310003C00000000480040D21F00003F00000059
:10932000007C0040D223000049000000007800408B
:10933000D21F00005800000000780040D21F00003B
:109340006800000000140140D21F00006C00000003
:1093500000140140D21F0000FFFF0000FFFFFFFFCD
:109360000000000001000000004C0040D22300007B
:109370000300000000440040D21F0000080000006D
:1093800000780040D22F00000A00000000100140C9
:10939000D21F00000A010000000C0058D20F00008C
:1093A0000B000000004C0040D21B00001300000026
:1093B00000780040D22F000015000000005000404F
:1093C000D23B00001700000000100140D21F000037
:1093D00017010000000C0058D22300001800000004
:1093E000004C0040D22300001B0000000048004059
:1093F000D21F00001C00000000500040D23B0000C3
:109400001F00000000100140D213000027000000E0
:1094100000140140D21F00002B0000000048004053
:10942000D21F00002B010000004C0040D22300009E
:1094300030000000004C0040D22300003200000049
:1094400000500040D22300003600000000440040DD
:10945000D21F00003900000000480040D21F000069
:1094600040000000007C0040D223000047000000C4
:1094700000780040D21F0000560000000078004035
:10948000D21F00006900000000140140D21F00003C
:109490007E000000004C0040D22300008900000044
:1094A000004C0040D223000099000000007C0040E6
:1094B000D2230000FFFF0000FFFFFFFF00000000BD
:1094C00000000000004C0040D22300000200000019
:1094D00000440040D21F00000900000000100140BD
:1094E000D21F000009010000000C0058D20F00003C
:1094F0000C000000004C0040D21B00000F000000D8
:1095000000780040D22F00001400000000780040D6
:10951000D22F00001600000000100140D21F0000F2
:109520001601000000500040D23B0000160200006F
:10953000000C0058D223000019000000004C00402D
:10954000D22300001A00000000480040D21F000093
:109550001D00000000500040D23B00001E00000033
:1095600000100140D213000026000000001401404A
:10957000D21F00002A00000000480040D21F000057
:109580002A010000004C0040D22300002C00000003
:1095900000500040D223000031000000004C004089
:1095A000D22300003500000000440040D21F00001C
:1095B0003800000000480040D21F000041000000B9
:1095C000007C0040D22300004800000000780040EA
:1095D000D21F00005700000000780040D21F00009A
:1095E0006E00000000140140D21F00007D0000004A
:1095F000004C0040D223000098000000007C004096
:10960000D2230000FFFF0000FFFFFFFF000000006B
:109610000B00000000000840D22B00000C000000EE
:1096200000000840D22B0000FFFF0000FFFFFFFFFB
:1096300000000000536574537973436C6F636B20B3
:109640006661696C65640A002E2F6D6265642D6F1A
:10965000732F746172676574732F54415247455478
:109660005F53544D2F5441524745545F53544D332B
:109670003248372F73657269616C5F646576696320
:10968000652E6300756172745F72747320213D20D2
:1096900028554152544E616D65294E4300756172E3
:1096A000745F63747320213D2028554152544E61EC
:1096B0006D65294E43002E2F6D6265642D6F732FEB
:1096C000746172676574732F5441524745545F53F8
:1096D000544D2F5553425068795F53544D33322EB9
:1096E00063707000687063642E494E5F65705B3014
:1096F0005D2E6D61787061636B6574203E3D2073F3
:10970000697A6500726574203D3D2048414C5F4F89
:109710004B0072657420213D2048414C5F425553F7
:1097200059006C656E203E3D206D61785F7061630D
:109730006B65740040000000400000004000000025
:109740004000000040000000800100000000000018
:109750000000000023D504085BD5040889D704085D
:109760000DD9040825D5040829D7040855D70408BD
:1097700021D5040821D5040829D504082FD50408CB
:109780002DD6040821D5040835D504083DD5040894
:109790006BD504084DD604088FD50408BDD5040840
:1097A00041D5040869D90408EDD50408A9D60408F0
:1097B000CDD6040885D604089BD50408F1D6040844
:1097C0000DD60408C9D804080005000031000000C7
:1097D0003C0000003C0000003F0000003F00000093
:1097E0003F0000003F0000000000000000000000FB
:1097F0000000000000000000000000000000000069
:1098000000000000000000000000000050696E6DC4
:109810006170206572726F723A2077726F6E672086
:10982000706F7274206E756D6265722E002E2F6DD2
:109830006265642D6F732F746172676574732F5442
:1098400041524745545F53544D2F6770696F5F61B4
:1098500070692E630070696E20213D202850696E6A
:109860004E616D65294E430048414C5F5243435F52
:109870004F7363436F6E666967204552524F520AB9
:109880000048414C5F52434345785F5065726970B0
:1098900068434C4B436F6E666967204552524F5286
:1098A0000A0048414C5F4C5054494D5F496E697401
:1098B000204552524F520A00008000001000000064
:1098C000007D0000100000002E2F6D6265642D6F7A
:1098D000732F746172676574732F544152474554F6
:1098E0005F53544D2F70696E6D61702E63000000E0
:1098F0000000000000000001010000000000000264
:109900002200000000000004230000000000000806
:10991000FFFF000000000000010000000200000046
:1099200004000000080000001000000020000000FB
:109930004000000080000000000100000002000064
:1099400000040000000800000010000000200000DB
:10995000004000000080000043616E6E6F7420695B
:109960006E697469616C697A65205541525420773B
:109970006974682062617564207261746520257560
:109980000A00506172697479206973206E6F7420C7
:10999000737570706F7274656420776974682039AC
:1099A0002D626974206461746120666F726D6174E8
:1099B000004F6E6C7920372C2038206F7220392DA3
:1099C000626974206461746120666F726D61747382
:1099D0002061726520737570706F727465640045E4
:1099E00072726F723A206E65772073657269616C6E
:1099F000206F626A656374206973207573696E678E
:109A00002073616D65205541525420617320535479
:109A100044494F002E2F6D6265642D6F732F746162
:109A200072676574732F5441524745545F53544DC8
:109A30002F73657269616C5F6170692E63006F627C
:109A40006A5F732D3E7561727420213D2028554157
:109A500052544E616D65294E43006F626A5F732DEB
:109A60003E696E646578203E3D203000466F72632B
:109A7000654F73634F75746F6644656570536C65AD
:109A8000657020636C6F636B2069737375650D0A75
:109A900000466F7263655065726970684F75746FC8
:109AA0006644656570536C65657020636C6F636BAD
:109AB0002069737375650D0A0000000040420F00B5
:109AC00020000000000000007374643A3A62616490
:109AD0005F657863657074696F6E00002C9C050883
:109AE000009B05082C9C0508209B0508B89B0508D1
:109AF000449B0508F89A05082C9C0508589B050806
:109B00004E31305F5F637878616269763131355FFD
:109B10005F666F726365645F756E77696E6445003A
:109B20004E31305F5F637878616269763131395FD9
:109B30005F666F726569676E5F657863657074698B
:109B40006F6E4500537431336261645F657863659D
:109B50007074696F6E0000005374396578636570C6
:109B600074696F6E0000000000000000EC9A0508A8
:109B7000BDFD0408C9FD0408C1FD0408B89B050823
:109B8000889B0508F49B05084E31305F5F63787849
:109B9000616269763132305F5F73695F636C6173F4
:109BA000735F747970655F696E666F4500000000D1
:109BB000000000007C9B050845FF040859FF0408CD
:109BC00061000508610005086101050891000508AC
:109BD00031000508B1FF040875FF04082C9C050836
:109BE000E49B0508537439747970655F696E666F1C
:109BF00000000000B89B0508009C0508DC9B0508D8
:109C00004E31305F5F637878616269763131375FFA
:109C10005F636C6173735F747970655F696E666FA3
:109C20004500000000000000F49B0508D500050871
:109C3000E9000508610005086100050861010508E3
:109C4000910005084901050805010508C900050836
:109C500000202020202020202020282828282820FC
:109C600020202020202020202020202020202020F4
:109C7000208810101010101010101010101010105C
:109C8000100404040404040404040410101010104C
:109C90001010414141414141010101010101010116
:109CA0000101010101010101010101011010101068
:109CB00010104242424242420202020202020202E8
:109CC000020202020202020202020202101010103C
:109CD0002000000000000000000000000000000064
:109CE0000000000000000000000000000000000074
:109CF0000000000000000000000000000000000064
:109D00000000000000000000000000000000000053
:109D10000000000000000000000000000000000043
:109D20000000000000000000000000000000000033
:109D30000000000000000000000000000000000023
:109D40000000000000000000000000000000000013
:109D5000000000004808002443000000504F534911
:109D6000580000002E000000494E4600696E660053
:109D70004E414E006E616E0030313233343536372D
:109D80003839414243444546000000003031323307
:109D90003435363738396162636465660000000027
:109DA000286E756C6C2900003000000020202020F7
:109DB0002020202020202020202020203030303063
:109DC00030303030303030303030303020202020D3
:109DD0002020202020202020202020203030303043
:109DE000303030303030303030303030496E6669AD
:109DF0006E697479000000004E614E0000000000A2
:109E00000080E03779C34143176E05B5B5B8934676
:109E1000F5F93FE9034F384D321D30F94877825A42
:109E20003CBF737FDD4F1575000000000000F03F60
:109E30000000000000002440000000000000594025
:109E40000000000000408F40000000000088C34078
:109E500000000000006AF8400000000080842E41ED
:109E600000000000D01263410000000084D7974139
:109E70000000000065CDCD41000000205FA002423F
:109E8000000000E876483742000000A2941A6D42B4
:109E9000000040E59C30A2420000901EC4BCD642A7
:109EA00000003426F56B0C430080E03779C3414352
:109EB00000A0D8855734764300C84E676DC1AB43C8
:109EC000003D9160E458E143408CB5781DAF1544E6
:109ED00050EFE2D6E41A4B4492D54D06CFF08044C1
:109EE000F64AE1C7022DB544B49DD9794378EA44D6
:109EF00005000000190000007D00000000000000C7
:109F000008B10181B0B000840000000008B10181F7
:109F1000B0B000840000000008B10181B0B000843E
:109F20000000000008B10181B0B000840000000012
:109F30000D54FF7FB0B0A800FFFF010008B1018100
:109F4000B0B000840000000008B10181B0B000840E
:109F500000000000E953FF7FB0AA0500FFFF0116D3
:109F60001614000036048C0100500400007404989C
:109F700001007C1C0000000008B10181B0B0008429
:109F80000000000008B10181B0B0008400000000B2
:109F9000AD53FF7FB0B0A800FFFF0100A153FF7FCA
:109FA000B0A80300FFFF010C040C000014143600DD
:109FB0003C0400008953FF7F8408B101B0B0B000B9
:109FC000FFFF01081E0436003C0400007153FF7FB0
:109FD000A908B100FFFF01006553FF7FB0B0AC00DE
:109FE000FFFF01141E04000024045A002E04580030
:109FF000360A4200540400004553FF7FB0A8090010
:10A00000FFFF010C060A00001C163C004204000081
:10A010002D53FF7FB0AA0D00FFFF010C0A0A0000BC
:10A020002A164200480400001553FF7FB0AD10000F
:10A03000FFFF010C0E1A000042165A0060040000D7
:10A0400008B10181B0B0008400000000F152FF7F30
:10A05000B0AB0A00FFFF0121060A000026048C01B4
:10A0600000300400005604960100600400008601E0
:10A070000498010092011E000000000008B1018157
:10A08000B0B000840000000008B10181B0B00084CD
:10A0900000000000A952FF7FB0AD0200FFFF0114D5
:10A0A0000C2000003004C201009E0104A40100BE87
:10A0B0000104000008B10181B0B00084000000007C
:10A0C0007D52FF7FB0AC0700FFFF012908100000A0
:10A0D0002E28E60100600400007C04D20100860105
:10A0E00004D00100980104B20100AC0104EE0100AB
:10A0F000CC0114000000000008B10181B0B0008460
:10A100000000000008B10181B0B000840000000030
:10A1100008B10181B0B000840000000008B10181E5
:10A12000B0B000840000000008B10181B0B000842C
:10A13000000000000952FF7FB0B0AC00FFFF010C2F
:10A14000082600003C047E00503A0000F151FF7FD9
:10A15000B0AC0100FFFF010C0824000040047200B5
:10A160007A04000008B10181B0B000840000000052
:10A17000CD51FF7FB0AF1800FF1019011124A607C1
:10A180000000EE0704D80901BA08A8010000010088
:10A1900000000000A951FF7FB0AF0400FF101D01B7
:10A1A00012200436012A042E017646BC0100C401A7
:10A1B0000400000100000000000000008151FF7F4A
:10A1C000A908B100FFFF01007551FF7F8408B101AC
:10A1D000B0B0B000FF1019010C020608010C041009
:10A1E000051C0A000001007F00007D000000000047
:10A1F0000000000008B10181B0B000840000000040
:10A2000008B10181B0B000840000000008B10181F4
:10A21000B0B000840000000008B10181B0B000843B
:10A2200000000000B460FE7F010000002061FE7F9E
:10A23000D0FCFF7F3C61FE7FD4FCFF7F6461FE7F2A
:10A2400001000000B061FE7FD0FCFF7FD861FE7F7F
:10A25000B0B0A880FC61FE7FCCFCFF7F2862FE7F4F
:10A26000010000003A62FE7FC8FCFF7F3E62FE7F75
:10A27000010000003A62FE7FB0B0AA807E62FE7FDD
:10A28000B0B0A8808E62FE7F01000000BC62FE7F3D
:10A29000B0A801802063FE7FA4FCFF7F4463FE7FA3
:10A2A000B0B0AA805863FE7FB0B0B0805863FE7F24
:10A2B000B0A801809463FE7FB0B0AC80C263FE7F23
:10A2C000B0B0B080C063FE7FB0B0AA800864FE7FEB
:10A2D000A93F02807864FE7FA908B1808C64FE7F6C
:10A2E000B0B0B0808C64FE7FB0B0A880AC64FE7F5C
:10A2F000A908B180D264FE7FB0B0B080D064FE7F88
:10A30000B0B0A8800465FE7FA908B1804065FE7FDB
:10A31000B0B0B0804065FE7FB0B0A8808C65FE7F95
:10A32000AD08B1800C66FE7F010000002066FE7F54
:10A3300018FCFF7F2466FE7F010000006C66FE7F34
:10A3400014FCFF7F0867FE7F30FCFF7F0867FE7FFD
:10A3500034FCFF7F0867FE7F010000009867FE7FE6
:10A36000B0B0A880A667FE7FA908B180B867FE7F5D
:10A3700001000000B867FE7F18FCFF7FCC67FE7FFE
:10A3800001000000DA67FE7FB0AB02801268FE7F3A
:10A39000B0B0AA806668FE7FAB08B1808868FE7F97
:10A3A000B0AA05801069FE7F010000003469FE7FBD
:10A3B000A908B1806869FE7F010000008C69FE7FFA
:10A3C000B0B0A880A869FE7FB0AC0380206AFE7F91
:10A3D000B0AA0180446AFE7FB0B0A8807A6AFE7F8E
:10A3E000BCFBFF7FB26AFE7FB0B0A880BC6AFE7F74
:10A3F000C4FBFF7F046BFE7FB0B0A8802C6BFE7F98
:10A4000001000000BC6CFE7FC4FBFF7FE86CFE7F98
:10A4100001000000746DFE7FA908B180EC6DFE7F25
:10A42000B0AC01806E6EFE7FB0B0A880A86EFE7FDB
:10A43000B0B0AA80F86EFE7F01000000F86EFE7FCB
:10A4400098FBFF7F586FFE7FB0B0AA80F86FFE7F49
:10A45000B0B0A8800470FE7FA908B1801870FE7F9C
:10A46000AB08B1808070FE7F90FBFF7FC870FE7FDD
:10A47000A0FBFF7F2471FE7FB0B0A8804C71FE7FEF
:10A48000AD08B180A671FE7FB0AB0480EC71FE7F99
:10A4900098FBFF7F6472FE7FB0B0A8808472FE7F5D
:10A4A00001000000CC72FE7FB0A902802273FE7F03
:10A4B000010000005073FE7F88FBFF7F5473FE7F16
:10A4C000010000009C73FE7F84FBFF7F5874FE7FB9
:10A4D000ACFBFF7F5874FE7FB0FBFF7F5874FE7F9C
:10A4E000010000008274FE7FB0B0B0808074FE7FF7
:10A4F000010000008074FE7FB0B0A8808874FE7FE9
:10A50000B0B0B0808874FE7FA908B180C074FE7FAF
:10A5100000840280D874FE7FB0B0B080D874FE7F13
:10A5200000840280F274FE7FB0B0B080F274FE7FCF
:10A53000AD08B1802475FE7F010000005075FE7FDC
:10A54000A908B1806E75FE7F01000000F075FE7FE6
:10A5500044FBFF7FB876FE7FA908B180CA76FE7FF4
:10A5600001000000D476FE7FB0B0A880FC76FE7FAC
:10A57000AB08B1802477FE7F010000006A77FE7F80
:10A5800034FBFF7F7077FE7F01000000B877FE7F0D
:10A5900030FBFF7FB478FE7FB0B0B080B478FE7F30
:10A5A00001000000B078FE7F50FBFF7FB078FE7F97
:10A5B00054FBFF7FB078FE7F58FBFF7FB078FE7FB3
:10A5C00001000000FC78FE7F54FBFF7FFA78FE7FDD
:10A5D000B0AF04805C7AFE7F01000000F47AFE7F59
:10A5E000A908B180007BFE7FB0AA0980327BFE7F84
:10A5F00001000000487BFE7FB0B0A880947BFE7F06
:10A6000001000000A47BFE7F00840280C07BFE7FEF
:10A6100001000000BC7BFE7F10FBFF7FD07BFE7F34
:10A62000010000000C7CFE7F0CFBFF7F987CFE7F0E
:10A630001CFBFF7F1C7DFE7F01000000744BFF7F31
:10A64000AB08B1802C4CFF7F1CFBFF7F5C4CFF7F75
:10A65000AB08B180E84CFF7F18FBFF7FC451FF7F40
:10A66000010000001852FF7F2CFBFF7FEC52FF7FA0
:10A670004CFBFF7F6453FF7F01000000F453FF7F1A
:10A6800048FBFF7F1454FF7F010000002054FF7F30
:10A6900064FBFF7F2054FF7F68FBFF7F2C54FF7F0C
:10A6A000010000005054FF7FB0AB0280F854FF7FE0
:10A6B00001000000C455FF7FB0B0A8800056FF7FA6
:10A6C000010000005056FF7FAB08B1808056FF7F2D
:10A6D000B0B0A880E856FF7F010000005459FF7F0A
:10A6E000B0B0AC807859FF7F01000000A459FF7F13
:10A6F000B0AA0380D459FF7F01000000C85EFF7F2D
:10A70000B0A90280645FFF7FB0B0A880B45FFF7F14
:10A7100001000000C05FFF7FB0B0AA80F85FFF7F3C
:10A72000AE71B280B860FF7F01000000B460FF7FAF
:10A73000AB3F38800C61FF7F010000001861FF7F94
:10A74000B0B0AA805461FF7F01000000F861FF7F74
:10A75000AB0EB2806062FF7FB0AF08802C65FF7FD8
:10A76000010000003065FF7FAC3F0380A867FF7FDA
:10A77000010000008469FF7F008404809869FF7FE6
:10A78000010000009469FF7FB0AD0480506CFF7F32
:10A79000B0A80380706CFF7F74FAFF7F746CFF7F3A
:10A7A00078FAFF7F806CFF7F01000000000000004E
:10A7B0001700000000000000000000000000000082
:10A7C0000900000000000000000000000000000080
:10A7D0000300000000000000000000000000000076
:10A7E0000200000000000000000000000000000067
:10A7F00098000000000000000000000000000000C1
:10A800000700000000000000000000000000000041
:10A810003D000000000000000000000000000000FB
:10A820001400000000000000000000000000000014
:10A830001800000000000000000000000000000000
:10A8400019000000000000000000000000000000EF
:10A85000A100000000000000000000000000000057
:10A860009A0000000000000000000000000000004E
:10A870009B0000000000000000000000000000003D
:10A880007600000000000000000000000000000052
:10A890006E0000000000000000000000000000004A
:10A8A0002700000000000000000000000000000081
:10A8B0007D0000000000000000000000000000001B
:10A8C00089000000000000000000000000000000FF
:10A8D0003500000000000000000000000000000043
:10A8E0003600000000000000000000000000000032
:10A8F0001B0000000000000000000000000000003D
:10A9000074000000000000000000000000000000D3
:10A910009C0000000000000000000000000000009B
:10A920006D000000000000000000000000000000BA
:10A930006C000000000000000000000000000000AB
:10A940009000000000000000000000000000000077
:10A950009E00000000000000000000000000000059
:10A960009100000000000000000000000000000056
:10A970009F00000000000000000000000000000038
:10A980009200000000000000000000000000000035
:10A99000A300000000000000000000000000000014
:10A9A0009300000000000000000000000000000014
:10A9B000A4000000000000000000000000000000F3
:10A9C00094000000000000000000000000000000F3
:10A9D000A5000000000000000000000000000000D2
:10A9E00095000000000000000000000000000000D2
:10A9F000A6000000000000000000000000000000B1
:10AA000096000000000000000000000000000000B0
:10AA1000970000000000000000000000000000009F
:10AA20008E00000000000000000000000000000098
:10AA300046000000000000000000000000000000D0
:10AA4000A70000000000000000000000000000005F
:10AA50008F00000000000000000000000000000067
:10AA60008A0000000000000000000000000000005C
:10AA70006A0000000000000000000000000000006C
:10AA80008D00000000000000000000000000000039
:10AA90007F00000000000000000000000000000037
:10AAA0001200000000000000000000000000000094
:10AAB000A0000000000000000000000000000000F6
:10AAC0004400000000000000000000000000000042
:10AAD0008B000000000000000000000000000000EB
:10AAE0004500000000000000000000000000000021
:10AAF000A2000000000000000000000000000000B4
:10AB000067000000000000000000000000000000DE
:10AB100085000000000000000000000000000000B0
:10AB200078000000000000000000000000000000AD
:10AB3000060000000000000000000000000000000F
:10AB4000990000000000000000000000000000006C
:10AB5000870000000000000000000000000000006E
:10AB6000860000000000000000000000000000005F
:10AB70008400000000000000000000000000000051
:10AB80007E00000000000000000000000000000047
:10AB90006B0000000000000000000000000000004A
:10ABA0007B0000000000000000000000000000002A
:10ABB0007A0000000000000000000000000000001B
:10ABC000790000000000000000000000000000000C
:10ABD0000100000000000000000000000000000074
:10ABE0003400000000000000000000000000000031
:10ABF000260000000000000000000000000000002F
:10AC000080000000000000000000000000000000C4
:10AC100081000000000000000000000000000000B3
:10AC200082000000000000000000000000000000A2
:10AC30008300000000000000000000000000000091
:10AC400021000000000000000000000000000000E3
:10AC50001C000000000000000000000000000000D8
:10AC600033000000000000000000000000000000B1
:10AC700024000000000000000000000000000000B0
:10AC8000250000000000000000000000000000009F
:10AC900010000000000000000000000000000000A4
:10ACA0001100000000000000000000000000000093
:10ACB0002300000000000000000000000000000071
:10ACC0002200000000000000000000000000000062
:10ACD0002000000000000000000000000000000054
:10ACE0000000000000000000000000000000000064
:10ACF0000400000000000000000000000000000050
:10AD0000050000000000000000000000000000003E
:10AD10008C000000000000000000000000000000A7
:10AD20009D00000000000000000000000000000086
:10AD300043000000000000000000000000000000D0
:10AD4000690000000000000000000000000000009A
:10AD500037000000000000000000000000000000BC
:10AD600013000000000000000000000000000000D0
:10AD70000F000000000000000000000000000000C4
:10AD800015000000000000000000000000000000AE
:10AD90001D00000000000000000000000000000096
:10ADA000880000000000000000000000000000001B
:10ADB0001A00000000000000000000000000000079
:10ADC000770000000000000000000000000000000C
:10ADD0006300000000000000000000000000000010
:10ADE0000A00000000000000000000000000000059
:10ADF0002D00000000000000000000000000000026
:10AE0000160100000000000000000000000000002B
:10AE10007C000000000000000000000000000000B6
:10AE2000AC7C0508D3B3FB0200000000000000006A
:10AE30000000000000000000000000000000000012
:10AE40000000000000000000000000000000000002
:10AE500000000000000000000000000000000000F2
:10AE600000000000000000000000000000000000E2
:10AE700000000000000000000000000000000000D2
:10AE800000000000000000000000000000000000C2
:10AE900000000000000000000000000000000000B2
:10AEA00000000000000000000000000000000000A2
:10AEB0000000000000000000000000000000000092
:10AEC0000000000005470408536E0408536E040890
:10AED000FFFFFFFFFFFFFFFFFFFFFFFF000000007E
:10AEE0000000000000000000000000000000000062
:10AEF0000000000000000000000000000000000052
:10AF00000000000000000000000000000000000041
:10AF10000000000000000000000000000000000031
:10AF20000000000000000000000000000000000021
:10AF30000000000000000000000000000000000011
:10AF40000000000000000000000000000000000001
:10AF500000000000000000000000000000000000F1
:10AF600000000000000000000000000000000000E1
:10AF700000000000000000000000000000000000D1
:10AF800000000000000000000000000000000000C1
:10AF900000000000000000000000000000000000B1
:10AFA00000000000000000000000000000000000A1
:10AFB0000000000000000000000000000000000091
:10AFC0000000000000000000000000000000000081
:10AFD000B8B9002401000000100000000090D00368
:10AFE0000090D003010000002D83040899FA0408A2
:10AFF0004808002400000000340B00249C0B0024AF
:10B00000040C00240000000000000000000000000C
:10B010000000000000000000000000000000000030
:10B020000000000000000000000000000000000020
:10B030000000000000000000000000000000000010
:10B040000000000000000000000000000000000000
:10B0500000000000000000000000000000000000F0
:10B0600000000000000000000000000000000000E0
:10B0700000000000000000000000000000000000D0
:10B0800000000000000000000000000000000000C0
:10B0900000000000000000000000000001000000AF
:10B0A000000000000E33CDAB34126DE6ECDE05007F
:10B0B0000B00000000000000000000000000000085
:10B0C0000000000000000000000000000000000080
:10B0D0000000000000000000000000000000000070
:10B0E0000000000000000000000000000000000060
:10B0F0000000000000000000000000000000000050
:10B10000000000000000000000000000000000003F
:10B11000000000000000000000000000000000002F
:10B12000000000000000000000000000000000001F
:10B13000000000000000000000000000000000000F
:10B1400000000000000000000000000000000000FF
:10B1500000000000000000000000000000000000EF
:10B1600000000000000000000000000000000000DF
:10B1700000000000000000000000000000000000CF
:10B1800000000000000000000000000000000000BF
:10B1900000000000000000000000000000000000AF
:10B1A000000000000000000000000000000000009F
:10B1B000000000000000000000000000000000008F
:10B1C000000000000000000000000000000000007F
:10B1D000000000000000000000000000000000006F
:10B1E000000000000000000000000000000000005F
:10B1F000000000000000000000000000000000004F
:10B20000000000000000000000000000000000003E
:10B21000000000000000000000000000000000002E
:10B22000000000000000000000000000000000001E
:10B23000000000000000000000000000000000000E
:10B2400000000000000000000000000000000000FE
:10B2500000000000000000000000000000000000EE
:10B2600000000000000000000000000000000000DE
:10B2700000000000000000000000000000000000CE
:10B2800000000000000000000000000000000000BE
:10B2900000000000000000000000000000000000AE
:10B2A000000000000000000000000000000000009E
:10B2B000000000000000000000000000000000008E
:10B2C000000000000000000000000000000000007E
:10B2D000000000000000000000000000000000006E
:10B2E000000000000000000000000000000000005E
:10B2F000000000000000000000000000000000004E
:10B30000000000000000000000000000000000003D
:10B31000000000000000000000000000000000002D
:10B32000000000000000000000000000000000001D
:10B33000000000000000000000000000000000000D
:10B3400000000000000000000000000000000000FD
:10B3500000000000000000000000000000000000ED
:10B3600000000000000000000000000000000000DD
:10B3700000000000000000000000000000000000CD
:10B3800000000000000000000000000000000000BD
:10B3900000000000000000000000000000000000AD
:10B3A000000000000000000000000000000000009D
:10B3B000000000000000000000000000000000008D
:10B3C000000000000000000000000000000000007D
:10B3D000000000000000000000000000000000006D
:10B3E000000000000000000000000000000000005D
:10B3F000000000000000000000000000000000004D
:10B40000000000000000000000000000000000003C
:10B4100000000000000000000000000043000000E9
:10B42000000000000000000000000000000000001C
:10B4300000000000000000000000000043000000C9
:10B4400000000000000000000000000000000000FC
:10B4500000000000000000000000000043000000A9
:10B4600000000000000000000000000000000000DC
:10B470000000000000000000000000004300000089
:10B4800000000000000000000000000000000000BC
:10B490000000000000000000000000004300000069
:10B4A000000000000000000000000000000000009C
:10B4B0000000000000000000000000004300000049
:10B4C000000000000000000000000000000000007C
:10B4D0000000000000000000000000004300000029
:10B4E000000000000000000000000000000000005C
:10B4F000000000000000000000000000C55F05081B
:10B50000AD29050800000000509C0508649D050851
:10B51000889D0508889D0508889D0508889D050863
:10B52000889D0508889D0508889D0508889D050853
:10B53000889D0508FFFFFFFFFFFFFFFFFFFFFFFFE5
:10B54000FFFF000001004153434949000000000093
:10B5500000000000000000000000000000000000EB
:10B560000000000000004153434949000000000072
:10B5700000000000000000000000000000000000CB
:10B5800000000000000000000000000000000000BB
:10B59000DC0D0024DC0D0024E40D0024E40D002467
:10B5A000EC0D0024EC0D0024F40D0024F40D002417
:10B5B000FC0D0024FC0D0024040E0024040E0024C5
:10B5C0000C0E00240C0E0024140E0024140E002473
:10B5D0001C0E00241C0E0024240E0024240E002423
:10B5E0002C0E00242C0E0024340E0024340E0024D3
:10B5F0003C0E00243C0E0024440E0024440E002483
:10B600004C0E00244C0E0024540E0024540E002432
:10B610005C0E00245C0E0024640E0024640E0024E2
:10B620006C0E00246C0E0024740E0024740E002492
:10B630007C0E00247C0E0024840E0024840E002442
:10B640008C0E00248C0E0024940E0024940E0024F2
:10B650009C0E00249C0E0024A40E0024A40E0024A2
:10B66000AC0E0024AC0E0024B40E0024B40E002452
:10B67000BC0E0024BC0E0024C40E0024C40E002402
:10B68000CC0E0024CC0E0024D40E0024D40E0024B2
:10B69000DC0E0024DC0E0024E40E0024E40E002462
:10B6A000EC0E0024EC0E0024F40E0024F40E002412
:10B6B000FC0E0024FC0E0024040F0024040F0024C0
:10B6C0000C0F00240C0F0024140F0024140F00246E
:10B6D0001C0F00241C0F0024240F0024240F00241E
:10B6E0002C0F00242C0F0024340F0024340F0024CE
:10B6F0003C0F00243C0F0024440F0024440F00247E
:10B700004C0F00244C0F0024540F0024540F00242D
:10B710005C0F00245C0F0024640F0024640F0024DD
:10B720006C0F00246C0F0024740F0024740F00248D
:10B730007C0F00247C0F0024840F0024840F00243D
:10B740008C0F00248C0F0024940F0024940F0024ED
:10B750009C0F00249C0F0024A40F0024A40F00249D
:10B76000AC0F0024AC0F0024B40F0024B40F00244D
:10B77000BC0F0024BC0F0024C40F0024C40F0024FD
:10B78000CC0F0024CC0F0024D40F0024D40F0024AD
:10B79000DC0F0024DC0F0024E40F0024E40F00245D
:10B7A000EC0F0024EC0F0024F40F0024F40F00240D
:10B7B000FC0F0024FC0F00240410002404100024BB
:10B7C0000C1000240C100024141000241410002469
:10B7D0001C1000241C100024241000242410002419
:10B7E0002C1000242C1000243410002434100024C9
:10B7F0003C1000243C100024441000244410002479
:10B800004C1000244C100024541000245410002428
:10B810005C1000245C1000246410002464100024D8
:10B820006C1000246C100024741000247410002488
:10B830007C1000247C100024841000248410002438
:10B840008C1000248C1000249410002494100024E8
:10B850009C1000249C100024A4100024A410002498
:10B86000AC100024AC100024B4100024B410002448
:10B87000BC100024BC100024C4100024C4100024F8
:10B88000CC100024CC100024D4100024D4100024A8
:10B89000DC100024DC100024E4100024E410002458
:10B8A000EC100024EC100024F4100024F410002408
:10B8B000FC100024FC1000240411002404110024B6
:10B8C0000C1100240C110024141100241411002464
:10B8D0001C1100241C110024241100242411002414
:10B8E0002C1100242C1100243411002434110024C4
:10B8F0003C1100243C110024441100244411002474
:10B900004C1100244C110024541100245411002423
:10B910005C1100245C1100246411002464110024D3
:10B920006C1100246C110024741100247411002483
:10B930007C1100247C110024841100248411002433
:10B940008C1100248C1100249411002494110024E3
:10B950009C1100249C110024A4110024A411002493
:10B96000AC110024AC110024B4110024B411002443
:10B97000BC110024BC110024C4110024C4110024F3
:10B98000CC110024CC110024D4110024D4110024A3
:10B99000FFFFFFFF0000020000000000BD020408DE
:10B9A000A10304085D0A04086D1E04087120040840
:10B9B000F12104081D480408554804087548040886
:10B9C000518F04081DFF04080000000099020408BC
:04B9D0000000000073
:00000001FF
