:020000040804EE
:100000000000082415D1040861D104081176040801
:10001000177604081D760408237604080000000003
:100020000000000000000000000000005123040850
:1000300061D1040800000000EB230408FB2304083E
:1000400061D1040861D1040861D1040861D10408B8
:1000500061D1040861D1040861D1040861D10408A8
:1000600061D1040861D1040861D1040861D1040898
:1000700061D1040861D1040861D1040861D1040888
:1000800061D1040861D1040861D1040801DC0408CD
:1000900011DC04080DDC04081DDC040861D104082F
:1000A00061D1040861D1040861D1040861D1040858
:1000B00061D1040861D1040861D1040861D1040848
:1000C00061D1040861D1040861D1040861D1040838
:1000D00061D1040861D1040861D1040861D1040828
:1000E00061D1040861D104080000000061D1040856
:1000F00061D1040861D1040861D1040861D1040808
:1001000061D10408D5CD040861D1040861D1040887
:1001100061D1040861D1040861D1040861D10408E7
:1001200061D1040861D1040861D1040861D10408D7
:1001300061D1040861D1040861D1040861D10408C7
:1001400061D1040861D10408000000000000000033
:1001500061D1040861D1040861D1040861D10408A7
:1001600061D1040861D1040861D1040861D1040897
:1001700061D1040861D1040861D1040800000000C5
:1001800061D1040861D1040861D1040861D1040877
:1001900061D1040861D1040861D1040861D1040867
:1001A00061D1040861D1040861D1040861D1040857
:1001B00061D1040861D1040861D1040861D1040847
:1001C00061D1040861D1040861D1040861D1040837
:1001D00061D1040861D1040861D1040861D1040827
:1001E00061D1040861D1040861D1040861D1040817
:1001F00061D1040861D1040861D1040861D1040807
:1002000061D1040861D1040861D1040861D10408F6
:1002100061D1040861D1040861D1040861D10408E6
:1002200061D1040861D1040861D1040861D10408D6
:1002300061D1040811D1040861D1040861D1040816
:1002400061D1040861D1040861D1040861D10408B6
:1002500061D1040861D1040861D1040861D10408A6
:1002600061D1040861D1040861D1040861D1040896
:1002700061D1040861D1040861D1040861D1040886
:1002800061D1040861D1040861D1040800000000B4
:1002900061D1040861D1040810B5054C237833B945
:1002A000044B13B10448AFF300800123237010BD49
:1002B0004012002400000000FC9E050808B5034B16
:1002C0001BB103490348AFF3008008BD00000000E4
:1002D00044120024FC9E0508154B002B08BF134B4D
:1002E0009D46A3F5803A00218B460F461348144AD9
:1002F000121A12F0F5FC0F4B002B00D098470E4B52
:10030000002B00D098470020002104000D000D486C
:10031000002802D00C4808F02DF811F0E1FF200071
:10032000290004F0C5F808F039FA00BF0000080001
:1003300000000824000000000D44040840120024BE
:10034000B8B90024758304080000000008B5064908
:10035000064801F0BDFE4FF47A7008F0EFFCBDE8EE
:10036000084001F043BF00BF6478050880170024EF
:1003700008B54FF4E131084800F016FB064800F0DC
:1003800019F910B901F032FFF8E704490248BDE855
:10039000084001F09DBE00BF801700246C7805085E
:1003A000064B00221A600122054B1A600222054BFF
:1003B0001A600322044B1A60704700BF64120024C5
:1003C000681200245C1200246012002430B5A1F1F0
:1003D0001004002500F00F02CD7302390009D3B2DA
:1003E000092ACCBF373330330B748C42F2D130BD85
:1003F0006720704708B5084A0121084B57201A604A
:1004000001F016FF0121572001F05CFF044B43F27D
:10041000D2021A6008BD00BF004000586C120024D0
:100420000040005210B5044608F0ECFD2146FFF7ED
:10043000CDFF08F0EDFD04F11001FFF7C7FF08F054
:10044000EDFD04F12001FFF7C1FF302010BD0000D9
:1004500008B54DF65972002107480BF043FABFF377
:100460004F8F0649064BCA6802F4E0621343CB6023
:10047000BFF34F8F00BFFDE76C12002400ED00E0DA
:100480000400FA0570470B6803604B6843608B6893
:1004900083607047C3680BB19B681847704710B5FD
:1004A0000446FFF7F7FF204610BD0020704770B5E7
:1004B00090F8383105461446F3B90368DB6998476C
:1004C00004F4706304F00F02B3F5407F04F0F0030E
:1004D0000CBF07210821302B0CBF02230123012A66
:1004E00008D0901E42424241A869BDE870400068B1
:1004F00004F0E2BA0222F7E770BD10B590F8383187
:1005000004462BB9A369186804F01AFB0028F9D037
:1005100010BD38B590F838510446A5B983695BB170
:10052000186848B10368DB689847A36904211D6017
:10053000A06908F0A3F9A5610023C4F82831C4F824
:100540002C31C4F8303138BD13B590F83831044639
:100550006BBBA369186804F0C7FA40B307F030FB1F
:10056000A36901220DF10701186803685B699847C8
:10057000D4F83031B3F5807F16D0D4F83031B3F5EC
:10058000807F11D0D4F828319DF80720234483F8C8
:100590002820D4F828310133DBB2C4F82831D4F84C
:1005A00030310133C4F8303107F020FBD1E702B01D
:1005B00010BD000008B590F838313BB1012001F0C2
:1005C00005FE0648BDE8084001F073BA82691AB119
:1005D0001368003318BF0123184608BD501E0024BD
:1005E00070B504460D4601F064FA30B1236829461F
:1005F00020461B6CBDE87040184770BDA0F5A07088
:10060000EEE7000013B590F8383104468DF8071076
:100610002BB1C9B20B48FFF7E3FF02B010BDA369CD
:10062000186804F08DFA0028F9D0A36901220DF1B1
:100630000701186803681B699847013018BF01203B
:10064000EBE700BF501E00242DE9F0410746884625
:10065000164601F02EFA70B10024A6420CD9351BC3
:1006600008EB04013846402D28BF40252A462C447B
:1006700000F060FFF1E704462046BDE8F081A0F5F8
:10068000A070E1E770B590F8383105460E46144683
:100690002BB10F48FFF7D8FF0446204670BDAB6969
:1006A000186804F04DFA0028F9D0AB6901211868E8
:1006B000D0F8883088301B6B9847AB6922463146AA
:1006C000186803681B699847013008BF0024E4E7F5
:1006D000501E002430B50446C3B001F0D7F90546DA
:1006E000D4F85832C3F58073984203DDD4F85852D9
:1006F000C5F580752A4601AB02A9204601F010F825
:10070000019902AB00226D1A1D44D4F85832B3F59A
:10071000807F19D08A4217D0D4F85832B3F5807F41
:1007200010D0D4F85032A85C234483F85001D4F898
:1007300050320133DBB2C4F85032D4F858320133AE
:10074000C4F858320132E0E743B030BD38B5044652
:1007500000F0D2FB2046FFF7BDFFD4F858522046E8
:1007600000F0D2FB284638BDA0F5A070EEE70000EF
:1007700010B590F8383104462BB10648FFF7E6FF74
:100780000446204610BD07F01BFAD4F8304107F0AC
:100790002DFAF6E7501E002438B5044600F0ACFBF5
:1007A0002046FFF797FFD4F858324BB1D4F85432B3
:1007B000234493F85051204600F0A6FB284638BD4C
:1007C0004FF0FF35F7E7A0F5A070E5E710B590F81A
:1007D000383104462BB10B48FFF7DEFF04462046B4
:1007E00010BD07F0EDF9D4F830313BB1D4F82C014D
:1007F000044494F8284007F0F9F9F0E74FF0FF348B
:10080000F9E700BF501E002438B5044600F074FB21
:100810002046FFF75FFFD4F85832A3B1D4F8543222
:10082000234493F85051D4F854320133DBB2C4F866
:100830005432D4F85832013BC4F85832204600F004
:1008400063FB284638BD4FF0FF35F7E7A0F5A070F1
:10085000DAE7000010B590F8383104462BB11148A2
:10086000FFF7D2FF0446204610BD07F0A9F9D4F8DF
:1008700030319BB1D4F82C31234493F82800D4F8BC
:100880002C310133DBB2C4F82C31D4F83031013BC8
:10089000C4F83031044607F0A9F9E4E74FF0FF341B
:1008A000F9E700BF501E00242DE9F84300251F463C
:1008B0004FF47A7304468946904629464FF4807275
:1008C000C561089EC0E90153184B03602023C0E9AD
:1008D0000535283012F004FAC4F8285184F838514C
:1008E0005FFA89F0C4F82C51C4F8305101F042FC91
:1008F00020845FFA88F001F03DFCAF4260840CDB9D
:10090000F8B201F037FCA084002E0ADBF0B201F04F
:1009100031FCE0842046BDE8F8834FF6FF73A384E2
:10092000F2E74FF6FF73E384F4E700BF8C78050825
:1009300010B4D0E9003409686210E4075DF8044B94
:1009400001EB020044BF8A58D358184701460430CF
:1009500008B5FFF7EDFF08BD034A0346C26007C9AB
:1009600083E80700704700BF7878050810B586B0A7
:1009700004460391684606A980E80C0001E90C00D2
:10098000204603A9FFF7E8FF204606B010BD37B5A3
:100990006C46054684E80C0094E80C00FFF7E6FF7F
:1009A000284603B030BD000070B590F8383186B0ED
:1009B00004460E46002B3BD1856925B9042007F07B
:1009C00029FFA0610560A369186850BB8C2007F05F
:1009D00021FF3346B4F922200546B4F9201004F073
:1009E00097FBA3691D60B4F92420531C06D0A069AD
:1009F0000321B4F92630006804F09AFBA3691D684E
:100A0000B5B1114B0026214602A800936B46019612
:100A10000CCBFFF7BCFF324602A9284604F0FEF8D3
:100A200003E0314604F035F8DDE702A8FFF737FDB3
:100A300006B070BD8C21284607F020FF0FF054F857
:100A400002A8FFF72CFDF9E74905040808B5FFF7F0
:100A50007DFF08BD08B5FFF7F9FF08BD37B54FF4B6
:100A60007A731C4C00254FF4807204F1280029464B
:100A7000E561C4E90153184B23602023C4E905351F
:100A800012F02EF90121C4F828512A46C4F82C513D
:100A900084F83811C4F830514FF0FF340F48234622
:100AA0000094FFF701FF23460094132212210C4803
:100AB000FFF7FAFE23460094112210210948FFF7A0
:100AC000F3FE23460F220E2100940748FFF7ECFEA9
:100AD00003B030BD801700248C78050890120024E4
:100AE000CC1300240815002444160024002070476D
:100AF0007047704710B5D0F88C452CB1236820465C
:100B0000DB6A9847A468F8E710BD38B50D46D0F801
:100B10008C4534B1236820462946DB689847A46891
:100B2000F7E738BD0048704748790508054B10B510
:100B30000446036005F04FFD204605F05DFE2046AB
:100B400010BD00BFC878050810B50446FFF7EEFFDA
:100B50004FF4B261204607F091FE204610BDF7B574
:100B6000002305460E46D0F88C45A4B123683146D3
:100B70000DF1030220461F6901ABB8479DF8031031
:100B80000346042905D0019A284605F033F803B03E
:100B9000F0BDA468E9E7019A9DF80310F4E770B589
:100BA00005460E4622B10021BDE8704004F02EBE7D
:100BB000D0F88C455CB123680022314620465B6941
:100BC000984710B101212846EEE7A468F2E72146D4
:100BD000F9E770B50E460546D0F88C4500213CB1CA
:100BE0002368314620469B699847A4680146F6E78A
:100BF0002846BDE8704004F0FDBEF8B505460E4637
:100C00001746D0F88C453CB1236820463A46314619
:100C1000DB699847A468F6E728460121BDE8F8405B
:100C200004F046BF70B5002186B0044605F02DF9EA
:100C300000234FF48975A188EF26ADF8063023898B
:100C4000ADF8045002258DF810301B0AE2888DF8AB
:100C5000113040F201238DF80750ADF8123040F208
:100C600003138DF809500125ADF8143004F10A037F
:100C70008DF8086005AE8DF80A501C468DF80C10F2
:100C800001AD090A8DF80E20120A8DF80B008DF8BF
:100C90000D108DF80F202A46083303CAB24243F8DC
:100CA000080C43F8041C1546F5D1128820461A801A
:100CB00006B070BDF8B5002406460D4627463046FE
:100CC00012F0DEFBA04207D9335D05F8143005EBC6
:100CD000440301345F70F2E7400000F0FE00F8BD0D
:100CE00038B50446D0F88C5535B12B6828465B6A78
:100CF000984710B9AD68F7E7284640F2023304F28E
:100D00004A51A4F84835FFF7D5FF94F84835184400
:100D100084F8480504F5A96038BD000040F20233AC
:100D200000F20A5110B50446A0F808350548FFF74F
:100D3000C1FF94F80835184484F8080504F5A1604B
:100D400010BD00BFB878050840F2023310B5044664
:100D5000A0F8C83400F2CA40FFF764FB94F8C83426
:100D6000184484F8C80404F5996010BD2DE9FF41CA
:100D700000231D4A044600F54E788DF80A300925F7
:100D800090F888350192FA228DF8083001238DF809
:100D90000C208DF80930C0238DF80B3001AB03CB4C
:100DA000C4F83803C8F8041088F80820D4F88C6513
:100DB0008EB13368002130469B689847478805F517
:100DC0004E7300F10901093FE0183A463D4411F025
:100DD00089FEB668ECE784F83A5340462D1284F851
:100DE0003B5304B0BDE8F0810902FFFF73B5044630
:100DF0000D4616460CF074FE4FF4807301462A46E9
:100E000020460093334605F0B3FC024B2046236096
:100E100002B070BDC878050810B5D0F88C3504460E
:100E2000A3B9C0F88C1594F8883508464A790B7137
:100E300094F88835134484F888350B689B6A984782
:100E4000238918442081012010BD13469A68002A86
:100E5000FBD19960E7E71FB5044605F011F801469C
:100E6000684604F02DFA4021684604F09BFAD4F855
:100E70008C4534B12368694620461B6A9847A468AC
:100E8000F7E7684604F023FA04B010BD684604F0A2
:100E90001EFA0EF029FE10B50446FFF7DCFF2046CF
:100EA000BDE8104004F0D3BF0F4808B50378BFF386
:100EB0005B8FDB0711D407F06BFA70B140F266224A
:100EC00042F241310948FFF791FF074807F082FAE3
:100ED000074A0849054807F04BFA044808BD02488C
:100EE00007F080FC0EF000FEBC180024C01800249F
:100EF000000000242D0B040810B5FFF7D5FF036890
:100F0000BDE810405B6F184710B5FFF7CDFF0368D1
:100F1000BDE810409B6F184710B5FFF7C5FF036889
:100F2000BDE81040DB6F184704F050BB04F064BB11
:100F300004F03CBB704770477047436A93F87800F1
:100F40007047D0F82401704701207047004870476F
:100F5000B47A05082DE9F04F97B004460F464B22AE
:100F6000002103A811F0BCFED4F824312679002B0F
:100F7000637B06F1010594F80EA014BF0520002044
:100F8000EDB294F80C900193002F40F0978040F25E
:100F9000092301218DF8250042F20540ADF80C30FF
:100FA0004FF481734FF0240C4FF0090EADF8103060
:100FB000802304274B228DF8133032238DF8211023
:100FC0004FF010088DF8143008238DF824104FF0DE
:100FD000030B8DF815300B23ADF8260005208DF896
:100FE000163040F202238DF82A101D34ADF8183067
:100FF00002238DF82D108DF82F1006218DF80E206C
:101000008DF817608DF81A308DF81DE08DF81F608F
:101010008DF822308DF823308DF82B008DF82CC000
:101020008DF831C08DF832308DF833108DF83400E2
:101030008DF835C08DF81E708DF829808DF82EB092
:101040008DF830708DF8361007218DF8376044F236
:1010500003068DF839108DF8491044F202018DF81D
:101060003850ADF84C1040F207518DF8425040F620
:101070000225ADF850109DF804108DF85330402330
:101080008DF83A008DF84A0020468DF8521003A9D9
:101090008DF83BA0ADF83C608DF83F808DF840E0C6
:1010A0008DF84170ADF844508DF84B908DF8543068
:1010B00011F018FD204617B0BDE8F08F0020FAE7C8
:1010C00038B50B4B0546044645F8D03BFFF7ECFE20
:1010D00005F081FA284604F0FFF904F17C0004F0E1
:1010E000FBF904F1700004F0F7F9204638BD00BFA9
:1010F000747A050810B50446FFF7E2FF4FF49471C7
:10110000204607F0BBFB204610BDFFF705BF0000DF
:10111000034B10B50446036004F09AF8204610BD56
:101120009079050810B50446FFF7F2FF2821204604
:1011300007F0A4FB204610BD034B10B50446036026
:1011400004F086F8204610BD6079050810B5044605
:10115000FFF7F2FF3421204607F090FB204610BD38
:10116000034B10B50446036004F072F8204610BD2E
:101170007879050810B50446FFF7F2FF38212046BC
:1011800007F07CFB204610BD38B51C4B0D460446CD
:1011900040221968C0F80F1099889B79A0F81310A5
:1011A00002214375284604F0F3F8402220730221FF
:1011B000284604F0F2F8402260730321284604F028
:1011C000E7F8A073284604F083F820B9AF220C4951
:1011D0000C4806F0FDFB002304F18502C4E932232C
:1011E00004F1D90284F8783084F8843084F8D83057
:1011F000C4F81C21C4F8203138BD00BFAC79050803
:101200004F7A05085A7A05082DE9F34104460E463F
:101210001546FFF781FEF28823799A4237D1002DD7
:1012200035D17778012F2ED1F378202B27D1328931
:10123000072A24D104F10F0804F116054046294677
:1012400011F01EFCD0B1D4F81630C4F80F30638B07
:10125000207CE17BA4F8133001EB0021E57C607C6D
:10126000237F01EB00410095A07C2568637501EBAD
:101270000061237D2046627D6D6BA8473D46F37873
:10128000212B08BF0125284602B0BDE8F0810025CA
:10129000F9E710B50446FFF73FFEFFF705FE217B97
:1012A00005F036F804F1850304F17C00C4F8C83079
:1012B0000023C4F8CC3084F8843004F0C2F894F8E9
:1012C00084302BB923682046DB6BBDE810401847FB
:1012D00010BD000070B50446FFF71EFED4F8205183
:1012E0002DB140F2DD120F490F4806F071FB04F1F9
:1012F000D903C4F81C31FFF7D7FD617B04F066FF0A
:1013000084F8D850C4F8200104F1D00004F099F812
:1013100094F8D8302BB9236820469B6BBDE8704009
:10132000184770BD4F7A0508B87905080022C260D9
:101330007047000002232DE9F04143710023044669
:10134000054683609046144B04F17C0645F8703BDB
:10135000284604F069F8304604F066F804F1D00736
:10136000384604F061F8C4F82481FFF79DFD21465A
:10137000FFF752FD0CE0384604F0AEF8304604F0BA
:10138000ABF8284604F0A8F80EF0AEFBF6E7F8E755
:101390002046BDE8F08100BF747A050870B50446A8
:1013A0000D46FFF7B9FD84F87850002D3ED194F832
:1013B000843033B1FFF778FD217B04F081FD84F8A0
:1013C000845004F1850304F17C0600253046C4F8FE
:1013D000C830C4F8CC5004F034F8304604F02AF891
:1013E00028B94FF4A2721449144806F0F1FA94F89F
:1013F000D83033B1FFF758FD217B04F061FD84F84C
:10140000D85004F1D90304F1D005C4F81C310023ED
:101410002846C4F8203104F014F8284604F00AF8ED
:1014200020B94FF4A77204490548DEE704F17000C3
:10143000BDE8704004F005B84F7A0508C679050884
:10144000D779050810B50446FFF766FD0021204650
:10145000BDE81040FFF7A2BF38B50D460446FFF7C0
:101460005BFD042D05D020460021BDE83840FFF784
:1014700095BF38BDF8B5164604460D461F46FFF722
:101480004BFD0423EA88337023799A4225D1697889
:10149000012922D1EA78212A08D0222A0BD0202A39
:1014A0004FF000001BD13070163401E00F34317062
:1014B00007203C60F8BDAB88204613F0010308BF4D
:1014C0001946FFF76BFFAB8803F00103E366AB88B7
:1014D00003F00203A366022333700020EAE703232C
:1014E0003370E7E710B58AB00446FFF705FD68469C
:1014F00003F09EFE0D4B694604F1700000930994C1
:1015000003F0B7FF2046FFF7FFFC094B00216846B8
:101510001A6803F053FE6846FFF7FAFD0AB010BDE3
:101520006846FFF7F5FD0EF0DFFA00BF9079050879
:10153000B479050870B58EB004460E461546FFF71F
:10154000DBFC01A803F074FE114B01A904F17C003F
:10155000019300230C958DF83430CDE90A4603F051
:1015600088FF2046FFF7D0FC0A4B002101A81A682B
:1015700003F024FE04E001A8FFF7DEFD0EF0B4FA4C
:101580009DF8344001A8FFF7D7FD20460EB070BD8E
:1015900060790508B479050810B50446FFF7BCFC6E
:1015A00094F884307BB9D4F8CC3063B1FFF77CFC7D
:1015B000D4F8CC3004F18502217B04F047FE10B151
:1015C000012384F8843010BD2DE9F8431E460446FB
:1015D000894690469DF82070FFF78EFC002333600B
:1015E00094F87830E3B194F88430CBB9D4F8CC5087
:1015F000C5F14005454528BF4546B8F1000F05D067
:101600002A464946D4F8C80011F06CFAD4F8CC3018
:101610002B44C4F8CC30356017B12046FFF7BCFF2F
:101620002046BDE8F843FFF76FBCF0B50446406ABA
:1016300085B0012690F878502DB984F830503546A1
:10164000284605B0F0BD04AB0027D4E90A1243F8E0
:10165000047D0096FFF7B8FF0399E36AA26A5B1A5C
:101660000A44E362A26213B984F83060E8E7606A72
:101670003D46FFF791FFE3E72DE9F0431C4691B0AB
:10168000054689469046FFF737FC002C4FF00006D0
:1016900002A806BF01AC01270027266003F0C8FDA1
:1016A000134B02A905F1D00002938DF83C708DF820
:1016B0003D60CDE90B59CDE90D8403F0DAFE2846F3
:1016C000FFF722FC0B4B314602A81A6803F076FDA7
:1016D00004E002A8FFF744FD0EF006FA9DF83D4035
:1016E00002A8FFF73DFD204611B0BDE8F08300BF22
:1016F00078790508B479050810B5D0F8203104468A
:101700006BB990F8D83053B9FFF7CEFB402304F102
:10171000D902617B04F0FCFC012384F8D83010BDB1
:1017200070B504461E4600230846336094F87830AE
:10173000EBB194F8D830D3B9D4F82051D4F81C11B7
:10174000954228BF15462A4611F0CCF93560D4F8E9
:101750001C31D4F820212B44551BC4F81C31C4F88B
:10176000205125B92046BDE87040FFF7C5BF70BDC8
:1017700037B50446406A90F878502DB984F8355052
:101780000125284603B030BD02AB002243F8042DEA
:10179000D4E90A12FFF7C4FF0199A26A0A44A262BF
:1017A000226B13680B4413600199E36A5B1A94F887
:1017B0003410E36209B9126802B91BB9012384F835
:1017C0003530DEE7606A0025FFF796FFD9E710B5F0
:1017D00004460021FFF7AAFD204610BD10B50446BF
:1017E000FFF7F5FF204610BD10B4D0E900340968BA
:1017F0006210E4075DF8044B01EB020044BF8A5815
:10180000D35818470146043008B5FFF7EDFF08BD6F
:10181000034A0346C26007C983E80700704700BF58
:10182000A079050810B586B004460391684606A95C
:1018300080E80C0001E90C00204603A9FFF7E8FF4F
:10184000204606B010BD37B56C46054684E80C004E
:1018500094E80C00FFF7E6FF284603B030BD000017
:10186000F0B58BB00546FFF757FB06ACFFF71CFB46
:10187000AF7B064600212046FFF7B0FF009403230C
:1018800040223946304604F009FF2046FEF707FEA5
:10189000FFF70AFB214B06462F7B029300232946C4
:1018A0002046039302AB0CCBFFF7CDFF009402233D
:1018B00040223946304604F0F1FE2046FEF7EFFDA7
:1018C000FFF7F2FA164B06466F7B04930023294676
:1018D0002046059304AB0CCBFFF7B5FF0094022321
:1018E00040223946304604F0D9FE06E02046FEF795
:1018F000D6FD0EF0F9F8F9E7F8E72046FEF7CFFD40
:10190000FFF7D2FA4023D5F81C21697B04F000FCD4
:10191000012085F8D8000BB0F0BD00BF9312040879
:10192000D512040808B5FFF76DFF08BD08B5FFF72D
:10193000F9FF08BD6FF01500704700290CBF6FF06C
:10194000180000207047012070476FF015007047A5
:101950006FF015007047112070477047704770474F
:1019600003689B6C1847A0F5A070F9E770477047B3
:101970007047704710B50446012000F027FC94F82A
:10198000780010BDA0F5A070F4E7000038B54FF066
:10199000FF320123FF210B4807F008F90A4D00F040
:1019A00003FC044695F878301BB1012000F00EFCD2
:1019B000F8E700F0F9FB001BC728F6D9BDE838406E
:1019C000FEF746BD08210024501E002407B502ABD7
:1019D000012243F8041D1946FFF7ACFD18B1019828
:1019E00003B05DF804FB4FF0FF30F9E7A0F5947009
:1019F000FFF7ECBF07B5002302A9012201F8013D62
:101A0000FFF73AFE20B19DF8070003B05DF804FB34
:101A10004FF0FF30F9E7A0F59470FFF7EBBF2DE929
:101A2000F8430446884617461E46089DFFF774FA99
:101A3000D4F87092B9F1000F04D02B4632463946E3
:101A40004046C847C4F86082C4F86472C4F868624B
:101A5000C4F86C52BDE8F883B0F5966F03D101214C
:101A6000014807F085B870470821002400687047D6
:101A70000C30704708B5FFF7FBFF0023036008BD7B
:101A8000CB68C3600BB15B681847704738B5054633
:101A9000FFF732FA95F8D8304BB9D5F82041402CF1
:101AA00028BF40242846FFF72FFA204638BD0024DF
:101AB000F8E790F878007047114B03F1780270B5A1
:101AC00003600446C0F8282100F51D7603F1D80212
:101AD00000F52D75E833C0F82C21C0F84031AE4236
:101AE00004D0103D2846FEF7DAFCF8E704F59470C0
:101AF00005F0F8FB2046FFF7E3FA204670BD00BF73
:101B00008C7B0508A0F59470FFF7D6BFA0F5967002
:101B1000FFF7D2BF10B50446FFF7CEFF4FF42E718A
:101B2000204606F0ABFE204610BDA0F59670FFF7EC
:101B3000F1BFA0F59470FFF7EDBF00002DE9F7436A
:101B400004461E46884615460BF0CAFFBDF82C30E9
:101B500004F59477014601932A46BDF828302046C3
:101B600000933346FFF7E6FB0021384605F090FB73
:101B70004FF47A73002504F51D7904F5A870C4F8B4
:101B800048312946204B4E46C4F8445103F17802AF
:101B90002360C4F8282103F1D802E833C4F82C21CB
:101BA0004FF48072C4F8403111F09AF8C4F85052E2
:101BB000C4F85452C4F8585204F52D753046103606
:101BC000FFF705FEB542F9D10023C4F8B432C4F8DA
:101BD0007032B8F1000F13D02046FFF783FC0FE0FE
:101BE0004D4504D0103D2846FEF759FCF8E738462D
:101BF00005F078FB2046FFF763FA0DF075FFF9E773
:101C0000204603B0BDE8F0838C7B0508884238B5D8
:101C1000044606D00D46FEF73DFC20462946FFF758
:101C20002FFF204638BD08B5FFF722FF00680030BF
:101C300018BF012008BD000010B50446FFF7F3FFF0
:101C400028B940F202220649064805F0C1FEE068C4
:101C5000FFF70CFF03462046BDE81040184700BFC1
:101C60006D7B0508787B0508F8B506460025FFF76B
:101C700053F906F51D74D6F8B432AB420AD92046A2
:101C80002746FFF7D0FF103420B138460135FFF763
:101C9000D3FFF0E7F8BD0000044BC36003460A68B9
:101CA00043F8042B002242605A607047D87A050836
:101CB00013B50446019121B9FFF7DCFE204602B0BE
:101CC00010BD01A9FFF7E8FFF8E710B4D0E9003430
:101CD00009686210E4075DF8044B01EB020044BFA1
:101CE0008A58D35818470146043008B5FFF7EDFF6E
:101CF00008BD0000034A0346C26007C983E8070025
:101D0000704700BFCC7A050810B586B00446039131
:101D1000684606A980E80C0001E90C00204603A9EA
:101D2000FFF7E8FF204606B010BD37B56C46054604
:101D300084E80C0094E80C00FFF7E6FF284603B0A7
:101D400030BD00002DE9F04188B00446FFF7D4F81B
:101D5000384B2046C4F87032FFF7D6F8364B04A84B
:101D6000214602930023039302AB0CCBFFF7DDFF68
:101D70002046FFF7C1F8D4F8B402032803D920465F
:101D8000FFF7C2F80AE0431C04EB001004A9C4F8F2
:101D9000B43200F51D70FFF739FFF0E704A8FEF735
:101DA0007EFBBC2006F036FD05460646234B05F1BA
:101DB000400746F8043B3046FFF709FD002138464E
:101DC00006F07CFF05F15408404606F015FF1C4B59
:101DD0004FF48072182128460093002306F0EAFF92
:101DE000184904A8C4F85C52FFF762FF04A928460A
:101DF00007F034F810E0404606F03EFF384606F0A3
:101E000086FF3046FEF74BFBBC21284606F036FD28
:101E10000DF06AFEF2E7F4E704A8FEF740FB204667
:101E2000FEF758FC08B0BDE8F08104A8FEF737FBC8
:101E3000EEE7FAE7591A0408D50604087C9105086C
:101E4000E47A05088D190408A0F5A070FFF77ABFA1
:101E50000368184708B5FFF7FBFF08BD08B5FFF793
:101E600042FF08BD08B5FFF7F9FF08BD37B50F4CB5
:101E70000F4D204606F072FE2A460E49204606F017
:101E800077FA42F2120301220B4CCDE90032002214
:101E90004FF4F85320461146FFF750FE2A460749F3
:101EA000204603B0BDE8304006F062BA08210024A5
:101EB00000000024778B0408501E0024B91A04087F
:101EC00008B50FF0B9FA2DE9F04F027D85B005464F
:101ED0000E46012A40F08E8000214FF0FF3B044661
:101EE0000B465F4694F804C048B2BCF1000F73D1B2
:101EF00094F805C0BCF1000F6ED1B7F1FF3F17BFDA
:101F00000133012338465BB2934201DD1A46834612
:101F10000131023408295DD1002402EB0B03A146F4
:101F20000293CB4502DC029B4B4558DC95F80580BB
:101F300095F804A04FEA281708F00F080AF00F03DD
:101F40005FEA2A1AFAB201926FD05FFA8AF1BAF107
:101F5000090F30460393D4BF3031573100F0AFF84A
:101F6000039B0444092B3046039394BF03F13001D3
:101F700003F1570100F0A3F80444BAF1000F02D1B5
:101F8000039B03B94FB1092F019F3046D4BF3037AF
:101F90005737F9B200F093F80444B8F1090F30460E
:101FA00094BF08F1300108F1570100F088F8B9F149
:101FB000070F044404D03A21304600F080F804446E
:101FC00009F101090235B9F1080FAAD1204605B07F
:101FD000BDE8F08F074685E74FF0FF3098E7CB4527
:101FE000EED1BBF1000FE6D13A21304600F067F8A0
:101FF0000444E0E700F1100700F11309002417F88A
:10200000011B0A22304600F097F880462E21304608
:1020100000F055F8B94540440444F0D10A22E97C67
:10202000304600F089F80444D0E7002B9AD1A9E7A4
:10203000054B102210B504460360017500210430E1
:1020400010F04EFE204610BDA87C050870B5074D67
:102050008374056000259DF8103005754560856026
:10206000C56001744274C37470BD00BFA87C0508CC
:1020700007B501210648FFF7DBFF002305481A4694
:1020800019460093FFF7E2FF03B05DF804FB00BFC1
:102090001C2100243421002470B5044608460D4656
:1020A00011F0EEF923680246294620465B68BDE838
:1020B0007040184709B1FFF7EFBF08467047036843
:1020C0001B6818470149FFF7E7BF00BF8E9A050854
:1020D00038B50546FFF7EEFF04462846FFF7F2FF46
:1020E000204438BD70B58AB00D460023012A98BF40
:1020F0000A220AA901F8043DB5FBF2F402FB1456CA
:102100002546F3B2092E94BF30333733DBB201F8E2
:10211000013D002CF0D1FFF7CDFF0AB070BD10B427
:102120002AB90368C9B25DF8044B1B681847D2B2DC
:102130005DF8044BFFF7D6BFFFF7F1BF10B500F015
:1021400047F80A4CFEF756F9FEF7AEFEFEF7A3FE7F
:102150004FF4E1310648FFF7F5FDFEF709F9FEF708
:10216000F5F8002CFBD0AFF30080F8E7000000008A
:10217000501E002410B50446FEF73AF984423BBFD6
:102180002401024B4FF0FF30185F10BD0400002403
:1021900010B5044602F068FE204610BD10B5044696
:1021A00002F062FE204610BD07B50749684602F0FE
:1021B00098FE4FF47A720023DDE900010DF0E6FF8E
:1021C00003B05DF804FB00BF5021002406F0A6BD5B
:1021D00008B5044802F052FE0348BDE8084002F08A
:1021E0004DBE00BF682100245021002406F0A8BD88
:1021F00038B50A4C0A4D204602F0B0FE2046094C84
:102200002A46094906F0B4F8204602F0B2FE2A46F2
:1022100020460649BDE8384006F0AAB868210024E7
:1022200000000024502100249D210408912104086D
:102230002DE9F04104460E46FEF7DAF884423CD21E
:102240001F4D2701EA19D06810B11C2106F016FBBA
:102250002046FFF78FFF80461C2006F0DBFA04467D
:1022600000211C2210F03CFD4146204604F095FB65
:10227000EB19012EDC6010D006D3022E12D02046BE
:1022800002F04FFB022103E0204602F04AFB00214E
:102290002046BDE8F04102F051BB2046BDE8F041C8
:1022A00002F032BB204602F03CFB0121F0E71C218A
:1022B000204606F0E3FA0DF017FCBDE8F08100BF00
:1022C000040000242DE9F34106460F46FEF790F87E
:1022D00086422AD21B4D4FEA061805EB0802D46845
:1022E000ACB93046FFF746FF06461C2006F092FACE
:1022F00004461C22002110F0F3FC00970023012269
:102300003146204604F065FB05EB0803DC600E4B0C
:102310000E491A46D3F894008842FBD123683FB196
:10232000A1680B604FF44073536102B0BDE8F081C7
:10233000E1681B04F5E71C21204606F09FFA0DF02A
:10234000D3FB00BF04000024006402580003008097
:102350001EF0040F0CBFEFF30880EFF309808169D2
:1023600011F8021C002932D101B590E80F10E047A6
:10237000BDE800508CE80300244B93E8060091422E
:1023800008BF70471A6041B91EF0100F10D1204BE2
:10239000186820F0010018600AE02CE9F00F1EF028
:1023A000100F08BF2CED108A81F822E0C1F838C068
:1023B000906B92F8221061F0FF0E1EF0100F08BF14
:1023C000B0EC108AB0E8F00F80F309887047114A2A
:1023D00013689942FAD801B552F821C00FC8E047F6
:1023E000BDE80050CCF80000704701B501F030FBAB
:1023F000BDE80140EFF3098CBEE701B501F0ECFA4E
:10240000BDE80140EFF3098CB6E700008806002420
:1024100034EF00E0747D0508014608B530B96FF06F
:10242000030000F0EEF96FF0030008BD132001F087
:10243000C9FE30B94FF0FF3000F0E3F94FF0FF3044
:10244000F3E70020F1E7000008B5EFF305832BB9AF
:10245000EFF3108313B9EFF3118333B16FF005007D
:1024600000F0CFF96FF0050008BDDFF808C000DF0D
:10247000FAE700BF19240408EFF310832BB9EFF338
:102480001180003818BF01207047012070470000FC
:1024900038B50546A0B1846802686CB114F0030336
:1024A00002D1C1680F2926D800246FF0080100204E
:1024B00002F0F0F8204638BDC368002BF4D1154671
:1024C000104BD3F8900078B100F0FBFB0446A0B1AC
:1024D0000123F322A3700023656022700A4AC4E935
:1024E0000233084B5A66E5E701221021D3F8800039
:1024F00000F06EFBEAE71546EBE76FF0040102F02F
:10250000C9F8D7E77406002475250408930710B5A9
:1025100002F0010422D400F10C0384B153E8000F4F
:1025200000EA01028A4203D0BFF32F8F002005E0AA
:1025300020EA010243E8002404B1EFE710BD53E8AC
:10254000000F084203D1BFF32F8F002005E020EADF
:10255000010243E8002404B1F1E7EFE7C06801EAB3
:1025600000031CB1994218BF0020E7E7002B08BF09
:102570000020E3E7F8B50546846804B9F8BD94F88F
:1025800023202846616AA768FFF7C0FF064638B1D6
:10259000204601F0D6FB00223146204601F06AFDBC
:1025A0003C46EAE7F8B50D4617461E46044620B1FC
:1025B0000378F32B01D1002907DA20466FF00301DD
:1025C00002F068F86FF00300F8BDFFF79FFF0028E6
:1025D000FAD186B13146432001F0F4FD40B1074BFA
:1025E00020465E69314601F091FB756286F82370E2
:1025F0006FF00100E8E76FF00200E5E774060024E1
:1026000070B5054610B10378F32B07D028466FF05C
:10261000030102F03FF86FF0030070BD836863B1FF
:10262000284601F085FB00226FF0020101F022FD37
:10263000A8680028F4D101F003FCAB78002613F061
:1026400001032E700FD0094B2946D3F8904024B1D6
:10265000204600F050FB3046DFE7D3F8800000F062
:10266000ECFA2046D9E71846D7E700BF74060024E5
:102670002DE9F041064620B10378F32B01D1002962
:1026800009DA6FF003056FF00301304602F002F83B
:102690002846BDE8F08100F10C0353E8002F42EA20
:1026A000010543E8005000B1F7E7B4681CB92046C3
:1026B00001F0C6FBECE794F823203046616AD4F8B9
:1026C0000880FFF723FF074678B194F823309B0773
:1026D00056BF656A054620EA0505204601F031FB34
:1026E00000223946204601F0C5FC4446DEE70000E2
:1026F000024608B5EFF3058333B100206FF0050102
:1027000001F0C8FF002008BDFFF7B6FE0028F4D195
:102710001046DFF808C000DFF5E700BF9124040889
:10272000024638B5EFF305834BB192B96FF003045D
:102730006FF00301104601F0ADFF204638BDFFF7F2
:102740009BFE0028F1D11046DFF82CC000DF0446C4
:10275000F3E71378F32BE9D10029E7DB02F10C034F
:1027600053E8000F40EA010443E8004505B1F7E7EC
:10277000104601F0B5F9E0E77126040838B50446C3
:102780001D46EFF3058343B18CB920466FF003017A
:1027900001F080FF6FF0030038BDFFF76DFE0028E9
:1027A000F2D120462B46DFF824C000DFF4E723787F
:1027B000F32BEAD1002DE8D10029E6DB2046FFF714
:1027C000A5FE002808BF6FF00200E5E7A525040874
:1027D000024608B5EFF305833BB110466FF00501E3
:1027E00001F058FF6FF0050008BDFFF745FE002817
:1027F000F3D11046DFF804C000DFF5E70126040836
:1028000070477047EFF310832BB9EFF31180003856
:1028100018BF01207047012070470000064BDA6A9C
:102820003AB1D0695B6C1BB11B69984228BF18464E
:1028300070474FF0FF30F5E77406002470B5464C42
:10284000237A012B00F0858033B14FF0FF3001F087
:1028500015FF4FF0FF3070BD404DEB68E3652B8AEC
:10286000D5E90B61A4F85430AB683046236400F01E
:1028700097F908B1C4F88060D5E90561304600F0E9
:102880008FF908B9D4F880606667D5E907613046EA
:1028900000F086F908B9D4F88060A667D5E9096127
:1028A000304600F07DF908B9D4F88060E6676E6BB9
:1028B0003EB131683046D6E9022300F0E1F9C4F8B0
:1028C0008460AE6B3EB131683046D6E9022300F039
:1028D000D7F9C4F88860EE6B3EB131683046D6E96E
:1028E000022300F0CDF9C4F88C602E6C3EB1316843
:1028F0003046D6E9022300F0C3F9C4F890606E6C4C
:102900003EB131683046D6E9022300F0B9F9C4F887
:102910009460AE6C3EB131683046D6E9022300F0D7
:10292000AFF9C4F89860EE6C3EB131683046D6E934
:10293000022300F0A5F9C4F89C602D6D3DB1296813
:102940002846D5E9022300F09BF9C4F8A0500123E2
:10295000237200207FE700BF74060024047D050871
:1029600070B5254D2B7A012B07D06FF006004FF084
:10297000FF3401F083FE204670BD01F057FC10B912
:102980004FF0FF30F3E71D4AFF231D4E82F822303F
:1029900092F82230D26863F0FF031A49C2F3022290
:1029A0007068DB4314BFB3FA83F32023C3F1200321
:1029B000934298BF531CFE2202FA03F30F4ADBB284
:1029C000D37701F0B7FE04460028D9D101F00AFF01
:1029D000286101F0F3FE0C4801F0AAF901F028FA91
:1029E0003368DB074CBF0223032383F31488BFF350
:1029F0006F8F02232B72BEE77406002400ED00E007
:102A0000047D0508FB2304089006002410B50F4C34
:102A1000237A022B13D101F0D9FE01236372BFF395
:102A20004F8F0B4A5168C90003D54FF000615160C8
:102A3000A37204232372BDE81040FFF7EFBE6FF0CE
:102A4000070001F01BFE002010BD00BF740600242B
:102A500000ED00E038B51E4C0546237A042B35D135
:102A6000FFF7DCFEE26AA842034694BF00F1FF33A1
:102A70002B4612B1D069C01AD061626C12B11069D4
:102A8000C01A1061E06803440544E360E368AB42A8
:102A900013D102230020237201F0D2F900236372C4
:102AA000BFF34F8FA27A22B1A3724FF08052094B2D
:102AB0005A60BDE8384001F081BE0133E36001F0A7
:102AC0007DF9236D002BE1D09847DFE738BD00BFCB
:102AD0007406002400ED00E0704738B504460D464A
:102AE000FFF78EFE29462046BDE8384001F088BD3C
:102AF00008B5FFF7F1FFEFF3058333B16FF0050081
:102B000001F0BCFD6FF0050008BDFFF77BFE00285B
:102B1000F4D1DFF808C000DFF6E700BF3D28040865
:102B200008B5EFF3058333B16FF0050001F0A6FDA2
:102B30006FF0050008BDFFF765FE0028F4D1DFF84F
:102B400008C000DFF6E700BF6129040808B5EFF30D
:102B500005832BB16FF0050001F090FD002008BD4A
:102B6000FFF750FE0028F5D1DFF804C000DFF6E7DC
:102B70000D2A0408024608B5EFF305832BB16FF068
:102B80000500BDE8084001F079BDFFF73BFE0028D5
:102B9000F5D11046DFF804C000DF08BD552A04084F
:102BA00010B598B140EA010313F007030ED11729BD
:102BB0000AD90160083910220C18426084600B5059
:102BC00081684A60C3600123184610BD0023FBE7FB
:102BD000F0B580B399B132F003032CD10F3100F17D
:102BE000080521F007072B462D685C68E91A24F0D8
:102BF0000304091B8F4204D929680029F3D1084630
:102C0000F0BD46683A4304683E444660204450F8AC
:102C1000041C08388E4288BF4660586818B903F112
:102C200008015A60EBE720F0030019181D504A60B4
:102C300019600831E3E70021E1E730B590B1D9B17F
:102C4000A1F1080500F108040022AC420BD151F8B3
:102C5000043C23F0030443681B1B436042B941F862
:102C6000042C012030BD236822463BB11C46ECE712
:102C700051F8083C1360F4E70846F3E71846F1E71B
:102C800030B5C0B189B1C2B1CBB100240160C3601D
:102C90004361C0E9014202FB01F41D1905611846B8
:102CA000013904D1A21A99500121084630BD851876
:102CB00005602846F4E70146F7E71146F5E71946AF
:102CC000F3E7034610B5A8B100F1140252E8000F73
:102CD00010B9BFF32F8F04E0016842E8001404B17B
:102CE000F4E738B1043353E8002F511C43E80014D3
:102CF00004B1F8E710BD30B5F0B1C3688B421BD802
:102D000003698B4218D900F114031A680A60BFF3F3
:102D10005F8F53E8002F0C689442F6D143E800150A
:102D200005B1F2E7043050E8003F5A1E40E80021A8
:102D300001B1F8E7002030BD6FF00300FBE7EFF3CF
:102D400010832BB9EFF31180003818BF01207047B2
:102D500001207047036B30B5E3B1CD780024DA78F9
:102D6000AA420FD31A46C1E901248AB19160A4B1E5
:102D70006160283050E8003F5A1C40E8002101B152
:102D8000F8E730BD5A681C46002AECD01346E6E747
:102D9000C162ECE7C1E90133C1620163E9E7D1E94E
:102DA000013223B19A608A681AB153607047C262D7
:102DB000F9E703637047F8B5877804468FB3C568B1
:102DC0000027014605F10C062846FFF7E8FF2770AB
:102DD0003046FFF790FFAB68002B48D03046FFF736
:102DE00070FF0446002842D0284600F0A1FF0646A6
:102DF0003A46394601F03EF9304601F00FF86A6A6A
:102E00000646816804F10C000FF06CFEF923A770F0
:102E10002370F368E37021462846BDE8F840FFF7C9
:102E200099BF8568AB68002BF5D05B78832BF2D116
:102E3000284600F07DFF06463A46394601F01AF969
:102E4000304600F0EBFF06466A6A04F10C01806828
:102E50000FF048FEF3680BB1E2781A7000232146A8
:102E600005F10C002370BDE8F840FFF744BFF8BD42
:102E70002DE9F0410C4617469846054618B10378EF
:102E8000FA2B00D141B928466FF0030101F018FC7C
:102E90006FF00300BDE8F0818368C3B15B78832BDA
:102EA00015D100F045FF06460122002101F0E2F8AD
:102EB000304600F0B3FF06466A6A214680680FF08C
:102EC00011FEF0680028E5D007700020E2E705F168
:102ED0000C00FFF7F6FE064670B121466A6A0C3018
:102EE00000240FF0FFFDF923314628463370B470FB
:102EF000F770FFF72FFFE8E7B8F1000F10D0414659
:102F0000932001F05FF940B1074B2846596900F062
:102F1000FDFEEFF30983C3E902476FF00100B9E753
:102F20006FF00200B6E700BF740600242DE9F84FE9
:102F30008846074638B131B1B0FA80F3B1FA81F171
:102F40000B441F2B06DC6FF003010020002401F06E
:102F5000B7FB70E008F1030626F003060C3606FB0B
:102F600000F9F2B194683CB1A30702D1D368332BC6
:102F700005D86FF00801E8E7D368002BF9D1D2F843
:102F800000A0D2E904533DB115F0030B01D19945DE
:102F900054D96FF00901D8E7002BFAD11CB19B4638
:102FA0000CE092461546274BD3F8A000D8B1FFF7A6
:102FB00088FE0446A0B14FF0010B35BB214B002227
:102FC0004946D86FFFF704FE0546C0B9BBF1000FB4
:102FD00006D01C4B2146D3F8A00058B1FFF78BFE5A
:102FE0006FF00401B1E701223421D3F88000FFF72C
:102FF000EFFDDEE7D3F88000FFF71FFEF0E74BF0B0
:10300000020B4A4600210FF06BFEFA233246394686
:1030100004F10C002370002384F802B0A360C4F80C
:1030200004A0C4E90983C4E90B332B46FFF728FE4B
:10303000044B054A1A672046BDE8F88F002CE4D1FE
:10304000B1E700BF74060024B72D040800F128037F
:1030500010B553E8002F12B9BFF32F8F04E0511EB3
:1030600043E8001404B1F4E70AB9002010BDC06AB7
:1030700001230028F9D0821CD2E84F1FC2E8443F48
:1030800004B1F9E711F0FF0FF0D08068F1E700001C
:103090002DE9F0410F4615469846044618B10378CD
:1030A000FA2B00D141B920466FF0030101F008FB73
:1030B0006FF00300BDE8F081FFF7C8FF0646002867
:1030C0003AD001462046FFF76AFE626A06F10C011B
:1030D00038460FF007FD0DB1F3782B70002504F191
:1030E0000C07314638463570FFF705FEA3680BB96B
:1030F0000020DFE73846FFF7E4FD06460028F7D05A
:10310000204600F015FE07462946012200F0B2FFD6
:10311000384600F083FE626A0746816806F10C00BB
:103120000FF0E0FCF923B570314633702046FB68A0
:10313000F370FFF70FFEDBE7B8F1000F10D0414648
:10314000832001F03FF840B1074B2046596900F059
:10315000DDFDEFF30983C3E902756FF00100A9E714
:103160006FF00200A6E700BF7406002408B5064B06
:1031700008219A6ED86EFFF7D9FE044BD864B0FAD6
:1031800080F04009404208BD047D05087406002413
:103190002DE9F04106460F4690461C46EFF30583A5
:1031A0004BB196B930466FF0030101F089FA6FF028
:1031B0000300BDE8F081FFF7C2FD0028F1D13046E1
:1031C0002346DFF848C000DFF3E73378FA2BE9D174
:1031D000002FE7D0002CE5D106F10C00FFF771FDC0
:1031E000054680B1726A39460C300FF07BFCF9233A
:1031F0002846AC702B7085F80380C5E9017600F095
:103200006FFC2046D5E76FF00200D2E7712E04086C
:10321000F8B504460F4616461D46EFF3058343B145
:103220008CB920466FF0030101F04AFA6FF00300F9
:10323000F8BDFFF784FD0028F2D120462B46DFF8C9
:1032400044C000DFF4E72378FA2BEAD1002FE8D05E
:10325000002DE6D12046FFF7F9FE054670B100F1DA
:103260000C01626A38460FF03DFC0EB1EB7833700A
:103270002846EC6000F034FC0020D9E76FF0020033
:10328000D6E700BF91300408EFF310832BB9EFF3BA
:103290001180003818BF01207047012070470000DE
:1032A00070B5A8B38468D0E900566CB114F003037C
:1032B00002D1C2681B2A1AD800246FF0080100202E
:1032C00001F0EEF9204670BDC368002BF4D1124B1B
:1032D000D3F8940030B901221C21D3F88000FFF705
:1032E00077FC01E0FFF7EDFC044660B10123F52215
:1032F000A3700023E670227065602376C4E9023370
:10330000C4E90433DEE76FF0040101F0C9F9D9E73D
:1033100005460646DBE700BF74060024284B70B55F
:103320005D6904460E4635B96FF0070101F0B8F942
:103330004FF0FF3070BD10B10378F52B07D0204659
:103340006FF0030101F0ACF96FF00300F2E7037EC8
:1033500053B9C0E90353EB6A436103B11861012318
:10336000EC6200202376E5E7C278D1070DD5C1686D
:10337000A9420AD1FF2B06D16FF00F0101F090F99D
:103380006FF00200D6E70133EBE7002EF8D0930789
:103390000AD5E06895F9203090F920209A4203DAA6
:1033A00080F8203000F0D6FC3146532000F00AFFB0
:1033B00018B12946204600F0A9FC6FF00100B9E7DA
:1033C000740600242E4B5A6970B5044632B96FF06A
:1033D000070101F065F94FF0FF3070BD10B10378BF
:1033E000F52B07D020466FF0030101F059F96FF07B
:1033F0000300F2E7037E33B96FF00E0101F050F9DC
:103400006FF00200E9E7C168914202D06FF00D0150
:10341000F4E7013BDBB2037613BB43690BB10169EF
:1034200019612169F1B14B6192F92130D56ADDB999
:1034300082F82030A36883B1204600F079FC06466C
:103440002A46294600F016FEF36AC4E90365636163
:1034500003B11C610123F4622376002000F0F0FC2C
:103460000020BAE7D362DFE7E978890706D5A968C3
:1034700021B191F920108B42B8BF0B466D69D6E798
:103480007406002470B5044610B10378F52B07D0FC
:1034900020466FF0030101F003F96FF0030070BDE7
:1034A000037EBBB16369C0680BB122691A612269EE
:1034B00002B3536190F92120C36AEBB990F920302F
:1034C000934203D080F8202000F044FCA068F8B9B3
:1034D00000F0B6FCA078002610F001002670DED0C7
:1034E000134B2146D3F89450DDB12846FFF703FC77
:1034F0003046D4E7C362DDE7D978890706D59968F5
:1035000021B191F920108A42B8BF0A465B69D4E71D
:10351000204600F00DFC00226FF0020100F0AAFD31
:10352000D4E7D3F88000FFF788FB2846B7E700BF51
:10353000740600242DE9F0410446002601270CB949
:10354000BDE8F081E378D4F814801B0712D5A36896
:1035500026767BB1204600F0EBFB002205461146A3
:1035600000F088FDEB6AC4E90356636103B11C6196
:10357000EC6227764446E2E710B4C3789B071DD57A
:10358000C06890F92120C36ADC78A40709D59C683B
:103590008C4208BF8C6824B194F92040A242B8BF85
:1035A00022465B69002BEFD190F92030934205D081
:1035B00080F820205DF8044B00F0CCBB5DF8044B94
:1035C00070470000024608B5EFF3058333B10020D1
:1035D0006FF0050101F064F8002008BDFFF754FE0C
:1035E0000028F4D11046DFF808C000DFF5E700BF7F
:1035F000A1320408024608B5EFF305833BB110463B
:103600006FF0050101F04CF86FF0050008BDFFF701
:103610003BFE0028F3D11046DFF804C000DFF5E7D9
:103620001D330408024608B5EFF305833BB110468D
:103630006FF0050101F034F86FF0050008BDFFF7E9
:1036400023FE0028F3D11046DFF804C000DFF5E7C1
:10365000C5330408024608B5EFF305833BB11046B5
:103660006FF0050101F01CF86FF0050008BDFFF7D1
:103670000BFE0028F3D11046DFF804C000DFF5E7A9
:1036800085340408EFF310832BB9EFF31180003871
:1036900018BF01207047012070470C30D0E85F3F11
:1036A00013B9BFF32F8F04E05A1EC0E8512F01B1A8
:1036B000F4E798B2003818BF0120704730B500F128
:1036C0000C02C189D2E85F3F994202D8BFF32F8F25
:1036D00004E05C1CC2E8554F05B1F3E7C0899BB21A
:1036E000984294BF0020012030BD0000F8B5154677
:1036F0004FF6FE73421E06460F469A4201D8884294
:1037000007D26FF003010024002000F0CFFF204615
:10371000F8BD7DB1AC682A6844B114F0030302D14E
:10372000E9680F2922D86FF00801ECE7EB68002B5D
:10373000F9D11546114BD3F8980080B1FFF7C1FAC3
:103740000446A8B10123F622A3700023656022700D
:10375000A3600B4A094BA781E6819A66D7E701224D
:103760001021D3F88000FFF733FAE9E71546EAE7BE
:103770006FF0040100F09AFFC9E700BF740600244F
:1037800085370408836810B504465BB1FFF785FFF1
:1037900040B1204600F0CCFA0022BDE810401146AE
:1037A00000F068BC10BD38B5054610B10378F62BA3
:1037B00007D028466FF0030100F078FF6FF0030098
:1037C00038BD84683CB100F0B3FA0122002100F05A
:1037D00051FC0020F4E7FFF771FF38B928466FF07D
:1037E000100100F063FF6FF00200E9E72046E7E711
:1037F00038B50D46044610B10378F62B07D02046A5
:103800006FF0030100F052FF6FF0030038BDFFF7C7
:1038100044FF68B975B12946632000F0D3FC20B19C
:10382000064B2046596900F071FA6FF00100EDE790
:103830000020EBE76FF00200E8E700BF7406002409
:1038400070B5054610B10378F62B07D028466FF007
:10385000030100F02BFF6FF0030070BD836863B1BC
:10386000284600F065FA00226FF0020100F002FC29
:10387000A8680028F4D100F0E3FAAB78002613F032
:1038800001032E700FD0094B2946D3F8984024B17C
:103890002046FFF730FA3046DFE7D3F88000FFF725
:1038A000CCF92046D9E71846D7E700BF74060024B4
:1038B00010B50446EFF3058333B100206FF0050126
:1038C00000F0F4FE002010BDFFF7DCFE0028F4D16C
:1038D0002046DFF808C000DFF5E700BFED3604083A
:1038E000024608B5EFF3058343B182B910466FF085
:1038F000030100F0DBFE6FF0030008BDFFF7C2FE1E
:103900000028F2D11046DFF824C000DFF5E7137875
:10391000F62BEBD10029E9D11046FFF7BEFE0028B7
:1039200014BF00206FF00200E7E700BFF137040882
:1039300010B50446EFF3058343B184B920466FF018
:10394000030100F0B3FE6FF0030010BDFFF79AFE15
:103950000028F2D12046DFF830C000DFF5E72378F9
:10396000F62BEBD12046FFF7A9FE20B1204600F050
:10397000B7F80020E9E720466FF0100100F096FE4E
:103980006FF00200E1E700BFA7370408024608B560
:10399000EFF305833BB110466FF0050100F086FEA2
:1039A0006FF0050008BDFFF76DFE0028F3D110464B
:1039B000DFF804C000DFF5E74138040810B5D0E8AF
:1039C0005F3F5A1C914200D80022C0E8542F04B136
:1039D000F5E798B210BD000038B51C4C00F0FCFEB5
:1039E000E3680133E36000F0E9F9002000F028FA11
:1039F000236D03B19847226C32B3A369E16B9942FE
:103A000003D0D969E36301B9DA61DA69C2B9237A0B
:103A1000022B19D1656ABDB1E36B95F9202093F9AA
:103A200020309A4210D1284600F08BF9E06B00F06C
:103A3000A3F9284600F0FCF9236CE563EB6103E091
:103A4000013ADA61002AE2D038BD00BF74060024D2
:103A500070B5224C04F1560504F15A06B4F854101E
:103A6000D5E85F3F13B9BFF32F8F04E05A1EC5E8B6
:103A7000502F00B1F4E79BB25BB33046FFF79EFFD7
:103A8000E36D53F8200020B30378F13B082BE5D811
:103A900001A252F823F000BFBD3A04085D3A0408C1
:103AA000C33A04085D3A04085D3A0408C73A0408BA
:103AB000CB3A04085D3A0408CF3A0408236E9847CD
:103AC000CCE7636EFBE7A36EF9E7E36EF7E7236FDE
:103AD000F5E70020BDE8704000F0B2B9740600249C
:103AE00070B5164C0546B4F8541004F15602D2E8ED
:103AF0005F3F994202D8BFF32F8F04E0581CC2E801
:103B0000560F06B1F3E79BB2994205D82946022029
:103B1000BDE87040FEF7E1BF04F15800FFF74EFF2B
:103B2000E36D43F82050637A23B9054B4FF0805280
:103B30005A6070BD0123A372FBE700BF7406002426
:103B400000ED00E0EFF310832BB9EFF311800038A4
:103B500018BF01207047012070470378F12B00D077
:103B60007047C068F9E7000010B5C469621CD0E96D
:103B700004310CD103B1596142691AB113610023B8
:103B8000436101E0074A13630023C36110BD1BB109
:103B9000DA6959612244DA614269002AEED1014AA8
:103BA000D362F1E77406002401230A4A90F9201039
:103BB00043701C32936810B51BB193F920408C42BE
:103BC00005DCC0E90232906003B1D86010BD1A462E
:103BD0009B68F1E774060024014B5869704700BFE9
:103BE0007406002408B500F071FDDFF810C000DF96
:103BF0004FF0FF31002000F047FDFEE7DD400408F4
:103C0000930710B502F0010422D400F1280384B117
:103C100053E8000F00EA01028A4203D0BFF32F8F5E
:103C2000002005E020EA010243E8002404B1EFE7A8
:103C300010BD53E8000F084203D1BFF32F8F0020BF
:103C400005E020EA010243E8002404B1F1E7EFE7D0
:103C5000806A01EA00031CB1994218BF0020E7E71F
:103C6000002B08BF0020E3E7084A0021136B10B5C2
:103C70003BB94FF0FF34C0E90431C46121B10861A0
:103C800010BD19461B69F3E71063F9E774060024B9
:103C9000002310B50380044683789A0708D513F0F3
:103CA000100F016B0E4B0FD0D3F88400FFF723F8F1
:103CB000A378DB0712D50A4B2146D3F8880038B128
:103CC000BDE81040FFF717B8586FFEF7B6FFEFE7F3
:103CD000D3F88000BDE81040FEF7AFBF10BD00BFB5
:103CE00074060024C2780346D20701D4FFF7D0BF80
:103CF000042242700022C260034A516B816001B10C
:103D0000C8605363704700BF7406002491F92020F7
:103D1000836810B51BB193F92040944205DAC1E9DC
:103D20000230816003B1D96010BD18469B68F1E78D
:103D300083689A68826002B1D06000221846DA6017
:103D40007047C2682AB18368936003B1DA600023C8
:103D5000C360704710B50146044664B12378F12B67
:103D600007D00846FFF7EDFF2046BDE81040FFF7FB
:103D7000CDBFE468F1E710BD01230146437001485F
:103D8000FFF7C4BF9006002470B50B4D2E7A022EAB
:103D900010D16C6A74B1696994F9202091F92030CE
:103DA0009A4207D12046FFF7CCFF0846FFF7E4FF11
:103DB0006670AC61002070BD7406002438B5164DE5
:103DC000EC6A44B3E369013BE36123BB6378732B83
:103DD00006D009D8532B0BD003F0DF03432B0DD1B2
:103DE0002046FFF7BAFE09E003F0EF03832BF6E766
:103DF0002046FFF7B2FE2146FFF7BEFB2046FFF745
:103E0000A0FFFFF7B9FF246924B1E369002BDDD0DF
:103E100000236361EC6238BD7406002490F8223000
:103E2000826B13F0100F0CBF6020202010447047ED
:103E300002234370014B9861704700BF7406002451
:103E400070B5124D04462E7A696990B9022E0FD1D1
:103E50006C6A6CB194F9202091F920309A4207DD08
:103E60002046FFF76EFF0846FFF79EFE6670AC61C6
:103E700070BD022E05D190F9202091F920309A4290
:103E8000F1DC2046BDE87040FFF776BF74060024E1
:103E90002DE9F04F85B08146029128B96FF00301FA
:103EA000002400F0F1FBBCE0002A45D0966846B142
:103EB000B40702D1D368432B06D86FF00801002065
:103EC000EEE7D368002BF8D19769D2E904453CB1FD
:103ED000600702D1002D40F0B2806FF00A01EEE7DA
:103EE0002FB17B1E372B03D96FF00B01E7E71827A3
:103EF000002D40F0A880D2E900A301934EBB574BA0
:103F0000D3F88800F0B1FEF7DCFE064600283AD070
:103F10004FF00108002C44D1DFF840B1E5B9504A18
:103F2000DBF88400556DB8B1FEF7CBFE0246E0B178
:103F300048F01008344623E09246144618271546E8
:103F40000192DCE701224421D3F88000FEF740FE15
:103F5000DBE74FF00008DDE722462946DBF8740076
:103F6000FEF736FE02460028E4D1B8F1000F16D065
:103F7000DBF8882052B110463146FEF7BCFE002225
:103F800048F002087CB96FF0040198E73146DBF88D
:103F900080000392FEF751FE039A1446F0E7424672
:103FA000EEE72246344640F2F1137FB2FD2184F859
:103FB00002802380019BC4F804A0E370002384F8EE
:103FC000207084F8217061846563C4E90233C4E918
:103FD0000433C4E90633C4E90933C4E90B32A5F15B
:103FE00040031344C4E90E391E4B13601C4B1B687D
:103FF0005B071AD4A36B00201A4603F1340143F87F
:10400000040B9942FBD1184B2046C2E90D394FF001
:104010008073D363029B1362104B144A1A66FFF736
:104020000FFF204605B0BDE8F08FAD084FF0CC3350
:10403000113D002DDED0013D42F8043FF9E7002F8D
:104040007FF44FAF182769077FF447AFA5F1480108
:10405000074B99427FF64FAF3FE700BF740600243D
:10406000047D0508A52E5AE2E53B040899400408A2
:10407000B7FFFF7F38B504461546FFF7CFFE016056
:104080002046FFF771FD1DB1BDE83840FFF7D8BEEF
:10409000BDE83840FFF770BE10B543780446332BB7
:1040A0000CD1416A90F82320FFF7AAFD014628B100
:1040B00020460022BDE81040FFF7DCBF10BD10B560
:1040C0000446806918B100221146FFF7D3FF6378D8
:1040D000232B02BFA36800229A6110BD70B50F4C5C
:1040E000267A022E18D1636AB3B16569E86AFFF7D0
:1040F00021FA2846FFF7E3FF04F11C00FFF718FE42
:104100004670A061EFF30983AB6300232846636127
:10411000BDE87040FFF7E6BD70BD00BF7406002427
:1041200010B5044610B10378F12B07D020466FF08C
:10413000030100F0A9FA6FF0030010BD437803F00B
:104140000F03022B1ED0032B2BD0012B2ED1FFF7F8
:10415000F8FDE06AFFF7EEF92046FFF7B0FF61785F
:10416000022926D11548FFF7E3FD154B41709861F0
:10417000EFF30982A26300225A612046FFF7B2FDE5
:104180000020DAE70E4B1A7A022A02D15B6A002B72
:10419000DFD16FF00201204600F076FA6FF00200E6
:1041A000CBE7FFF7CEFDFFF7DFFCD2E76FF00201B0
:1041B000F2E70020FFF744FEDFE700BF900600248F
:1041C0007406002438B5174C0246237A022B27D1F7
:1041D000606A60B160694B1C427009D1FFF744FD11
:1041E0001148FFF7A5FD02234370A061012038BDEF
:1041F000E36A002213B1DD69A9420BD2C161C0E9B3
:1042000004325AB11061002BEAD0DA695861511AB0
:10421000D961E5E71A46491B1B69EBE7E062F2E763
:104220000020E4E7740600249006002438B50D4C05
:1042300000210D48A26DFFF72BFE0C4D636EA862A6
:104240005BB1984758B9E26DE96C206EFFF720FE2C
:10425000A864003818BF012038BD0120FCE7002009
:10426000FAE700BF047D0508F94504087406002438
:1042700010B50446EFF3058333B100206FF005015C
:1042800000F002FA002010BDFFF75CFC0028F4D11A
:104290002046DFF808C000DFF5E700BF913E0408C4
:1042A00008B5EFF3058313B1054B586908BDFFF757
:1042B00049FC0028F8D1DFF80CC000DFF6E700BFAA
:1042C00074060024D93B040808B5EFF305833BB11D
:1042D00000206FF0050100F0D7F96FF0050008BD70
:1042E000FFF730FC0028F3D1DFF804C000DFF6E769
:1042F000893D040810B5044600F0F4F9EFF3058396
:104300003BB120466FF0050100F0BEF96FF00500EB
:1043100010BDFFF717FC0028F3D12046DFF804C0DA
:1043200000DFF5E7214104080C4A30B5536C002446
:1043300013B11D698D420AD90161C0E902431BB165
:104340001D699860691A19612CB1E06030BD1C4686
:10435000491BDB68ECE75064F8E700BF74060024F3
:104360002DE9F041184D6C6C54B3236901276E6937
:10437000013B2361236913BBE3680BB1A2689A6018
:104380006B64002304F11801E86C1A46FEF700FF85
:1043900058B121460320D5E905836B61FEF79DFBEB
:1043A0006B6913B9B04508BF0026E378012B09D12A
:1043B00061692046FFF7B8FF6C6C002CDAD16E61A2
:1043C000BDE8F0816770F7E77406002408B5FEF7D2
:1043D000CDFE18B9034B044A1A6508BD4FF0FF30F3
:1043E000FBE700BF7406002461430408044607B5D8
:1043F0004FF0FF33002269462046FEF709FF0028F0
:10440000F6D1DDE900309847F2E7000008B5094A27
:10441000094B1A60094B9B1A094A1360094A0A4B57
:104420001A600A4B9B1A0A4A136000F051F800F018
:1044300083F800BF00FC0724B429002400000824EE
:10444000B0290024B8B900240C2D002400FC072456
:10445000082D002438B50E480B250E4B1C24456052
:1044600003600D4BC4608360FFF7ACF80B4B186022
:104470000B480C4BC460C0E900350B4B8360FFF761
:10448000A1F80A4B1860BDE838400DF029BF00BF05
:1044900080290024D87D050894290024902900242F
:1044A00050290024E57D05086429002460290024A2
:1044B000FDF744BE024B4FF0FF311868FFF79AB882
:1044C00090290024014B1868FFF7ACB8902900240C
:1044D00008B502F043FD0C4B0C4998684FF00053AF
:1044E000C21802F16042126843F8042B8B42F7D1E4
:1044F000054B4FF000529A6009F00EFF0AF0E6FDFE
:10450000BDE8084000F015B800ED00E0980200207A
:104510007047704708B500F043F8FFF7F9FFFFF761
:1045200099FFFFF7F6FF03F0DBFCBDE80840FFF75B
:10453000BFBFFEF7DDBA0000114C124B23614FF4F0
:10454000004363614423E3600F4BA3601823A3611E
:104550000E4B07B5224600210D482360FFF788FE69
:10456000034628B922460B4900900B4803F0C0FCD3
:10457000FEF7D6FA002309491A460093F5E700BF73
:1045800010B2002410320024B8290024FF7D050851
:1045900015450408047E05081D010180207E0508DC
:1045A0001FB5064B6C460FCB84E80F002046FFF783
:1045B00009F8034B186004B010BD00BF387E050831
:1045C0000832002473B506460C46154603F08AFCF3
:1045D00058B90634324628462ABF054B054953F8D8
:1045E00024100023009303F083FC02B070BD00BFD1
:1045F000FC7F0508507F050808B500F0F7F80000BB
:10460000002307B5421E00930023042A19D8DFE8CF
:1046100002F003080C10140001220C490C4803F0AE
:1046200067FC02220B490C48F9E703220B490C48AE
:10463000F5E704220B490C48F1E705220B490C4829
:10464000EDE702460B490C48E9E700BF487E050844
:1046500025010280697E0508260102808E7E0508FC
:1046600027010280C37E050828010280FE7E05081E
:104670002A0102803E7F0508000102800146014AAE
:10468000FFF7A0BF31010180014AFFF79BBF00BFC8
:1046900032010180014AFFF795BF00BF3701018059
:1046A000014AFFF78FBF00BF3301018011F1110FE5
:1046B00002D0024AFFF786BF704700BF3401018075
:1046C000014AFFF77FBF00BF3801018010B5FFF737
:1046D000E7FD034B1B6813B1BDE81040184710BD40
:1046E000FC290024024B1B6803B11847704700BF28
:1046F000FC290024024B987A003818BF012070472B
:104700007406002408B5FEF721FA0022064903F0DA
:10471000FDFCC31C04D98B220449054803F058F959
:10472000BDE80840FEF726BAF546040837800508BC
:1047300049800508B0F57A7F10B50C4604D03222C6
:1047400019491A4803F044F902F000FE0028184AFB
:1047500016DB00F16043F02103F5614383F8001399
:10476000916800F1100341F82340BFF34F8F926826
:1047700052F823309C420AD03F220B490D48E1E712
:1047800000F00F03F021043B13441976E8E70028FA
:1047900008DB0123420900F01F0003FA00F0064B7A
:1047A00043F82200002010BD3780050876800508F8
:1047B00000ED00E08380050800E100E008B503F0AB
:1047C0002DFCBDE8084002F0E4BE0000014B186873
:1047D00002F014BF382C0024014B186802F0D0BE40
:1047E000382C002408B502F0B1FD08BD024C08B514
:1047F00023689847FCE700BF1807002403680BB143
:1048000008461847704710B50446FDF739F92046A9
:1048100010BD08B5FDF710FA08BD0000044B0022DA
:10482000C3E901221A611A60024ADA60704700BFC8
:10483000002A0024FD47040810B50022034600F1B9
:10484000110403F8012B03F8012B9C42FBD1418298
:1048500010BD000042F60211024808B5FFF7ECFF58
:1048600008BD00BF142A002410B5044604F004FA61
:10487000204610BD10B5084C204604F0BDF90023B9
:104880002046064A84F8243023630549C4E90A33E4
:10489000BDE8104003F06CBD282A0024000000246D
:1048A00069480408F8B50546064655F8044B8CB926
:1048B0000D4F386818B14FF0FF31FEF79BFE34689A
:1048C00024B928462C4604F097F93560386808B1B9
:1048D000FEF7A8FEAC4204D08B220449044803F042
:1048E00077F82046F8BD00BF08320024D4800508C0
:1048F000E38005080368012200211B69184703684B
:1049000000221B691146184707B5019003F058F9BA
:104910000121019809F086FA03B05DF804EB03F079
:1049200065B907B5019003F04BF90021019809F032
:1049300079FA03B05DF804EB03F058B907B5CDE997
:10494000001003F03DF9DDE9001009F067FA03B04B
:104950005DF804EB03F04AB97047000070B500F150
:104960000C060446B0F95820B0F9561030460AF04B
:10497000F5F8D4E918530DB9DA070ED55A1094F8A2
:10498000681004EB6300DB0748BFA358B4F96A2042
:1049900048BF5D59B4F96C30A847216D30460AF024
:1049A00005F8224630460249BDE8704008F050BC88
:1049B000A54C040873B51E46C36D04460D462BB1C5
:1049C00040F235122B492C4803F002F82B49019292
:1049D000C0E9181303681B689847019A84F8685067
:1049E000A4F86A20A4F86C60042D0BD8DFE805F069
:1049F0001603111619004FF0FF33012104F10C00CA
:104A000008F01CFD236820465B6802B0BDE87040DA
:104A10001847134602214FF0FF32EFE7334629468D
:104A2000ECE70123013284F884300ED01C2003F01F
:104A3000F1FEB4F96A6005461C2200210EF050F91F
:104A40003146284601F0A9FF2567B4F96C300133DF
:104A5000D8D01C2003F0DEFEB4F96C6005461C22A1
:104A600000210EF03DF900223146284601F098FF62
:104A70006567C7E71F8105082E810508B549040849
:104A800010B50446FBF706FD2046FCF7F3FF204671
:104A900010BD70B506460D46044656F80C3B1B6823
:104AA00098473046294609F081FF2368204625654E
:104AB0005B68BDE8704018477FB505460446019322
:104AC00055F80C6BCDE902213668B04728460399AA
:104AD000DDE9013209F0CEFF236820465B6804B0AF
:104AE000BDE870401847000070B50546044655F80B
:104AF0000C3B1B689847284609F0F2FE94F8843076
:104B000005467BB1626F6AB10B4B0C481946D3F86E
:104B100094608642FBD1136855B9926813604FF4D4
:104B200040734B61236820465B689847284670BDF8
:104B3000D2681B04F2E700BF006402580003008043
:104B400038B50546044655F80C3B1B68984728467F
:104B500009F0D6FE94F88430054643B1236F00F087
:104B600001055A681B6812681A4218BF002523689D
:104B700020465B689847284638BD0C3008F016BCC4
:104B800010B50C460C3008F045FC204610BD000066
:104B90002DE9F04198461F4B0025044603600F465F
:104BA0001D4B294616468560436024220C300EF0CA
:104BB00097F804F13000FCF70AFE04F14000FCF71E
:104BC00006FE40F201136566A4F854304FF6FF73F9
:104BD000C4F88050A4F86A30A4F86C30A368C4F814
:104BE00050805A1013F0010F04EB63006368A4F8BF
:104BF0005670A4F8586084F8685084F88450C4E96A
:104C00001755C4E91E551CBFA258D35898472046D3
:104C1000BDE8F081508105085D49040803682DE96D
:104C2000F04104461B6815460F46984794F85430E7
:104C3000EE1C03B17DB194F855300BB1012D0AD0B3
:104C4000394604EB0610FCF7E1FF236820465B6859
:104C5000BDE8F041184702F0B3FF384604EB0616F2
:104C600004F10C08FCF7DFFF88B13046FCF7DBFFEE
:104C700008B903F07BFA39463046FCF7C7FF01223A
:104C80002946404608F0F0FA02F0B0FFDDE7304672
:104C9000FCF7C9FF08B103F07FFA3046FFF7F0FEDA
:104CA0000022EDE7033110B500EB01142046FCF7BC
:104CB000BAFF10B12046FFF7ACFD10BD036870B518
:104CC00004461B680D46984794F85430AB422DD0EB
:104CD00065B194F855304BB9A2686368511004EB84
:104CE0006200D20744BF6258D358984704F1300697
:104CF00002F066FF05B33046FCF795FF50B1304631
:104D0000FCF79AFF03F032FA0122002104F10C00B3
:104D100008F0AAFA02F06AFF84F8545035B994F802
:104D200055301BB904F10C0009F0C0FC2368204683
:104D30005B68BDE87040184704F10C002A4629461C
:104D400008F092FA3046FCF76EFF0028E2D003F03C
:104D500023FADFE7036870B504461B680D469847E1
:104D600094F85530AB422DD065B194F854304BB91E
:104D7000A2686368511004EB6200D20744BF625816
:104D8000D358984704F1400602F01AFF05B33046A5
:104D9000FCF749FF50B13046FCF74EFF03F0E6F94F
:104DA000012204F10C00114608F05EFA02F01EFF29
:104DB00084F8555035B994F854301BB904F10C00FF
:104DC00009F074FC236820465B68BDE87040184712
:104DD00004F10C002A46012108F046FA3046FCF79F
:104DE00022FF0028E2D003F0D7F9DFE71FB5184B08
:104DF0000446002103606846FCF7F0FC0022694687
:104E00002046FFF70BFF6846FBF749FB0021684689
:104E1000FCF7E4FC012269462046FFF7FFFE6846E6
:104E2000FBF73DFB94F8543013B994F855301BB19F
:104E300004F10C0009F03AFC04F14000FBF72FFBF1
:104E400004F13000FBF72BFB204604B010BD00BF7F
:104E50005081050810B50446FFF7C8FF8821204699
:104E600003F00CFD204610BD437D10B504461BB178
:104E7000037D0BB103F090F9204610BD13B5044635
:104E800001A802F0B1F8637D53B9237D0BB103F0A3
:104E90006DF9206902F041F80123C4E9000163754E
:104EA00001A802F0A9F802B010BD37B5044601A868
:104EB0000D4602F099F800230022C4E900236B7D1F
:104EC0004BB1286902F029F8D5E90032C01A61EB2C
:104ED0000201C4E9000101A802F08EF8204603B0E7
:104EE00030BD30B585B00D46044603A802F07CF80D
:104EF00029466846FFF7D9FF009B019AD5E90210C1
:104F00005B1840EB020203A8C4E9003202F074F817
:104F1000204605B030BD13B5044601A802F064F880
:104F2000206901F0FAFF00220023C4E90001C4E96E
:104F3000022301A802F060F802B010BDD0B5002332
:104F4000002600270446016102754375C0E9006729
:104F5000C0E90267FFF7DFFF2046D0BD10B5044669
:104F600001F0EEFF012201462046FFF7E7FF204651
:104F700010BD10B5044601F04FFD00220146204649
:104F8000FFF7DCFF204610BD03681B6818470000D0
:104F900010B5084B04460022084623600023A16197
:104FA0000549C4E902230023C4E9043301F044FFA6
:104FB000204610BD68810508894F040807B500F137
:104FC00008010090806901F075FF03B05DF804FBF3
:104FD00000F10801806901F085BF002070476FF083
:104FE0001C0070476FF01C0070476FF01500704791
:104FF0006FF01500704701207047012070470020B6
:1050000070470020704770B511F0010405468EB25C
:1050100004D0FFF769FD041E18BF0124F30605D56F
:105020002846FFF78DFD08B144F01004204670BDFE
:10503000A0F18800FFF7E7BF08B5FFF73FFE0020AB
:1050400008BDA0F18800FFF7F7BF08B5FFF782FEA3
:10505000002008BDA0F18800FFF7F7BF034B10B593
:1050600004460360FFF7C2FE204610BD74810508A8
:10507000A0F18800F2E700BF10B50446FFF7EEFF8D
:105080008C21204603F0FAFB204610BDA0F18800D9
:10509000F2E72DE9F04106460D461746CAB102F087
:1050A0008CFD80F0010313F0FF0403D03368304619
:1050B0001B68984705EB0708454505D015F8011B07
:1050C0003046FFF75DFDF7E71CB1336830465B689B
:1050D00098473846BDE8F081A0F18800FFF7D9BFB6
:1050E00038B504460D4662B103681B6898472046F0
:1050F000FFF743FD2870236820465B68984701202E
:1051000038BD1046FCE7A0F18800FFF7E9BF0000BA
:1051100010B50446FFF73CFD044B204603F108029E
:1051200044332260C4F8883010BD00BF6C8105088C
:1051300030B5056885B0044601932D68CDE902219C
:10514000A84720460399DDE90132FFF733FC2368C5
:1051500020465B6805B0BDE83040184710B50446EE
:10516000FBF798F92046FCF785FC204610BD70B58A
:1051700004460E4602F024FDA5695DB104F1080065
:10518000FFF7ECFF012384F8216084F8203000232E
:10519000E361A36102F02AFD2DB121462846BDE856
:1051A000704000F078B970BD08B103F02DBD02F079
:1051B00007BD08B103F046BD02F018BD2DE9F0416E
:1051C000044686B00E46174602F0FAFCA56902F0C6
:1051D0000DFD35B301AD0021284603F06FFD02F04F
:1051E000EFFCD4E9068323B139220F490F4802F0BE
:1051F000EFFBE56102F0FAFCB8F1000F0ED0394682
:10520000284603F063FD48B93046FFF7CDFF20463E
:105210000121FFF7ACFF3046FFF7CBFF284603F034
:1052200076FD06B0BDE8F0811582050821820508EB
:1052300038B50025054B0446456040F8083BFCF7AF
:10524000C6FA20462584C4E9065538BD48820508BB
:10525000074B10B503600446836923B12622054934
:10526000054802F0B5FB0830FBF719F9204610BDE0
:1052700048820508158205082F82050830B50446C6
:1052800085B002F09DFC04F1080568462946FFF749
:10529000BAFA2846FFF762FF0023E069A36108B16C
:1052A00003F032FD02F0A2FC6846FCF7BCFC10B132
:1052B0006846FFF7AEFA6846FBF7F1F805B030BD77
:1052C00000220160C0E90122012202737047704789
:1052D0000346007B30B1D3E90020136898428CBFAD
:1052E0000020012070470123D0F800C02DE9F043D1
:1052F00003FA01F11F4682EA030E1CF823500D4207
:1053000004D005F030053AB1102D07D10133112B2F
:10531000F3D14FF0FF300FE0002DF7D05C00D0F854
:105320000880023C42EA040607FA06F919EA080F67
:10533000ECD1202D02D03046BDE8F0834EEA0404C3
:1053400007FA04F414EA080FF5D0DFE770B50D464C
:10535000114604461E462A46FFF7C5FF002802DA1A
:105360000020207370BD42082168636801EB820150
:10537000CD8849791D44012306FB0151616003FA80
:1053800000F1A36842EAC0100B43C0B2A360E9E792
:1053900013460A460121FFF7D9BF13460A460021EA
:1053A000FFF7D4BF13B504460A4601910021FFF769
:1053B000EFFF019A0021204602B0BDE81040FFF740
:1053C000ECBF0022C0E900227047704700687047B8
:1053D00000230B60436813B9016041607047196096
:1053E000FBE703682BB11A6802B942600260002231
:1053F0001A601846704710B50468002223468B4295
:1054000003D083B11A461B68F9E70AB10B68136031
:105410008C4204BF0B68036043688B424FF000036B
:1054200008BF42600B6010BD10B50446FFF7C9FF0E
:10543000204610BD08B5FFF7C9FFB0FA80F040095B
:1054400008BD70B505462846FFF7C0FF044678B191
:1054500050F8043C061F9B683046984740B12846E8
:10546000FFF7BFFF54F8043C3046DB689847EAE793
:1054700070BD70B504460D46FFF7A8FF0646291D0E
:105480002046AC61FFF7A4FF26B92046BDE8704076
:10549000FFF7D7BF70BD70B50C460546FFF796FF06
:1054A000064604B1043421462846FFF7A4FFA6426D
:1054B00004D12846BDE87040FFF7C3BF70BD10B5EA
:1054C00004462046FFF782FF28B150F8043C043818
:1054D000DB689847F5E710BD10B50446FFF7EFFF0E
:1054E0002046FFF772FF204610BD704770470368E3
:1054F0009B6D184770B5002386B04FF4897490F8FF
:105500002013CDF8063005AE8DF80A300389ADF8CA
:1055100004400224ADF8103040F201234268ADF897
:10552000123040F203138DF8074001ACADF814308F
:1055300000F10A038DF80B101D4603922246083332
:1055400003CAB24243F8080C43F8041C1446F5D1D0
:10555000128828461A8006B070BD000000487047C7
:105560003085050800487047688505080048704781
:1055700034850508004870477A850508004870475B
:1055800060850508004870474A850508036810B51E
:1055900004465B6F9847D4F8EC0203681B6F98478A
:1055A000236820469B6FBDE81040184708B5D0F827
:1055B00034332BB940F2CD620249034802F008FAB5
:1055C00008BD00BF758205088382050810B5044632
:1055D00002F0F6FAD4F834330133C4F834332BB97B
:1055E0004FF4D7620249034802F0F2F910BD00BF40
:1055F000758205088382050838B5D0F8343304462F
:10560000012B10D10025D4E9C93000F0010203B903
:105610004AB1411004EB6000C4E9C9550AB16258AF
:10562000D3589847EFE7D4F834332BB940F2C66229
:105630000549064802F0CCF9013BC4F83433BDE813
:10564000384002F0D3BA00BF75820508838205088E
:10565000002307B51A4602490248009302F048FCAD
:105660008F8205080E011580002307B51A460249EE
:105670000248009302F03CFCB78205080401158043
:10568000036873B50446DB6F9847B4F8F8120B1241
:10569000022B25D0032B56D0012B04D123682046A2
:1056A0001B6B984708B9002018E0236820461B6B45
:1056B00098470678122EF6D1236820461B6B984730
:1056C0004578012DEFD123682046C4F804631B6B95
:1056D0009847C4F80003284684F8085302B070BD08
:1056E000C9B2236820465B6B019198470028DAD045
:1056F0002368204601995B6B984703780199092B31
:10570000D1D1236820465B6B984743780199022BDF
:10571000C9D1236820465B6B98472368857820466B
:105720005B6B01999847C3780199204645EA0325A8
:105730002368C4F804535B6B9847C4F80003012046
:1057400084F80803CAE7C9B20529ACD8DFE801F03C
:10575000030F19232D37236820469B6B9847037846
:10576000C4F8043323689B6B20469847E5E7236819
:105770002046DB6B98470378C4F804332368DB6B5F
:10578000F2E7236820461B6C98470378C4F804337B
:1057900023681B6CE8E7236820465B6C9847037816
:1057A000C4F8043323685B6CDEE7236820469B6CF7
:1057B00098470378C4F8043323689B6CD4E72368C4
:1057C0002046DB6C98470378C4F804332368DB6C0D
:1057D000CAE70B78DB0913700B78C3F341135370DE
:1057E0000B7803F01F0393704B78D370C8788B78D5
:1057F00043EA0023938048790B7943EA0023D3805E
:10580000C8798B7943EA002313817047036870B528
:1058100004465B6F0D46984794F80C33022B05D075
:1058200040F23D120849094802F0D2F8084B2046E0
:1058300084F81053C4F824330023C4F828332368B1
:10584000BDE870409B6F184775820508D682050831
:10585000135D040838B503680446DB6F984794F875
:10586000083313B10025284638BDD4F8EC0203688C
:105870005B6C9847D4F804239042F3D8D4F8001313
:10588000121A0144C4F80423C4F80013A2B9022375
:1058900094F80A5384F80C3345B1236804F53D713C
:1058A000204684F80A239B6E9847DCE701212046B6
:1058B000FFF7ACFF0125D6E7D4F8EC02D4F820437B
:1058C0000368A2421B6C28BF22469847F2E70000FB
:1058D000036813B50446DB6F984794F81C33012B1B
:1058E00006D800230F491A4600930F4802F000FB28
:1058F00094F80C3323B100230C491A460093F4E7C3
:1059000094F80B33032B0BD02046FFF7A3FF38B9D5
:10591000D4F8EC020368DB6C02B0BDE81040184715
:1059200002B010BD8F8205080E01158001830508A5
:1059300038B503680446DB6F984794F80833012BA9
:105940003BD1D4F8045335B994F809330BB9012588
:105950002CE084F80953D4F82023D4F8EC029542C3
:10596000D4F80013036828BF15469B6C2A46984755
:10597000D4F80033D4F804232B44551BC4F8003367
:10598000C4F80453002DE2D194F80923002ADED193
:10599000022394F80A5384F80C334DB1236804F5BC
:1059A0003D71204684F80A239B6E9847284638BDEF
:1059B00001212046FFF72AFFC9E70025F6E7036823
:1059C00010B50446DB6F984794F81C33012B01D8BF
:1059D000FFF73EFE94F80B33032B0AD02046FFF767
:1059E000A7FF30B9D4F8EC020368BDE81040DB6CC7
:1059F000184710BD036870B504465B6F0D469847A5
:105A000094F80C33032B05D04FF4C37208490948AE
:105A100001F0DEFF084B204684F81053C4F824330D
:105A20000023C4F828332368BDE870409B6F1847F3
:105A3000758205084B8305082B660408036810B5BA
:105A40000446DB6F9847012004F21D33C4F80403B9
:105A5000C4F8003384F8080310BD036810B5044689
:105A6000DB6F984794F81C33042B05BFB4F82E3332
:105A700001200020A4F8FA3201BF04F54C73C4F8E9
:105A80000403C4F8003384F8080310BD036810B59C
:105A9000DB6F044698470423204694F8F82284F8E4
:105AA0000C332368B4F8FA121B6F9847012010BD1D
:105AB000036870B504465B6F0D46984794F80C3345
:105AC000042B05D04FF4EB720849094801F080FF20
:105AD000084B204684F81053C4F824330023C4F83C
:105AE00028332368BDE870409B6F1847758205080E
:105AF00077830508A35D0408036810B50446DB6FCF
:105B0000984794F81C33042B02D0B4F8FA328BBBBC
:105B100094F8F632012B0FD0022B10D053BB164B4A
:105B200001221A80144B0120C4F80033022384F8A8
:105B30000803C4F8043310BD0F4B0022F1E7B4F89A
:105B4000FA2222F08F03ABB912F00F0F0A4902D1EB
:105B500000230B80E6E7530003F01E0343EAD21351
:105B60001822023B02FB034393F830309B07EFD52A
:105B70000123EEE70020DEE75C2A0024036810B56D
:105B8000044690B0DB6F9847D4F8EC02D4F8202399
:105B900069460368DB6B984704F53D726946204609
:105BA000FFF717FE002311462046C4F80833C4E966
:105BB000C033012384F80C3323685B6E984710B020
:105BC00010BD036810B50446DB6F984794F81C338A
:105BD000012B01D8FFF73CFD012394F80C2384F836
:105BE0002C3322B92046BDE81040FFF7C7BF84F828
:105BF0002D3310BD2DE9F0411D46036804460F46C4
:105C00005B6F1646984794F80C33012B05D040F291
:105C1000BA220A490A4801F0DBFE0A4B204684F802
:105C20001073C4F824330023C4F828332368C4E96C
:105C3000C5659B6FBDE8F041184700BF7582050838
:105C40009F830508E3640408036810B50446DB6F0E
:105C50009847B4F8FC3293B394F8F40294F808230C
:105C6000012825D1012A06D0D4F8EC020368DB6CA8
:105C7000BDE810401847D4F804239A4201D9C4F86B
:105C800004330128D4F8041326D18B4208D9D4F860
:105C90002033B1FBF3F203FB12120AB984F80903B3
:105CA0000223204684F80B33BDE81040FFF740BEC6
:105CB000002AD9D1D4F804239A42E2D0D4E7D4F808
:105CC000EC02D4F804230368002AD0D103219B6C92
:105CD00084F80B1311460DE00123D4F82023D4F8E7
:105CE000EC028A4284F80B33036828BF0A46D4F8D2
:105CF00000131B6CBDE810401847036810B5DB6F3C
:105D000004469847002384F82D33032384F80B338B
:105D100010BD036810B5DB6F04469847002294F865
:105D2000103384F80C2394F82D2322B12046BDE8CB
:105D30001040FFF7E2BF33B9D4F8EC020368BDE8C6
:105D40001040DB6C184794F80B33012B0AD1032366
:105D5000D4F8EC0284F80B3303689B6C1146BDE861
:105D600010401847022B07D10323D4F8EC0284F823
:105D70000B3303681B6CF1E710BD036810B5DB6FD4
:105D800004469847002384F82C3394F80C3323B945
:105D90002046BDE81040FFF7B0BF012384F82D3343
:105DA00010BD036810B5DB6F04469847002294F8D5
:105DB000103384F80C2394F82D2322B12046BDE83B
:105DC0001040FFF79ABF63B1B4F8FA322046A4F846
:105DD0002E33B4F8F83284F83033BDE81040FFF7C2
:105DE00033BFD4F8EC020368BDE81040DB6C184701
:105DF000036810B504465B6F984794F8F03283B996
:105E0000D4F8EC02214603689B689847D4F8EC026A
:105E1000402103689B6B98470123C4F8200384F852
:105E2000F032236820469B6FBDE81040184738B514
:105E3000036804465B6F984794F81C532368204618
:105E4000EDB29B6F98472B1F5842584138BD0368ED
:105E500010B504465B6F98472046FFF7C9FF94F8DA
:105E6000F1323BB9D4F8EC0203685B69984701232F
:105E700084F8F132236820469B6FBDE81040184734
:105E8000D0F8EC0203685B6B184738B503680D4621
:105E900004465B6F98472B07204617BF6A00D4F86B
:105EA000205302F01E0242EAD5131FBF1822023B04
:105EB00002FB03439D8D23689B6F9847284638BD9E
:105EC0000368F7B50E465B6F0546984736F08F07B7
:105ED00001D1320706D10023174918481A4600930A
:105EE00002F006F87400182304F01E0444EAD614E5
:105EF000023C03FB045494F83030DB0709D42846F5
:105F0000FFF795FF80B140F28C520D490D4801F02A
:105F10005FFD94F831303BB1D5F8EC0231460368AF
:105F2000DB6E984784F831702B6828469B6F03B06E
:105F3000BDE8F040184700BFB7820508040115808E
:105F400075820508C2830508036873B50E465B6F4A
:105F50000446984716F0700F01D1310706D100238F
:105F60001A491B481A46009301F0C2FF7500182316
:105F700005F01E0545EAD615023D03FB054595F8DB
:105F80003030DA0709D42046FFF751FFB0B140F2B4
:105F9000CC421049104801F01BFD43F0020331468A
:105FA00085F83030D4F8EC0203689B6D984795F87B
:105FB00031301BB131462046FFF782FF236820466F
:105FC0009B6F02B0BDE87040184700BFB78205085C
:105FD0000401158075820508C2830508036810B5A1
:105FE0000446DB6F984794F81C33042B02D0B4F8B6
:105FF000FA32A3B994F8F632022B10D1B4F8FA129F
:1060000031F08F000BD111F00F030AD0B4F8F83241
:1060100023B92046C9B2FFF797FF012010BD002029
:10602000FCE71846FAE70000036873B50E465B6F9D
:106030000446984716F0700F01D1310706D10023AE
:106040001C491D481A46009301F052FF75001823A1
:1060500005F01E0545EAD615023D03FB054393F8FE
:106060003020D20709D42046FFF7E1FED8B140F234
:10607000F1421249124801F0ABFC93F831301BB1E8
:1060800031462046FFF71CFF1823314603FB054528
:1060900095F8303023F0020385F83030D4F8EC0264
:1060A0000368DB6D9847236820469B6F02B0BDE80C
:1060B00070401847B78205080401158075820508ED
:1060C000C2830508036810B50446DB6F984794F84F
:1060D0001C33042B02D0B4F8FA32A3B994F8F63288
:1060E000022B10D1B4F8FA1231F08F000BD111F05D
:1060F0000F030AD0B4F8F83223B92046C9B2FFF72B
:1061000093FF012010BD0020FCE71846FAE70000CD
:106110002DE9FF41984603680E4603925B6F0746E0
:10612000984736F08F0403D116F00F0F039A06D16B
:106130000023204920481A46009301F0D9FE75003B
:10614000182305F01E0545EAD615023D03FB05752B
:1061500095F83030DB070AD43846FFF768FE04466E
:1061600088B140F2AF521549154801F031FCAB8DB2
:10617000434505D923462246124913480094DCE7DB
:1061800095F8311039B13B6838469B6F98472046E7
:1061900004B0BDE8F081D7F8EC0201680C6E31461E
:1061A000A04704460028EED095F83130013385F839
:1061B0003130E8E7B78205080401158075820508CB
:1061C000C2830508D083050805011580036837B52B
:1061D0000D465B6F0446984715F0700F01D12A07F2
:1061E00006D10023154916481A46009301F080FE97
:1061F0006B00182203F01E0343EAD513023B02FB97
:10620000034393F83030DB070AD42046FFF70FFE34
:10621000054660B140F2E9520A490B4801F0D8FB4B
:10622000D4F8EC02294603685B6E9847054623685C
:1062300020469B6F9847284603B030BDB7820508BB
:106240000401158075820508C28305082DE9FF4108
:10625000984603680E4603925B6F0746984736F0F0
:106260008F0503D116F00F0F039A06D100232249A0
:1062700022481A46009301F03BFE7400182304F0F4
:106280001E0444EAD614023C03FB047494F8303034
:10629000DB070AD43846FFF7CAFD054688B140F24D
:1062A0000A621749174801F093FBA38D434505D2B5
:1062B0002B462A46144915480095DCE794F83130FE
:1062C0003BB13B6838469B6F9847284604B0BDE811
:1062D000F081D7F8EC02314603689D6E4346A8472B
:1062E000054638B194F83130A4F82E80013384F893
:1062F0003130E6E7E085E4E72184050804011580F4
:1063000075820508C28305083F84050805011580CC
:10631000036837B50D465B6F0446984715F0700F5C
:1063200001D1290706D10023124913481A460093C8
:1063300001F0DEFD6A0002F01E0242EAD5131822C7
:10634000023B02FB034393F83020D2070AD42046D5
:10635000FFF76DFD054630B140F249620749084834
:1063600001F036FBDD8D236820469B6F9847284659
:1063700003B030BDB7820508040115807582050899
:10638000C2830508036870B50446DB6F0D46984765
:1063900094F81C2384F81C53AA42D3B226D0032BB2
:1063A00009D9032D8CBF00260126012B05D9012D0B
:1063B00003D88EB103E00026F7E786B100264FF43C
:1063C0003472002104F11C000CF08AFC002384F8D4
:1063D0001D3384F8F23216B12046FFF7CEFC236855
:1063E000294620461B6EBDE87040184770BD036803
:1063F00010B50446DB6F9847D4F8EC0294F8F81215
:106400000368DB6A9847B4F8F8322BB902212046BA
:10641000FFF7B8FF012010BD0321F8E7036810B5AE
:106420000446DB6F984794F8F81284F81D1351B9AD
:10643000D4F8EC0203681B6A984703212046FFF753
:10644000A1FF012010BD0123204684F8F23203236E
:1064500084F80C332368DB6E9847F2E7036810B5C5
:106460000446DB6F984794F8F532C3BB94F8F732D3
:106470000B2B34D8DFE803F0060B331033151A3337
:106480001F24292E2046BDE81040FFF735BB2046CB
:10649000BDE81040FFF716BE2046BDE81040FFF7EC
:1064A0009DBD2046BDE81040FFF7A1BF2046BDE8D6
:1064B0001040FFF7E5B82046BDE81040FFF7BEBA30
:1064C0002046BDE81040FFF7A9BF2046BDE81040B8
:1064D000FFF7C3BA2046BDE81040FFF7D7BA002047
:1064E00010BD036810B5DB6F04469847002094F890
:1064F000103384F80C0394F82D03D4E9C52190B12E
:10650000012B0BD8022304F53D712046012284F8AB
:106510000C332368BDE810409B6E18472046BDE849
:106520001040FFF7EABB042B12D12046FFF796FF7D
:1065300030B9D4F8EC020368BDE81040DB6C1847B2
:1065400094F80C3373B92046BDE81040FFF77CBBCC
:10655000032BEED0012084F8083384F80A03C4E941
:10656000C021F0E710BD036810B50446DB6F984703
:1065700002212046FFF706FF0023204684F81E3341
:10658000FFF7FBFB23682046DB6DBDE81040184792
:10659000036810B504465B6F984794F8F1323BB13D
:1065A000D4F8EC0203689B699847002384F8F13221
:1065B00094F81C33012B03D901212046FFF7E2FE9A
:1065C0000023204684F81D3384F81E332368BDE879
:1065D00010409B6F1847036810B504465B6F9847DF
:1065E00094F8F03253B12046FFF7D2FFD4F8EC0212
:1065F0000368DB689847002384F8F032236820465C
:106600009B6FBDE81040184738B503680D46044637
:10661000DB6F984745B994F81C332BB129462046C7
:10662000BDE83840FFF7AEBE38BD036870B504461C
:10663000DB6F984794F82D3394F8106303B97EB953
:106640002046FFF7F4FB054650B901464FF434727B
:1066500004F11C000CF044FB84F81D5384F8F25242
:10666000002384F80C3394F82D3323B12046BDE881
:106670007040FFF742BBD4F8EC02036856B1DB6907
:10668000984720460421FFF77DFE2046BDE8704074
:10669000FFF7DABADB6CBDE8704018472DE9F04F20
:1066A000914685B002680E4603930446526F9047A8
:1066B00016F0700F03D116F00F0F039B06D10023C5
:1066C000264927481A46009301F012FC94F8F282FA
:1066D000B8F1000F07D1236820469B6F98474046CA
:1066E00005B0BDE8F08F75004FF0180B05F01E05E2
:1066F00045EAD615AF1E0BFB074797F830A01AF0F6
:10670000010A05D04FF48E621649174801F060F96E
:10671000B9F5806F04D940F2714212491348F5E788
:10672000D4F8EC0231460268D2F850804A46C0479D
:1067300080460028CFD0013D0E990BFB0545281D52
:10674000FBF764FA97F8303087F831A043F0010383
:10675000A7F82C9087F83030BDE700BFB782050856
:106760000401158075820508608405088284050887
:106770002DE9F047054698461E4B04460F469146C4
:1067800045F81C3B00F53B7A2E4630461836FBF7A1
:106790001EF8B245F9D1BDF820304FF43472002113
:1067A00028462381A4F80490A4F806800CF098FAF7
:1067B0002822002104F53D700CF092FA00230122FA
:1067C000204684F80C33C4F8EC72A4F8F03284F854
:1067D000F232C4F8343384F8303384F81C2384F85C
:1067E0001D3384F81E33C4E9C833C4E9CA33BDE895
:1067F000F08700BFB08405080D4B70B503600446F8
:1068000090F8F0322BB140F262520A490A4801F086
:10681000DFF804F53B7504F11C06FFF7DCFEB5421A
:1068200004D0183D2846F9F73AFEF8E7204670BD37
:10683000B0840508758205089A84050838B5036890
:106840000D460446DB6F984715F0700F01D12B07FA
:1068500001D1FEF709FF6B00182003F01E0343EA85
:10686000D5118B1E00FB034393F831206AB1013927
:10687000013A00FB014483F8312004342046FBF741
:10688000D2F910B12046FDF7C4FF38BD38B5036812
:106890000D460446DB6F984715F0700F01D12B07AA
:1068A00001D1FEF7E1FE6B00182003F01E0343EA5E
:1068B000D5118B1E00FB034393F831206AB10139D7
:1068C000013A00FB014483F8312004342046FBF7F1
:1068D000AAF910B12046FDF79CFF38BDEFF31083F5
:1068E00072B6054A117831B9DB43044903F001035C
:1068F0000B700123137070475F2A00245E2A002466
:1069000008B5EFF31083DB4313F0010304D0362204
:106910000549064801F05CF8054A1370054B1B78E1
:1069200003B162B608BD00BF95850508B1850508AD
:106930005F2A00245E2A0024014B1878704700BFAC
:106940005F2A0024094B30B51A46094CD3F89450FD
:10695000A542FBD1036829B181680B604FF44073F5
:10696000536130BDC1681B04F7E700BF00640258E3
:106970000003008070B50E460446154607F02EFA57
:10698000013609D02046002107F04CFA294620465E
:10699000BDE8704007F042BA70BD0022FFF7EABFC1
:1069A00070B50E460446154607F018FA01360CD0AD
:1069B00020462946FFF7C6FF012107F033FA20469B
:1069C0000021BDE8704007F029BA70BD0022FFF732
:1069D000E7BFF8B5069F04460E461D4652B91A4653
:1069E000FFF7C8FF013616D039462046BDE8F8400B
:1069F000FFF7A8BF07F0F2F901360CD02046394660
:106A0000FFF7A0FF012107F00DFA29462046BDE857
:106A1000F84007F003BAF8BD00487047CC85050878
:106A2000024B1B680BB10248184770471C07002433
:106A3000CC8505081FB5431C10D105B05DF804FBDB
:106A400083420AD18968039007F018FD002103985A
:106A500005B05DF804EB07F0C9BD0C31B1F90030A9
:106A60005A1CEDD10023024602490348009301F06D
:106A70003FFA00BFF885050830010180884207B55C
:106A800002460AD0431C08D0013105D00023054935
:106A90000548009301F02CFA0146084603B05DF862
:106AA00004FB00BF0986050830010180B1F9003000
:106AB0005A1C01D118467047834201D1486870477B
:106AC0000C31F3E7421C13B504460AD0FFF7EEFF82
:106AD000431C06D10023224603490448009301F0D9
:106AE00007FA02B010BD00BF1A8605083001018008
:106AF000B1F900305A1C01D118467047834201D1C8
:106B0000886870470C31F3E72DE9F047466896F83E
:106B1000327087BB03685B689847346A84422AD026
:106B20003369041B96F934201C40B3683062A4FB1F
:106B30000345CAB1736A14EB030845F10009002A42
:106B40001BDBC2F12001A2F1200328FA02F429FA8A
:106B500002F509FA01F129FA03F30C431C4304FA84
:106B600002F2A8EB02027262D6E90A321B1945EB67
:106B70000202C6E90A32BDE8F087D6F80CA03B460F
:106B800040464946524609F051FB04460D460AFB71
:106B90001082E8E7824206D98A420BD9884294BF24
:106BA000002001207047884206D98A428CBF00200D
:106BB0000120704701207047002070472DE9F347FE
:106BC00046680446376B27F07F4727F0FF07002F02
:106BD00063D1FFF799FF7368002B61D0D3E90001FF
:106BE000D6E90A238B4208BF824205D323685B693A
:106BF00002B0BDE8F04718476568D5E90A32D5F814
:106C000014A0B0EB030861EB0209D5E906234B455C
:106C100008BF424520D3EB6895F933C0A3FB0801B8
:106C200003FB0911BCF1000F13D0AA68531EC01852
:106C300041F10001BCF1000F1CDBCCF12002ACF1F2
:106C4000200320FA0CF001FA02F221FA03F31043B8
:106C50001843824528BF82462A6A336A92442A69C9
:106C60000AEA0202934209D140F2C91212491348BA
:106C700000F0AEFE3B4609F0D9FAEAE72368104679
:106C800001921B69984723685B689847019A0146FF
:106C9000306AFFF77FFF0028A8D102B0BDE8F08777
:106CA0007369306A32691844236810401B6902B066
:106CB000BDE8F047184700BF4F8605086186050804
:106CC000436893F830202DE9F3470646002A7FD128
:106CD00093F83230002B7BD103681B6898473368E8
:106CE000DB69984703682BB91A463B493B48009338
:106CF00001F0FEF819463A4C2246B1FBF4F402FBCF
:106D000014141146002CF7D1354C01257768B4FBDB
:106D1000F2F11F24B960013C03D305FA04FC61457C
:106D2000F9D1B3FBF2F287F8334001231F24FA6054
:106D300003FA04F5AA4201D0013CF9D287F83440A5
:106D400043681D1F1C2D05D90023264926481A46D5
:106D50000093CDE7202B4FF0070418BF012004FA61
:106D600005F40CBF4FF0FF3098404FEAE4794FF044
:106D700000037C6118BF00F1FF30A4FB01459A4677
:106D8000386112F1FF3001FB095543F1FF31201842
:106D900045EB010109F04AFA3368C7E906015B686F
:106DA000C7E900AA984773683862002101220020D1
:106DB000C3F824A01A8683F832A0C3E90A0130463A
:106DC000FFF7A2FE304602B0BDE8F047FFF7F6BE7F
:106DD00002B0BDE8F08700BF858605080E0104807B
:106DE00040420F009E860508050104802DE9D0036E
:106DF00016461F4642680024059B8B605368C1E914
:106E0000006733B9CB606CB95160BDE8D003FFF7C0
:106E1000D5BED3E900894F4508BF4645F2D31C468D
:106E2000DB68EEE7D2E90A23E160BB4208BFB24269
:106E3000EBD2BDE8D003704738B505460C46FFF7E6
:106E40003FFF00F0BDFE6B681C60BDE8384000F0FD
:106E5000CDBEF8B5054600F0B3FED5E90034DB68D9
:106E6000984794F832301BB1BDE8F84000F0BEBE40
:106E7000012384F831306368ABB12846FFF744FE44
:106E80006168D4E90A67D1E900239F4208BF9642AE
:106E900009D36B685A68CB6863602368002BEAD01B
:106EA00090689847E7E70023284684F83130FFF7D9
:106EB00085FED9E710B586B0CDE904210393089C7F
:106EC000029000F07DFE0298FFF71EFE05990298E1
:106ED0000094DDE90332FFF789FF06B0BDE81040FA
:106EE00000F084BE38B505460C4600F069FE6A68BD
:106EF0005368A34209D1DB6828465360FFF75EFE62
:106F0000BDE8384000F072BE1346002BF8D0DA68B6
:106F1000A242F9D1E268DA60F2E738B50446FFF739
:106F2000CFFE00F04DFE2046FFF7EEFD6368D3E98B
:106F30000A4500F05BFE2046294638BD7047000038
:106F400000487047DC860508024B1B680BB10248FD
:106F50001847704720070024DC86050808B5BFF3F2
:106F60005F8F164B1968080AC1F3072110F0FC0F58
:106F700004D13B221249134800F02AFD002210469A
:106F80005A608A4216D11022DA600F4A1A6113221F
:106F9000DA600E4A1A611122DA600D4A1A610D4A4E
:106FA000DA600D4A1A6107225A60BFF34F8FBFF3B0
:106FB0006F8F08BD9A6001321861E2E790ED00E042
:106FC000218705083087050839F0020639070213C2
:106FD0003FF50B131200008039000213B1F90C20A9
:106FE000B1F9041007F0BABD07B5019000F0E8FD53
:106FF000019803B05DF804FB07B5019000F0F6FDC1
:10700000019803B05DF804FB007B704738B50D4B69
:107010000D460273044603600023C0E901310A48AB
:10702000FDF740FC01F0F0FD55B1084B1A681C60FB
:1070300062600548FDF736FC01F004FE204638BDCD
:107040006560F6E750870508D42A0024D02A00247A
:10705000144B10B5036004461348FDF723FC01F000
:10706000D3FDA3682BB1114962680B68A34212D10A
:107070000A600F4B0C481A68A24204BF00221A6033
:10708000FDF710FC01F0DEFD237B13B9201F01F09A
:107090000BFC204610BD19465B68A342FBD14A6039
:1070A000E7E700BF50870508D42A0024D02A00242F
:1070B000FC2A002410B50446FFF7CAFF1021204621
:1070C00001F0DCFB204610BDF8B5064617480D461A
:1070D000FDF7E8FB01F098FD154B1C68A4B1A7680B
:1070E00087B138460CF0CCF9A8420BD12A4631467C
:1070F00038460BF0C5FC28B90C48FDF7D3FB01F06E
:10710000A1FD11E06468E9E7072DF5D12A46314673
:1071100008480BF0B5FC0028EED10448FDF7C2FB8F
:1071200001F090FD044B1C682046F8BDD42A0024D1
:10713000D02A00243D870508FC2A0024002070473F
:107140000368012200211B6970B504469847051E9B
:107150000DDB23680222002120461B699847064662
:1071600023682946354600221B6920469847284651
:1071700070BD000070B50E46002504460F49C0E9F9
:10718000005530460CF0EAF9294630442060236867
:107190001A782F2A07D10133236051B92A220849CE
:1071A000084800F015FC002AF7D0013301312360B4
:1071B000EDE7FFF789FF6060204670BDA8870508EE
:1071C000C4870508D187050800687047406808B57E
:1071D00020B1FFF719FF431E5842584108BD10B5B2
:1071E0000446FFF7F3FF10B1606800B1043810BD2A
:1071F000406808B520B1FFF707FFB0FA80F04009FA
:1072000008BD10B50446FFF7F3FF10B1606800B188
:10721000043810BD4068003818BF012070470020B6
:107220007047F8B50D46036804468F182E461B6D4F
:107230009847BE42236806D09B6C204616F8011B77
:1072400098470130F5D1236820465B6D9847701B45
:10725000F8BDF8B50D46036804468F182E461B6D21
:107260009847BE42236807D0DB6C20469847431CF2
:1072700002D006F8010BF4E7236820465B6D9847BF
:10728000701BF8BD00207047002070477047000059
:107290000F4B002213B5044640F8043BFFF7B6FE3F
:1072A0000C4B0D492046236060336360002363610B
:1072B00001F058FB0346606128B902460090074977
:1072C000074800F015FE01F057F8204602B010BD47
:1072D0006087050858880508DA870508DD870508EE
:1072E000190101800A4B03F10802683310B5044606
:1072F0000260436040690AF015F9064B204623609E
:10730000503340F8043FFFF7A3FE204610BD00BFF6
:1073100050880508F887050810B50446FDF738FEC3
:10732000094BA0692360FFF7F8FD00220023C4E9A0
:107330000C230023C4E90801C4E90A01C4E90E339F
:10734000204684F8403010BD188905084FF0FF3002
:107350007047000038B590F83F50044625B18E22A2
:107360000849094800F034FBFDF732FE94F840303C
:10737000A5872BB184F84050BDE8384000F00CBF21
:1073800038BD00BFDA880508E788050810B504464F
:1073900001F1300000F054FBC4E90001204610BDAB
:1073A000D0E90C32013342F10002C0E90C32D0E9DD
:1073B0000A3213F57A7342F10002C0E90A327047CB
:1073C000D0E90A2312F57A7243F10003FDF7F6BD06
:1073D000F8B50D4604468869FFF79FFDD5E90A32E6
:1073E000C61A61EB0207002F08BFB6F57A7F05D2F7
:1073F00000220023C4E900232046F8BD002F08BF67
:10740000B6F5FA6F01D20122F3E7002E4FF47A723B
:10741000304677F101034FF00003B4BF0021394635
:1074200008F004FFC4E90001E6E7000091F83F30EE
:10743000F7B505460C4613B991F83C6026B1E52234
:107440001149124800F0C4FA6846FFF7C1FF4FF433
:107450007A71A663DDE90032A3FB016701FB0277C5
:10746000D4E90A10891947EB0000C4E90A10D4E9ED
:107470000C105B1840EB02022846C4E90C32C5E947
:10748000003203B0F0BD00BFDA880508F1880508B6
:107490002DE9F743994690F83F300446904623B1D2
:1074A00058223149314800F093FA90F83C3063B9E2
:1074B00001466846FFF7BAFFDDE900234B4508BFE8
:1074C000424505D3012384F83D3003B0BDE8F08385
:1074D00021466846FFF75AFF009B4FF47A71B8EBDC
:1074E0000306019B69EB0307A8FB012301FB09339A
:1074F000D4E90851551994F8402043EB01080123C1
:10750000A38762B9A269126892F8202032BB84F87E
:10751000403000F02BFE002F08BF052E0DD20023B7
:1075200084F83E3094F8403023B9012384F8403089
:1075300000F01CFE2A4643460AE094F84030002B37
:10754000EDD10123B5F57A6284F83E3048F1FF337E
:10755000204603B0BDE8F043FDF730BD002F08BF63
:10756000052EDCD3EDE700BFDA880508E7880508BB
:10757000024B4FF080625A60704700BF00ED00E0A0
:1075800008B50121383000F049FA08B1FFF7F0FFE3
:1075900008BD012310B580F83F300446836B0BB162
:1075A000FFF7E6FF2046FFF70BFF10BD90F83C30D9
:1075B00010B504464BB1002380F83C3090F83E30C3
:1075C00013B9012380F83D3010BD90F83F30002BF7
:1075D000FAD0836B01338363FFF7CAFF2046FFF7BE
:1075E000DFFE2046FFF7ECFEEEE70000024B4FF017
:1075F00000725A60704700BF00ED00E010B504460D
:10760000FDF7E6FC002384F83F30FFF7EFFF10BDE5
:10761000102300F007B8202300F004B8302300F056
:1076200001B840239C46F0B404AE7546E80801D387
:10763000EFF309860E4F0FCE0FC70FBC0FC74046A2
:10764000494652465B460FC71DCE3100A60A00D3FD
:1076500004316E0900D248311FC7EFF30980694633
:10766000EFF3148663C76046014900F079F800BF64
:1076700050B20024F0B52C4E85B000242B4F354677
:107680002146013456F8042B384600F07DFA0D2CC3
:10769000F6D1AB6C264C02936B6C264801932B6C95
:1076A0000093696BD5E90E2300F06EFA2168224839
:1076B00000F06AFAE16AA26AA36AA06AD2B2266BF3
:1076C000C3F30723E76B000CCDE9016700901B486B
:1076D00000F05AFAA36A1E0603D5616B184800F041
:1076E00053FAA36A180403D5A16B164800F04CFAAC
:1076F000EB6C190712D5144800F046FA2B6DDA0727
:107700000FD5124800F040FAEB6C5B074CBF1048F5
:10771000104805B0BDE8F04000F036BA0E4800F061
:1077200033FA0E48EEE700BF50B200241C8905086A
:1077300000ED00E02A890508798905088789050890
:10774000D6890508E4890508F2890508018A050833
:10775000318A05083D8A0508218A05080E8A050830
:1077600007B504460D461A48012100F060F968BBD0
:10777000184800F009FA302C19D0402C1CD0202CCD
:107780001FD1154C154800F0FFF9154800F0FCF921
:10779000FFF770FF134800F0F7F90D4B00221A7045
:1077A00000232A4610492046009300F0A1FB0F4811
:1077B0000F4C00F0E9F9E8E70E480F4C00F0E4F94F
:1077C000E3E70E480E4C00F0DFF9DEE70024E7E7C0
:1077D000A4B20024498A05083E01FF80728A050888
:1077E0009F8A0508AA8A0508C98A0508818A0508AA
:1077F0003F01FF808A8A05084001FF80958A0508BD
:107800003D01FF802DE9F0410C467746154600F01A
:10781000E5FBE4B154F8088CDDB128460AF012FE0D
:10782000064648B1A8454246214628BF2A460BF0E5
:1078300059F920460AF00EFE3B462A4621463046BC
:1078400000F084FB00F0DAFB3046BDE8F081A04692
:10785000E2E72E46F0E7F7B50D461646774600F00C
:10786000BDFB06FB05F2104601920AF0EBFD044653
:1078700018B1019A00210BF033FA3B4632462946F3
:10788000204600F07BFB00F0B9FB204603B0F0BDC2
:10789000F8B50D461646074600F0A0FB2048FDF758
:1078A00001F8204C01F0B0F915F1090F32D805F1BB
:1078B000080138460AF0D6FD60B3A26800F1080757
:1078C000194B2A4405604360A26022692368013293
:1078D0002B44226162682360934250F8042C88BFD5
:1078E0006360031F002AB8BF9B18A2691B68521B64
:1078F00023F001031344A3610948FCF7D3FF01F00F
:10790000A1F932462946384600F00CFB00F076FB20
:107910003846F8BD6369002701336361ECE700BFB7
:107920001C2B0024002B0024EFBEADDE00B57246F8
:107930005DF804EBFFF7ACBF70B50C460546164684
:1079400000F04CFB1C48FCF7ADFF01F05DF91CB3E7
:1079500054F8042C194B9A422BD154F80C2CA4F156
:107960000C0354F8081C002AB8BF9B181A6800239F
:1079700044F8043C22F00102114B1868401A1860C8
:1079800018690138186198690144891A9961A4F14C
:10799000080128460AF040F80748FCF783FF01F089
:1079A00051F93146204600F001FBBDE8704000F07F
:1079B00025BB2146EDE700BF1C2B0024EFBEADDE4A
:1079C000002B002400B572465DF804EBFFF7B4BF4E
:1079D00007B50B46009201460022014800F088FAE4
:1079E0004401FF8003460122D3E84F0FC3E8412F33
:1079F000C0B20029F8D17047D0E85F3F5B18C0E8FB
:107A0000523F002AF8D198B27047D0E85F3F5B1A26
:107A1000C0E8523F002AF8D198B27047034653E8B5
:107A2000000F401A43E80002002AF8D170470346CD
:107A3000D3E84F0FC3E8421FC0B2002AF8D1704705
:107A400038B5044600F0BCF8D4E9004500F0CEF8A3
:107A50002046294638BD0000254C264D264680B5D7
:107A600088B000F0ADF88C2101A8FEF7AFFF042725
:107A7000DFF88480D4F89430AB42FBD1039B4046BE
:107A8000019A1A604FF44073636101F043F8D6F82D
:107A90009430AB42FBD1019B4046049A1B04136017
:107AA0004FF44073736101F035F8013FE2D10427D0
:107AB000DFF84880D4F89430AB42FBD1039B4046BA
:107AC000019A1A604FF44073636101F023F8D6F80D
:107AD0009430AB42FBD1019B4046049A1B041360D7
:107AE0004FF44073736101F015F8013FE2D1BEE736
:107AF0000064025800030080F0490200801A06006A
:107B000073B5002201460446022000F0DFFC0D267A
:107B100000F056F80022254614F8013B1BB900F08E
:107B200065F802B070BD0A2B09D10D2A07D00122D9
:107B30000DF1070102208DF8076000F0C7FC01225B
:107B40002946022000F0C2FC14F8012CE3E70000F3
:107B500000B5A3B002460B46842101A80EF0CAF975
:107B6000832806D9074B1A681B79CDF883208DF836
:107B70008730002802DD01A8FFF7C2FF23B05DF8BF
:107B800004FB00BFD98A05080FB407B504A951F852
:107B9000040B0191FFF7DCFF03B05DF804EB04B0C8
:107BA0007047EFF31080C04300F001007047EFF31F
:107BB0000580003818BF01207047FEF7BDBE0000E9
:107BC00008B5FEF78BFE064A1368591C04D13F2204
:107BD00004490548FFF7FCFE0133136008BD00BFF0
:107BE000442B0024F88A0508088B0508044A13680A
:107BF00023B1013B13600BB9FEF782BE704700BF93
:107C0000442B002408B50B48FFF7ECFE28B1FFF722
:107C1000D7FFBFF34F8F20BFFDE7FFF7C8FF08B1C5
:107C2000FFF71AFFFFF7BDFF0028F9D0012000F091
:107C3000B5FD00BF842B00242DE9F0414B4C0E46CE
:107C400098B08046216817464948C1F34173032B19
:107C5000C1F307430CBF4D428DB22A46FFF794FF94
:107C60006FF498731D44132D0FD8DFE805F00A62F6
:107C700065686B716E740E0E0E0E0E0E0E0E0E0EED
:107C80000E77A1683B48FFF77FFF4046FFF738FFBC
:107C900061683948FFF778FF4EB13848FFF730FF89
:107CA0003046FFF72DFF39463548FFF76DFFA168D5
:107CB0003448FFF769FF2368334A1A44012A05D97B
:107CC000324A934202D0033A93424BD1A06820B18A
:107CD000C06C80F00800C0F3C000E368002B43D004
:107CE00059682B4A002908BF1146E269294D0392C1
:107CF000A26902926269019222690092264A0028D2
:107D000018BF2A462548FFF73FFF04A800F0D4FE1D
:107D1000079B216801939DF8183021480093DDE905
:107D20000423FFF731FF1F48FFF72EFF18B0BDE80F
:107D3000F081A1681C48A6E7A1681C48A3E7A168D8
:107D40001B48A0E7A1681B489DE7A1681A489AE76D
:107D5000A1681A4897E7A168194894E71948FFF7FE
:107D600013FF92E70020B8E70949BEE7882B0024FB
:107D70004E8B05089F8B0508478C0508588C050815
:107D8000608C0508648C0508C2FE007F4001FF80FE
:107D9000398B0508438B0508C88A0508788C0508C7
:107DA000D18C05083E8D0508B58B0508C58B0508E7
:107DB000D48B0508E78B0508FB8B05080F8C05089D
:107DC0001E8C0508348C050870470000F0B5294D5D
:107DD0008FB00E46174635EA200528BF05463022EB
:107DE000002102A80AF07CFF234B01AC01952B4433
:107DF0000396012B05D9214B9D4202D0033B9D42A6
:107E000032D1F36B0293736B08931D4B5B69DA6B92
:107E1000049305925A6B1B6B06920793FFF7D0FEF3
:107E2000184A13680133012B136009D12646164DF9
:107E30000FCE0FC50FCE0FC50FCE0FC533682B6009
:107E4000124D0FCC0FC50FCC0FC50FCC0FC523683B
:107E5000A5F130002B600E4B1B6843B19847FFF72C
:107E6000C5FE00200FB0F0BD02970894CDE7FFF7E4
:107E7000ABFFF4E70101FF80C2FE007F4001FF80FD
:107E800074060024482B0024502B0024882B002447
:107E90004C2B00240FB41FB501210D48CDF804E090
:107EA000FFF7C5FD019A044680B901460948FFF76E
:107EB0008DFF224621460848FFF7BEFE07A9069817
:107EC0000391FFF745FE0548FFF71AFEFFF79AFEFC
:107ED000A4B200240001FF80588D0508C78A050858
:107EE00000207047014B1878C0B27047A4B200243C
:107EF00080B506460C460A480121F04617461D4645
:107F0000FFF795FD48B9424639463046FFF75EFF18
:107F1000029A29462046FFF78FFEFFF773FE00BF47
:107F2000A4B2002438B50B46064904460D6835B1A5
:107F300005490978012902D801460020A8472046B2
:107F400038BD00BFBC2B0024E82B002437B5044605
:107F500010461A46074B1D6845B1074B1B78012B8D
:107F600004D80B46009021460120A847204603B0C4
:107F700030BD00BFBC2B0024E82B002437B50446DD
:107F800010461A46074B1D6845B1074B1B78012B5D
:107F900004D80B46009021460220A847204603B093
:107FA00030BD00BFBC2B0024E82B00240A46094941
:107FB000034610B40C684CB107490978012905D86B
:107FC000A446002103205DF8044B60475DF8044B94
:107FD000704700BFBC2B0024E82B002408B50548DF
:107FE000FCF760FC00F010FE034A137801331370B5
:107FF00008BD00BFC02B0024E82B0024054A06481A
:1080000008B51378013B1370FCF74CFCBDE8084041
:1080100000F018BEE82B0024C02B002438B5064C15
:1080200023683BB9054DFEF7F7FC01462846FFF7EC
:1080300073F92560206838BD382C0024F02B00240B
:1080400008B5836823B9054B1B6893F83D0008BD4C
:10805000C06898470028F6D0F9E700BF382C002404
:10806000F7B504464FF0FF366FF00047164D204637
:10807000FFF7E6FF30BBD4E90023BB4208BFB242A2
:1080800002D02868FFF704FA01A8FEF7ADFF2046EA
:10809000FFF7D6FF98B9D4E90023BB4208BFB2422C
:1080A00007D100F09DF801A8FEF7A6FFBFF36F8F80
:1080B000DDE72B6893F83C30002BF2D1F3E701A801
:1080C000FEF79AFF03B0F0BD382C002430B587B01E
:1080D0000D4D0446CDE902230A9B04930B9B0593A7
:1080E000FFF79CFF02A8FFF7BBFF2868FFF732F9F4
:1080F00068462968FFF79AF92046DDE90023C4E9BC
:10810000002307B030BD00BF382C00242DE9F0411A
:108110000E4D86B006460F4604A829689046FFF724
:1081200035F92B68DDE904019B6BC41A02A861EBE9
:10813000E375A219CDE9007845F10003FFF7C6FF0A
:108140000298001B06B0BDE8F08100BF382C002467
:1081500010B5054C236813B9FEF75EFC206020685B
:10816000BDE81040FEF7D9BE482C002413B5074CDB
:1081700001212046FFF740FC034628B900902288E1
:1081800003490448FFF7B4FE02B010BD3C2C0024A4
:108190006D8D05082301048013B5094C012120468B
:1081A000FFF733FC4FF6FF73984206D10023228875
:1081B000044905480093FFF79BFE02B010BD00BFC5
:1081C0003C2C00248F8D050824010480034B188863
:1081D00080B2B0FA80F04009704700BF3C2C002408
:1081E000F8B5FFF7EDFCFFF7B3FF06460F46FFF7C4
:1081F000EDFF0446A0B106F059FEFFF7A9FF0546C2
:108200008CB10F48D0E90043A21B63EB070752195A
:1082100047EB0101C0E90021BDE8F840FFF7E6BCEB
:1082200006F032FEE9E7074CD4E90020931B60EB2F
:1082300007005B1940EB0101C4E90031ECE700BF26
:10824000402C0024502C00246FF01C0070476FF06D
:1082500015007047012070470020704770470000EC
:10826000034B186818B14FF0FF31FBF7C3B97047E3
:1082700008320024024B186808B1FBF7D3B97047E5
:1082800008320024F8B515460C468F18054EBC423E
:1082900005D014F8011B304605F0BCF8F7E7284676
:1082A000F8BD00BF10B9002438B511F001048DB23B
:1082B00005D0084806F014FB041E18BF0124EB0685
:1082C00005D5044806F01CFB08B144F01004204614
:1082D00038BD00BF10B9002410B50C462AB10448BF
:1082E00005F064F82070012010BD1046FCE700BFC7
:1082F00010B9002438B5084B044615460360074BF7
:108300001B6833B90648FEF769FE2946044806F0A3
:108310004DFB204638BD00BFD88E0508B43100247F
:1083200010B900240020704700207047002307B5D3
:108330001A46024902480093FFF7DAFDAD8D0508A1
:1083400029010180074A084913681844884283BFFD
:10835000064B0C224FF0FF3010608CBF1A6018469D
:10836000704700BF2408002400FC07248CB90024B7
:10837000012070470120704700210AF0B9BD08B5FF
:10838000FCF798F808BD08B5FCF79CF808BD00009C
:1083900010B50446037803F00303012B08D0FFF760
:1083A0005FFF237803F00302012A03D1FFF762FF86
:1083B00000200AE02AB14FF4D46204490448FFF7D0
:1083C00007FB43F002032370012010BDD18D050887
:1083D000E38D050808B5037803F00302022A05D0EF
:1083E00040F2A96206490748FFF7F2FA23F00303B7
:1083F00043F001030370BDE80840FFF73BBF00BF37
:10840000D18D0508018E05083F2870B504462EDC85
:10841000184D55F820305A1C13D1022811DCFFF7F3
:1084200083FF034658B92046FFF77CFF034630B967
:10843000114E3378BFF35B8FDB0704D50F4B45F844
:108440002430184670BD3046FFF7A2FF0028F5D053
:108450004FF4E1320A490948FFF74CFF3046FFF775
:10846000B9FF084A08490548FFF782FFE6E70023FD
:10847000E7E700BF24070024582C0024042D002423
:10848000208F0508000000245D82040838B50546E9
:108490000024FFF7B9FF0B4B43F8254030B908F033
:1084A000D3FF092303604FF0FF3038BD03685B69D9
:1084B0009847051E04DA6D4208F0C6FF0560F2E732
:1084C0002046F2E724070024FFF7E0BF13B5CDE90B
:1084D0000021FFF799FFDDE9002140B908F0B4FF62
:1084E000092303604FF0FF34204602B010BD03683B
:1084F000DB689847041EF7DA644208F0A5FF0460C1
:10850000F0E713B5CDE90021FFF77EFFDDE900219B
:1085100040B908F099FF092303604FF0FF3420466B
:1085200002B010BD03689B689847041EF7DA6442E6
:1085300008F08AFF0460F0E710B5FFF765FF044616
:1085400028B908F081FF09230360204610BD0368A5
:10855000DB699847041EF8DA644208F075FF04608E
:108560000024F2E7402337B50546CDF80100684600
:108570008DF8003009F0F8F9044630B12846FFF7CD
:10858000DBFF10B12046FFF7F7FE204603B030BDF9
:108590002DE9F04F85B006460F469046FFF707FBE2
:1085A000054630B1002332462C492D480093FFF791
:1085B0009FFCFFF7F6FA0028F4D0B8F1000F09DAB3
:1085C00008F042FF162303604FF0FF34204605B049
:1085D000BDE8F08F3046FFF7AFFF044658B3214A9D
:1085E0002C46DFF884A04FF00D0B935D9146A84513
:1085F00021DD7A5D0A2A1BD10D2B039318D0AC42E2
:108600000CDA2A1B39193046FFF760FF0028039B5C
:10861000DADB0444A542D9DC09F8063001225146D0
:108620003046FFF753FF0028CEDBCFD009F806B065
:108630007B5D0135DBE7A045C8DDA8EB04023919F5
:108640003046FFF743FF0028BEDB24181FBF3F1949
:10865000044B17F8012C9A55B8E700BF388E05086F
:108660002F0101809C2C0024728E0508FFF764BF47
:108670007FB504460D461646FFF799FA30B1002340
:1086800022461D491D480093FFF732FCFFF789FA87
:108690000028F4D0002E06DA08F0D6FE1623036078
:1086A0004FF0FF3018E02046FFF746FFE8B1144EC8
:1086B00001220DF10F012046FFF723FF0028EFDB19
:1086C0000AD09DF80F300D2B08D1325D0A2A3355A0
:1086D000EED00A2301202B7004B070BD0A2B02D10A
:1086E000325D0D2AF3E73355F4E73246294620463A
:1086F000FFF707FFF0E700BF748E05082F01018028
:108700005C2C002413B5CDE90021FFF77DFEDDE9E7
:10871000002140B908F098FE092303604FF0FF34B0
:10872000204602B010BD03681B699847041EF7DAA3
:10873000644208F089FE0460F0E7FFF7E3BF10B57C
:10874000FFF762FE30B908F07FFE092303604FF0A7
:10875000FF3010BD03689B699847041E04DA644229
:1087600008F072FE0460F2E70020F2E70A4D0446CA
:1087700008B52B68986808F0B5FF2B68D86808F032
:10878000B1FF0120FFF7DBFF0220FFF7D8FF0CB19C
:10879000FFF762F9FEE700BF4408002408B5FFF7C1
:1087A000E5FF38B50D46FFF72FFE044630B908F057
:1087B0004BFE092303604FF0FF3038BD0368DB69CF
:1087C00098470028204614BF4FF400534FF400434D
:1087D0006B6023689B6A984728610020EDE7FFF7EC
:1087E000E0BF000008B5037803F00302022A05D0B9
:1087F00040F2B26205490648FFF7EAF823F00203A7
:108800000370BDE80840FFF735BD00BFD18D0508F6
:10881000018E0508084B724613B5014604461868D8
:10882000FFF736F8034628B900902246034904486A
:10883000FFF75EFB02B010BD44080024B08E0508AF
:108840001F010180FFF7E6BF044B7246014618681E
:1088500000B55DF804EBFFF71BB800BF4408002427
:10886000FFF7F2BF044B72460146186800B55DF889
:1088700004EBFFF761B800BF44080024044B7246C4
:108880000146186800B55DF804EBFFF755B800BF66
:108890004408002410B504460421FFF7EFFF2046EA
:1088A00010BDFFF7DFBF000010B504460B48FBF713
:1088B000F9FF00F0A9F90A4A4023002152F8040BFD
:1088C000A04208BF42F8041C013BF7D10348FBF764
:1088D000E9FFBDE8104000F0B5B900BFDC2C002472
:1088E0002407002410B512480324FBF7DBFF00F037
:1088F0008BF9104B53F824207AB10134402CF9D174
:1089000008F0A2FD18234FF0FF3403600848FBF77E
:10891000C9FF00F097F9204610BD4FF0FF32044820
:1089200043F82420FBF7BEFF00F08CF9F3E700BF0B
:10893000DC2C00242407002410B50446FFF7D2FFE6
:10894000002807DB044B054A43F82040002313545A
:10895000034A135410BD00BF240700245C2C0024DC
:108960009C2C002473B506460191FFF7E5FF051E18
:1089700013DB0199FFF7F6FD044630B9084B53F8B5
:108980002520964204D143F82500204602B070BD50
:1089900008F05AFD09230360F7E70024F5E700BF5C
:1089A000240700240EB42DE9F04187B00190FFF7B1
:1089B00099FF041E13DB0023019904A8214E0393A1
:1089C000FEF7D8FB04A8FEF725FC054668B908F0B9
:1089D0003BFD1323036046F824504FF0FF3420463C
:1089E00007B0BDE8F04103B0704704A8FEF700FCF3
:1089F000074604A85FB1FEF704FC0390039B124AEC
:108A000046F8243000231355104A1355E7E7FEF7C4
:108A1000E6FB05460028DAD0036804A8D3F80880EE
:108A2000FEF7D2FB0D9B024603A92846C047054628
:108A30000028E3D06D4208F007FD056046F8247079
:108A4000CBE700BF240700245C2C00249C2C0024CE
:108A500070B50E46154905460AF0A6FB044618B93E
:108A6000FFF7D2FC204670BD114928460AF09CFB56
:108A700020B901200124FFF7C7FCF3E70D49284680
:108A80000AF092FB20B902200224FFF7BDFCE9E7BF
:108A90002B78402B02D1D5F80140E3E726F4803152
:108AA0002846BDE87040FFF77DBF00BF408F050836
:108AB000478F0508388F050810B5044620B9902265
:108AC00010491148FEF784FF4C22002104300AF0BF
:108AD00007F94FF204134FF000614FF0105223607A
:108AE0004FF4002321634FF4001123626362074BAC
:108AF0002261216462611B68636002232372044B5C
:108B0000E36010BD698F0508768F050800ED00E071
:108B100058600100034B596A5A6A521A8242FBD3C9
:108B2000704700BF000C00401FB500230446CDE98C
:108B30000013031D6846029310230393F9F7D8FD31
:108B4000206020B9352203490348FEF741FF04B0F5
:108B500010BD00BF9A8F0508A98F050810B50446FF
:108B60000249FFF7E1FF204610BD00BFAD8F0508A9
:108B70000068F9F7D5BD10B504460068F9F728FE7E
:108B8000204610BD10B49DF804400CB942F002021A
:108B900000685DF8044BF9F7F1BD07B50093134683
:108BA0000022FFF7EFFF03B05DF804FBFFF7F5BF0E
:108BB0001FB50023044603620C4B002908BF194669
:108BC000031D684602931C23009103930B2301931A
:108BD000FAF7F8FC206038B9FFF784F920B93D2294
:108BE00003490448FEF7F4FE04B010BDCD8F05081C
:108BF000FD8F05080790050810B504460021FFF712
:108C0000D7FF204610BD000037B504464FF0FF31B6
:108C10000068FAF7EFFC054620B9236A01332362A6
:108C200003B030BDFFF75EF903460028F8D12A46AD
:108C3000024903480093FFF75BF900BF2B9005083A
:108C400015010280036A013B13B503620068FAF75D
:108C5000E9FC044648B1FFF745F9034628B90090FE
:108C6000224603490348FFF743F902B010BD00BF95
:108C70003D9005081701028010B504460068FAF718
:108C8000E9FC204610BD00001FB504460023104635
:108C90006A46CDE90033231D029310230393FAF7AC
:108CA00007FE206020B9372202490348FEF790FEF4
:108CB00004B010BD679005087590050810B504460E
:108CC0004FF6FF72FFF7E0FF204610BD13B50068B6
:108CD0000C46FAF705FE024670B1C11C4FF00000C9
:108CE00006D15CB10090002305490648FFF700F962
:108CF000931CF7D102B010BD0120FBE72046F9E735
:108D000084900508140102800068FAF711BE10B5BE
:108D100004460068FAF73AFE204610BD08B538B19F
:108D2000F9F792FB20B1E32202490348FEF750FE17
:108D300008BD00BFB390050847910508FFF7EEBFD7
:108D4000FBF7C2BA2DE9F047DDE90857994604461A
:108D50006B07884692464FF0000118BF25F00706C2
:108D60004FF0440200F178000CBF2E46083609F09F
:108D7000B7FFB5FA85F300214D4420225B0904F1C9
:108D80001C006161AD1B84F83C3084F83D1025F077
:108D9000070509F0A5FF064BC4F830A0002F08BF57
:108DA0001F46E562A662A761C4F83480BDE8F0877B
:108DB0005691050813B5049CCDE9003413460A46C4
:108DC0000021FFF7BFFF02B010BD70B500F15405E0
:108DD00004462846FFF718FF04F140006669FFF7D4
:108DE00093FF0023636194F83D302BB100242846A3
:108DF000FFF728FF204670BD012384F83D30002E88
:108E0000F4D03046FBF776FA0446F0E70D4B10B588
:108E100004460360FFF7D9FF94F83C302BB1A06AF9
:108E200008B1FFF73EFD0023A36204F15400FFF7F1
:108E300023FF04F14000FFF76AFF201DF7F72FFB27
:108E4000204610BD7C91050810B50446FFF7DEFFF3
:108E5000BC212046FFF712FD204610BD70B500F181
:108E6000540504460E462846FFF7CEFE636913B943
:108E700094F83D302BB12846FFF7E4FE6FF0030075
:108E800070BDA36A53B100232349E26AB3EB920F8A
:108E900018D2A26A42F823100133F6E7E06A1F4BAA
:108EA0001F49984294BF20F003004FF0FF30FFF7B6
:108EB000D7FCA0620028E6D12846FFF7C3FE6FF07A
:108EC0000400DDE744233146201D636204F178038A
:108ED0002362F8F79BFE04F1180221461148FBF7C4
:108EE000C7F9606190B994F83C302BB1A06A08B121
:108EF000FFF7D7FC0023A3622846FFF7A3FE04F187
:108F00004000FFF701FF6FF00200B9E72846FFF7C6
:108F100099FE0020B4E700BFA52E5AE2FBFFFF7FB9
:108F2000C49A0508298F040810B504460430FBF7DD
:108F300070FC04F15400FFF767FE002304F14000C9
:108F40006361012384F83D30BDE81040FFF7DCBECB
:108F500008B51420FFF776FC4FF6FF71831E00F171
:108F6000120223F8021F9342FBD1014B186008BD87
:108F7000102D00247047000010B5032000F0AEF85B
:108F800001F0D8FA0F49104A8B69C3F30323D35C6D
:108F900003F01F03D8408B6903F00F03D35C0B4A27
:108FA00003F01F0320FA03F31360094B18600F202E
:108FB00004F056FF044618B9FFF7DCFF204610BD49
:108FC0000124FBE700440258D2910508340800242C
:108FD0003008002438B5044604F048FF0546631CF9
:108FE0001EBF044B1B78E41804F040FF431BA34250
:108FF000FAD338BD28080024014B1868000C7047CC
:109000000010005C014B1868704700BF00E8F11FBA
:10901000014B1868704700BF04E8F11F014B186846
:10902000704700BF08E8F11F024A136A43F00103CA
:10903000136270470004005830B5CC030DD54309C6
:1090400000F01F05012403F1B063AC4008331B019D
:109050001D68A2B925EA04041C608B030ED500F03C
:109060001F014009012300018B4000F1B04042B9CB
:10907000D0F8842022EA0303C0F8843030BD2C43AA
:10908000EAE7D0F884201343F6E730B5CC030DD5DA
:10909000430900F01F05012403F1B063AC400C3319
:1090A0001B011D68A2B925EA04041C608B030ED5C0
:1090B00000F01F014009012300018B4000F1B04086
:1090C00042B9D0F8C42022EA0303C0F8C43030BD4E
:1090D0002C43EAE7D0F8C4201343F6E7074903021C
:1090E000CA6803F4E06322F4E0621204120C134332
:1090F00043F0BF6343F40033CB60704700ED00E002
:10910000044B1B68C3F30313072B0CBF0320012080
:10911000704700BF00ED00E02DE9F74F0023DFF8B6
:10912000BC81DFF8BCC14FF0B0490A6832FA03F4E1
:1091300002D103B0BDE8F08F01279F403A4000F014
:10914000B6804C684FEA430E032524F0100A05FA56
:109150000EF50AF1FF36ED43012E10D8866806EAB7
:10916000050BCE6806FA0EF646EA0B0686604668E0
:1091700026EA0707C4F300169E4037434760C768D6
:10918000BAF1020F8E6807EA050706FA0EF646EAFC
:109190000706C66014D14FEAD30A03F0070B0F2766
:1091A00000EB8A0A4FEA8B0BDAF8206007FA0BF71C
:1091B00026EA07070E6906FA0BF63E43CAF8206056
:1091C0000668354004F0030606FA0EFE4EEA050571
:1091D0000560E5006BD5D8F8F45023F0030603F0E2
:1091E00003074FF00F0E45F0020506F1B046BF0031
:1091F000C8F8F45006F58066D8F8F45005F002057A
:109200000195019D0EFA07F5D6F808A02AEA050E89
:10921000314DA8424DD005F58065A8424BD005F5EB
:109220008065A84249D005F58065A84247D005F57C
:109230008065A84245D005F58065A84243D005F574
:109240008065A84241D005F58065A8423FD005F56C
:109250008065A8423DD005F58065A8420CBF092570
:109260000A25BD40E70345EA0E05B5606FEA020630
:10927000DCF8005054BF35401543A703CCF800502C
:10928000DCF8045054BF35401543E7024FF0B047B7
:10929000CCF80450D9F8005054BF35401543A4020F
:1092A0003D607D6854BF35401543C9F80450013313
:1092B0003BE70025D5E70125D3E70225D1E70325C4
:1092C000CFE70425CDE70525CBE70625C9E7072528
:1092D000C7E70825C5E700BF000002580044025850
:1092E000800000587047000008B5054BD8681A6820
:1092F00022EA00021A605860FFF7F4FF08BD00BFC1
:10930000006502580A4B44F620621B68B3FBF2F278
:109310004FF47A7353430268002010B5013B146880
:1093200008BF032031EA040401D0002BF6D110BDA0
:109330003008002470470000F8B50446002858D0D3
:1093400090F8363003F0FF021BB980F83520FFF7A4
:10935000F1FF656802232268012D84F83630A66A81
:10936000D06802D0B6F5000F01D120F01E004FF6F4
:10937000FF736169204F994245EA06031CBF20F440
:10938000604020F0C0000740A0680343206A034308
:10939000606A03433B4305BBE069256928430343F7
:1093A000B6F5000F1BD04FF6FF70814204D0A069C4
:1093B0000143E06901430B43D360104B9A4203D051
:1093C00003F1C0539A420FD1D4E90B310B435362DE
:1093D0000123002084F83630F8BD012DE0D1D4E916
:1093E000030528430343DEE7054B9A42F0D1E36AC5
:1093F000EDE70120F0E700BFFEF119FF0024004077
:1094000000280058022310B580F836300446D0E911
:109410000032012A07D0826AB2F5000F03D1DA6860
:1094200022F46062DA601A69204642F001021A6191
:1094300010225A6099611146FFF764FF032808D093
:1094400022680020136943F004031361012384F8A8
:10945000363010BD7047F0B504468BB060B390F85D
:10946000BD33056803F0FF021BB980F8BC23FFF78A
:10947000F1FF03236E46271D84F8BD33EB6B2546B1
:1094800013F4807355F8100B08BF236102F028FF16
:109490000FCD0FC60FCD0FC695E80300254686E811
:1094A000030097E80E0055F8100B02F059FE06462F
:1094B00020B1022384F8BD33012552E00146206823
:1094C00002F014FF3046D4F804C01C264FF0010E01
:1094D0000146C2B2013094451BD800231C26194610
:1094E000D8B20133844522D86E460FCD0FC60FCDBA
:1094F0000FC695E8030086E8030097E80E00206891
:1095000002F036FF01230546F0B1022284F8BD23A4
:10951000D2E706FB024383F83DE083F83C20A3F842
:10952000422083F83F101965C3E91111D1E706FB0A
:10953000004282F8FD1182F8FC0182F8FF11C2F8A6
:109540001012C2E98111CBE784F8380084F8BD33EA
:10955000636A012B02D1204600F0A4FC206803F0CE
:109560008CFA28460BB0F0BD704738B5044610B9E8
:109570000125284638BD032380F8BD33006803F079
:109580003EFA05460028F3D12046FFF7EDFF84F8A8
:10959000BD53EEE710B50446006894F8BC33012BC8
:1095A00015D0012384F8BC33A36A012B06D1A3692B
:1095B000012B03D0836B43F48033836302F08AFE74
:1095C000206803F04CFA002084F8BC0310BD022090
:1095D000FCE738B590F8BC330446012B1BD00123BF
:1095E000056880F8BC33284602F07AFE206803F054
:1095F00044FA1021206802F091FEA36A012B06D1E3
:10960000A369012B03D0AB6B23F48033AB63002041
:1096100084F8BC0338BD0220FCE7704770470000A7
:109620002DE9F04F066887B00446304603F062FA31
:109630000290002840F03C81206803F02CFA0028BA
:1096400000F03681206803F026FA820704D52268EC
:10965000536903F002035361206803F01CFAC30648
:109660002AD52268936923F010039361376AC7F300
:10967000434307F00F05022B40F01D8147F6F073BE
:109680001F4214D01C23C7F30A18304603FB0545BC
:109690004246D5F8081203F03BF9D5F80822D5F870
:1096A000143242444344C5F80822C5F814322268F3
:1096B000936943F010039361206803F0ECF907030A
:1096C00000F10D81206803F0E6F945030CD525462D
:1096D00006F510694FF00008206803F0E8F90390E0
:1096E000039B002B40F0A481206803F0D4F90028EC
:1096F00015DAD6F8043823F00103C6F8043894F8D4
:10970000F433012B40F025820021204684F8F41325
:1097100000F0DBFB2268536903F0004353612068CB
:1097200003F0B9F900050BD5D6F80838D90702D5EA
:10973000204604F089F92268536903F400635361F9
:10974000206803F0A8F9020114D523685A6902F0D1
:1097500000625A6194F8F423002A40F0FE8101214E
:10976000204684F8F4135B6DC3F38303C4F8F83325
:1097700000F0ABFB206803F08EF9C30436D5D6F8B1
:1097800004381021206806F5006523F001036B60A2
:1097900002F0C4FD06F510634FF67F31626802984F
:1097A000824200F2DE81EB6943F00113EB61236B2F
:1097B000002B00F0F681D5F8843043F00B03C5F898
:1097C00084306B6C43F00B036B64D6F8003804F5FF
:1097D0007172217C23F4FE632068C6F8003803F020
:1097E0009DF92268536903F480535361206803F0A4
:1097F00052F9870416D5206803F080F9206802F03A
:109800006DFE2568E06001F05BF8227B014628468A
:1098100002F0F0FC204604F026F92268536903F4B4
:1098200000535361206803F036F9060707D5204638
:1098300004F0C6F82268536903F0080353612068F6
:1098400003F029F9C50208D500212046FFF7E6FEFE
:109850002268536903F480135361206803F01BF9F5
:10986000800208D500212046FFF7D7FE2268536901
:1098700003F400135361206803F00DF9410007D58C
:10988000204603F04DFE2268536903F08043536184
:10989000206803F000F942070AD523685D686B076A
:1098A00002D5204604F0DEF8226853682B4353604B
:1098B00007B0BDE8F08F062B7FF4F9AE082204F55F
:1098C00071713046C7F30A1703F022F81C2303FB1B
:1098D0000545D5F814321F44C5F81472E7E606F5BD
:1098E000306704F5017A0025DFF8D0B2206803F074
:1098F000D6F80390039B002B3FF4E4AE039BD807FC
:1099000056D55FFA85F92068494603F0D8F810F07B
:10991000010F80461AD020680122216900F5306CC1
:10992000BA600129036C0CEB451CDCF8082066D1F9
:10993000110706D55B4509D9100407D54FF400433C
:1099400002E091063CD52023CCF8083018F0080F2F
:109950001ED023680822BA601A6C03F530635A459A
:1099600003EB4513996804D9090402D54FF400416B
:1099700099602046049204F061F8049A5A4507D988
:109980002169012904D104F57172206803F0C6F839
:1099900018F0100F01D01023BB6018F0200F01D079
:1099A0002023BB6018F4005F02D04FF40053BB606B
:1099B000039B013520370AF11C0A5B08039399E7E2
:1099C00012F0280FC2D15B4501D91204B6D4DCF8DD
:1099D0001020DAF80010C2F312028A1ACAF8102016
:1099E000DAF804201144CAF8041095B9D4F810220A
:1099F0007AB904F57172012103F090F809E06E491B
:109A00008B420BD1130499D4900602D52022CCF8B6
:109A100008204946204603F0E2FF97E7002DF8D1E1
:109A2000D4F81022002AF4D104F571722946E3E734
:109A3000039BDA0740F184805FFA88FB206859466F
:109A400003F046F8C307074621D5012008F00F02AE
:109A5000D6F8343800FA02F2216923EA020381427F
:109A6000C6F83438C9F808000DD1D5E911231344DC
:109A7000AB64B8F1000F06D1236D23B904F5717200
:109A8000206803F04BF85946204603F0BEFF380724
:109A900002D50823C9F80830F90602D51023C9F801
:109AA00008307A0602D54023C9F80830BB0702D532
:109AB0000223C9F808303F0642D5D5E914329A424C
:109AC0003ED89B1A6A6CD4F800A0934228BF134674
:109AD00003339B0804930AF5106303EB48130593C3
:109AE000059B04999A6992B28A42D5E9147325D3E9
:109AF0009F4200D95FB908F00F020121DAF834382B
:109B000001FA02F223EA0203CAF8343818E0FF1A15
:109B10006B6C5A4650469F4228BF1F46FB1C9B0851
:109B20000493237C0093BBB2A96C02F0F1FDAB6CF3
:109B30003B44AB646B6D1F446F65D1E79F42DAD93C
:109B4000039B08F101081C3509F120095B08039308
:109B5000C6E5204603F07FFFDCE5204603F074FFF6
:109B600008E69960203353F8202C22F4001243F8C1
:109B7000202C53F8202C42F0006243F8202CC3F82C
:109B8000E811D3F8E02122F40012C3F8E021D3F861
:109B9000E02142F00062C3F8E021029A0132029211
:109BA000FCE56B6943F4005343F02B036B612B69B5
:109BB00043F00B032B6108E60A31544F0A30544F2F
:109BC00010B590F8BC230446012A0BD0012280F87E
:109BD000381080F8BC23006802F031FF002084F8C0
:109BE000BC0310BD0220FCE770B501F00F0611F0B8
:109BF000800F05464FF01C00C6EBC6044FEA8404F4
:109C00001FD004F13C0100FB06500124294480F8D8
:109C10003D408A604A780E70CB7002B1CE80022B34
:109C200004BF00230B7195F8BC33012B12D0012324
:109C3000286885F8BC3302F05CFC002085F8BC0382
:109C400070BD04F5FE7100FB06500024294480F825
:109C5000FD41DEE70220F3E710B5044601F00F00F6
:109C600011F0800F4FF01C02C0EBC0034FEA8303DA
:109C700016D003F13C0102FB00420123214482F88B
:109C80003D30087094F8BC33012B12D001232068BA
:109C900084F8BC3302F06CFC002084F8BC0310BDD7
:109CA00003F5FE7102FB00420023214482F8FD31DE
:109CB000E7E70220F3E738B501F00F051C2404FBA9
:109CC000050104FB050401F5FE71C4F81032002300
:109CD000C4F80822C4F8143284F8FD3184F8FC5129
:109CE00003690068012B08BFC4F80C22DAB21DB961
:109CF00002F094FC002038BD02F01EFDFAE701F0EE
:109D00000F011C2303FB0100D0F81402704738B583
:109D100001F00F051C2404FB050104FB05043C3184
:109D200023650023A2646365012384F83C5084F812
:109D30003D3003690068012B08BFE264DAB21DB947
:109D400002F06CFC002038BD02F0F6FCFAE738B5F2
:109D500001F00F05436804469D422CD811F0800F96
:109D60004FF01C001ED000FB0541012300FB054203
:109D70003C3182F83D3001230D708B7094F8BC2388
:109D80009A421AD0206884F8BC3302F0E4FD2DB961
:109D900004F57172217C206802F0C0FE002084F876
:109DA000BC0338BD00FB01431A4603F5FE710023D6
:109DB00082F8FD31DFE70120F3E70220F1E738B553
:109DC00001F00F02436804469A422AD8C2EBC2034C
:109DD00011F0800F4FF01C004FEA830318D003F1FD
:109DE0003C0100FB02400123214480F83D30002566
:109DF0000A708D7094F8BC33012B14D001232068B5
:109E000084F8BC3302F0D2FD284684F8BC5338BD38
:109E100003F5FE7100FB02400023214480F8FD3170
:109E2000E5E70120F3E70220F1E710B590F8BC3335
:109E30000446012B10D0012380F8BC330B060068C8
:109E400007D501F00F0102F069FA002084F8BC0385
:109E500010BD02F075FAF8E70220F9E70068120475
:109E600070B5446A19B922438262002070BD836ACA
:109E70004D1E04EB134400235E1CDBB29D4205D84B
:109E80003F31224300EB81004260EEE7403300EBBC
:109E900083035B6804EB13443346EDE7036800205B
:109EA0005962704702680021012380F8F413C0F85A
:109EB000FC330846936943F000639361536D43F0AC
:109EC000805343F00303536570477047024A136899
:109ED00043F480731360704700480258054A012913
:109EE000136923F00403136101D130BF704720BF11
:109EF000704700BF00ED00E070B51C4D0446EB68F4
:109F000003F00703062B06D0E86800F03F00001BB3
:109F100018BF012070BDEB6823F03F030343EB60E3
:109F200003F0A4FF06466B689A0408D5A4F11D034C
:109F3000012B0CD92D3C012C09D90020EAE703F0B4
:109F400095FF801BB0F57A7FEDD90120E2E703F0A1
:109F50008DFF064D0446EB68DB03EED403F086FF6D
:109F6000001BB0F57A7FF6D9EFE700BF0048025832
:109F700038B51E4C0D46236823F0010318432060BA
:109F8000C2B9FFF7BDF8032813D1236923F00103F9
:109F90002361174B1A6942F004021A61BFF34F8F15
:109FA000BFF36F8F012D10D130BF1A6922F0040268
:109FB0001A6138BD012A0AD1FFF7A2F80128F8D1A9
:109FC000636923F002036361E3E720BFEDE7FFF776
:109FD00097F8032804D1236923F004032361E8E7F9
:109FE000636923F004036361E3E700BF004802589C
:109FF00000ED00E0024AD36843F08073D3607047FD
:10A0000000480258F8B50446002874D00368D80701
:10A010005ED42368990700F1B0802368DA0627D55B
:10A02000AA4B1A69996A02F03802082A07D0182A3E
:10A0300040F00E8101F00302012A40F009811B6803
:10A04000DB0502D5E369802B55D1FEF7D5FF41F240
:10A050000303216A98429D4B00F2F3805A6820293D
:10A0600022F0F8420CBF42F0804242EA81625A601C
:10A070002368190700F12E8123689A0600F14F81A9
:10A0800023685D071ED5924D2B6843F480732B60C7
:10A0900003F0ECFE06462B68DA0540F16581A36803
:10A0A0008A4D012B40F067812B6F43F001032B6732
:10A0B00041F2883703F0DAFE844E0546336F9B0782
:10A0C00040F17F81616A002940F0828100202AE00E
:10A0D0007E4B1A69996A02F03802102A05D0182AB4
:10A0E0000BD101F00302022A07D11B689A0390D515
:10A0F0006368002B8DD1012015E06268B2F5803FC6
:10A1000012D11A6842F480321A6003F0AFFE6F4E2B
:10A11000054633689B033FF57CAF03F0A7FE401B69
:10A120006428F6D90320F8BD684D2B689AB923F44A
:10A1300080332B602B6823F480232B6003F096FE82
:10A1400006462B689F037FF564AF03F08FFE801BEC
:10A150006428F6D9E6E7B2F5A02F07D143F48023AF
:10A160002B602B6843F480332B60CEE723F48033DD
:10A170002B602B6823F48023F6E7544B1A69996A05
:10A1800012F0380203D0182A1FD18E071DD11B6888
:10A190005D0702D5E368002BADD0FEF72DFF41F23D
:10A1A000030321699842494B5A6809D822F47C324A
:10A1B00040290CBF42F4003242EA01325A602CE7D7
:10A1C00022F0FE4242EA0162F8E7E1681A6839B318
:10A1D00022F019023D4D0A431A6003F047FE06467D
:10A1E0002B68580711D5FEF707FF41F203032269D8
:10A1F00098426B680FD823F47C33402A0CBF43F499
:10A20000003343EA02336B6007E703F02FFE801B45
:10A210000228E5D986E723F0FE4343EA0263F2E72A
:10A2200022F00102294E1A6003F020FE0546336831
:10A2300059077FF5F2AE03F019FE401B0228F6D94C
:10A2400070E7DA6822F07C5242EA0162DA600FE7D6
:10A25000E2694AB31A681D4D42F080021A6003F0A9
:10A2600005FE06462B68DF0511D5FEF7C5FE41F257
:10A270000303226A984210D86B68202A23F0F8431F
:10A280000CBF43F0804343EA82636B60F0E603F067
:10A29000EDFD801B0228E5D944E7EB6823F07C53F1
:10A2A00043EA0263EB60E3E61A68084E22F080029C
:10A2B0001A6003F0DBFD05463368D8057FF5D8AE9C
:10A2C00003F0D4FD401B0228F6D92BE700440258C6
:10A2D000004802586369964D83B16B6F43F00103E8
:10A2E0006B6703F0C3FD06466B6F9B073FF5C4AE7B
:10A2F00003F0BCFD801B0228F6D913E76B6F23F037
:10A3000001036B6703F0B2FD06466B6F9F077FF595
:10A31000B3AE03F0ABFD801B0228F6D902E7A369B8
:10A32000834D83B12B6843F480532B6003F09EFD73
:10A3300006462B6898043FF5A3AE03F097FD801BFB
:10A340000228F6D9EEE62B6823F480532B6003F045
:10A350008DFD06462B6899047FF592AE03F086FDCD
:10A36000801B0228F6D9DDE603F080FD801B6428FF
:10A370007FF691AED6E6B3B92B6F41F2883723F062
:10A3800001032B672B6F23F004032B6703F06EFD93
:10A3900006462B6F98077FF595AE03F067FD801B8F
:10A3A000B842F6D9BEE6052B2B6F03D143F0040368
:10A3B0002B6779E623F001032B672B6F23F004034F
:10A3C00075E603F053FD401BB8427FF677AEA9E671
:10A3D000574D2B6903F03803182B7AD02B680229CC
:10A3E00023F080732B6067D103F040FD06462B6895
:10A3F00099015BD4AB6AA26A23F47C7323F0030354
:10A400001343E26A43EA0213AB62636BA26B013B44
:10A41000013A5B0212049BB202F4FE021343226B68
:10A42000013AC2F308021343E26B013A120602F04A
:10A43000FE4213432B63EB6A23F00103EB626B6B69
:10A44000A26C23F47F4323F0F80343EAC2036B6357
:10A45000EB6A226C23F00C031343EB62EB6A626C31
:10A4600023F002031343EB62EB6A43F48033EB62A5
:10A47000EB6A43F40033EB62EB6A43F48023EB6254
:10A48000EB6A43F00103EB622B6843F080732B60AF
:10A4900003F0ECFC264D04462B689A013FF516AEFE
:10A4A00003F0E4FC001B0228F6D93BE603F0DEFCD7
:10A4B000801B02289BD935E603F0D8FC04462B68A4
:10A4C0009B017FF503AE03F0D1FC001B0228F6D9F7
:10A4D00028E60129AA6A2B6B3FF40DAE02F00301B6
:10A4E000A06A81427FF407AEC2F30512E16A8A4294
:10A4F0007FF401AE226BC3F30801013A91427FF46D
:10A50000FAAD626BC3F34621013A91427FF4F3AD99
:10A51000A26BC3F30641013A91427FF4ECADE26BCA
:10A52000C3F30663013A93423FF4D0ADE3E500BFC5
:10A5300000440258484B1A6902F03802102A30B51C
:10A5400000F08680182A0CD0002A40F083801A6818
:10A55000424812F0200F03D01B68C3F3C103D84058
:10A5600030BD996A9D6ADA6A15F47C7FC5F30510DF
:10A570005C6BF5D0C4F3CC0402F0010207EE900A44
:10A5800001F003016243B7EE006AF8EEE76A0129C1
:10A5900007EE902AFAEEE97A4CD002293CD0002945
:10A5A00048D11A68920627D519682C4AC1F3C1010F
:10A5B0001B6BCA40C3F3080307EE102AF8EEC75A14
:10A5C00085EEA67A06EE903AF8EEE66A76EEA77A7F
:10A5D00077EE867A204B67EE877A1B6BC3F34623B0
:10A5E000013307EE103AF8EEC76A87EEA67AFCEE62
:10A5F000C77A17EE900AB3E71B6BC3F3080307EEA5
:10A60000103AB8EEC77A77EE277A77EE867A9FED22
:10A61000146A86EE267ADDE71B6BC3F3080307EEA8
:10A62000103AB8EEC77A77EE277A77EE867A9FED02
:10A630000D6AEEE71B6BC3F3080307EE103AB8EEA2
:10A64000C77A77EE277A77EE867A9FED076AE0E79A
:10A65000064885E7064883E7004402580090D00387
:10A660000024744C0024744B0024744A0024F40029
:10A6700000093D002DE9F0410D46044610B90120C6
:10A68000BDE8F081884A136803F00F038B42C0F0E5
:10A69000938023685F0700F19B801E070BD58349D9
:10A6A0006669C86900F07000864204D9CA6922F060
:10A6B00070023243CA61D8060BD57C49A669C869C5
:10A6C00000F4E060864204D9CA6922F4E0623243B1
:10A6D000CA6199060BD57549E669086A00F07000F1
:10A6E000864204D90A6A22F0700232430A629A074B
:10A6F0000BD56E49E668886900F00F00864204D9E0
:10A700008A6922F00F0232438A61DF076ED4236820
:10A710009E0700F1A18064490A6802F00F02AA4274
:10A7200000F2A880580700F1B18019070BD55F49E6
:10A730006569C86900F07000854204D2CA6922F0D8
:10A7400070022A43CA61DA060BD55849A569C8695F
:10A7500000F4E060854204D2CA6922F4E0622A4330
:10A76000CA619B060BD5514AE069116A01F070017C
:10A77000884204D2136A23F0700303431362FFF785
:10A78000D9FE4A494A4A8B69C3F30323D35C03F0D9
:10A790001F03D8408B6903F00F03D35C454A03F0D5
:10A7A0001F0320FA03F31360434B1860434BBDE8CB
:10A7B000F041186803F054BB136823F00F030B43F8
:10A7C0001360136803F00F038B427FF458AF60E708
:10A7D00036492669886900F0700086427FF65DAFD1
:10A7E0008A6922F0700232438A6156E72F4BA168D2
:10A7F0009A6922F470620A439A6162681B68022AAD
:10A800001DD113F4003F3FF43AAF284E41F288388F
:10A81000336923F007031343336103F027FB074633
:10A820003369626803F03803B3EBC20F3FF46FAFD4
:10A8300003F01CFBC01B4045F2D9032020E7032A8C
:10A8400002D113F0007FDEE7012A02D113F4807FEA
:10A85000D9E713F0040FD6E71449E668886900F0D9
:10A860000F008642BFF457AF8A6922F00F023243CD
:10A870008A6150E70A6822F00F022A430A600A68D8
:10A8800002F00F02AA427FF4FAAE4BE707492569AE
:10A89000886900F070008542BFF447AF8A6922F0F2
:10A8A00070022A438A6140E70020005200440258A7
:10A8B000D291050834080024300800242C08002414
:10A8C00010B50C4CFFF736FE0B49A369C3F3032305
:10A8D000CA5CA36902F01F0203F00F0320FA02F220
:10A8E000CB5C03F01F0322FA03F0044B1860044B07
:10A8F0001A6010BD00440258D291050834080024A3
:10A900003008002408B5FFF7DBFF054B054ADB697B
:10A91000C3F30213D35C03F01F03D84008BD00BF8C
:10A9200000440258D291050808B5FFF7C9FF054B4E
:10A93000054ADB69C3F30223D35C03F01F03D8404D
:10A9400008BD00BF00440258D291050838B53F2326
:10A95000044603603A4B1A68510360D54FF4A022B5
:10A9600062601B68364D03F08003E361FEF744FB31
:10A9700041F20303984259D86B68C3F3846323629E
:10A980002B6803F00103E360FEF736FB41F203039B
:10A9900098426B6894BFC3F30533C3F30663236126
:10A9A000274B1A6F520745D50522A2605A6F02F055
:10A9B000010262611A68C2F30032A2611B6813F0DF
:10A9C000807F14BF0223012363621D4B9A6A02F049
:10A9D0000302A2629A6AC2F30512E2621A6BC2F320
:10A9E0000802013222631A6BC2F306620132E2638B
:10A9F0001A6BC2F34622013262631A6BC2F306423B
:10AA00000132A263DA6A02F00C022264DA6AC2F34B
:10AA1000400262645B6BC3F3CC03A36438BD1A6865
:10AA200012F4803218BF4FF4803299E7EB68C3F319
:10AA30000563A4E71A6F12F0010218BF0122B4E700
:10AA4000004402583F230360114B1A6902F00702C9
:10AA500042609A6902F4706282609A6902F00F02A1
:10AA6000C2609A6902F070020261DA6902F0700253
:10AA70004261DA6902F4E06282611B6A03F07003EA
:10AA8000C361044B1B6803F00F030B60704700BFEA
:10AA90000044025800200052F8B53A4C06460D46D4
:10AAA000A36A03F00303032B69D0236823F08063B8
:10AAB000236003F0DBF9074623681A014BD4A36A2D
:10AAC000326823F47C3343EA0233A362B368F2684A
:10AAD000013B013A5B0212049BB202F4FE021343F3
:10AAE0007268013AC2F3080213433269013A12064E
:10AAF00002F0FE421343A363E36A726923F0C003CA
:10AB00001343E362E36AB26923F020031343E36271
:10AB1000E36A23F01003E362E36BF26923F47F43FB
:10AB200023F0F80343EAC203E363E36A43F010034C
:10AB3000E362E36AB5B943F40023E362114C23688E
:10AB400043F08063236003F091F9054623681B01FD
:10AB50000FD5002005E003F089F9C01B0228ABD90E
:10AB60000320F8BD012D0CBF43F4801343F4001300
:10AB7000E3E703F07BF9401B0228E7D9F0E7012067
:10AB8000EFE700BF00440258F8B53A4C06460D46C0
:10AB9000A36A03F00303032B69D0236823F08053D7
:10ABA000236003F063F9074623689A004BD4A36A35
:10ABB000326823F07C7343EA0253A362B368F268FD
:10ABC000013B013A5B0212049BB202F4FE02134302
:10ABD0007268013AC2F3080213433269013A12065D
:10ABE00002F0FE4213432364E36A726923F4406374
:10ABF0001343E362E36AB26923F400731343E3622D
:10AC0000E36A23F48073E362636CF26923F47F43A5
:10AC100023F0F80343EAC2036364E36A43F48073F6
:10AC2000E362E36AB5B943F48003E362114C23683D
:10AC300043F08053236003F019F9054623689B0015
:10AC40000FD5002005E003F011F9C01B0228ABD995
:10AC50000320F8BD012D0CBF43F4000343F08073C3
:10AC6000E3E703F003F9401B0228E7D9F0E70120EE
:10AC7000EFE700BF004402582DE9F8430668054697
:10AC800016F0006609D0836EB3F5001F2ED013D8DE
:10AC9000F3B1B3F5801F21D001262B68DB0540F10D
:10ACA0000281AB6D042B00F2FD80DFE813F024007D
:10ACB0002B00F50029002900B3F5401FECD1B84A5C
:10ACC0000026A96E136D23F440130B431365E4E7CC
:10ACD000B34AD36A43F40033D362F0E7022104306D
:10ACE000FFF7DAFE06460028D7D1E8E70221243034
:10ACF000FFF74AFFF6E7AA4AD36A43F40033D36268
:10AD0000344604E00021281DFFF7C6FE0446002C4F
:10AD100040F0CB80A24AA96D136D23F007030B43CB
:10AD200013652B689F050DD5EB6D802B00F0DA8045
:10AD300000F2BD80002B00F0C980402B00F0CC80D9
:10AD4000012634462B68580510D5D5F8A830B3F540
:10AD5000800F00F0EC8000F2CD80002B00F0DB8053
:10AD6000B3F5001F00F0DD80012634462B6819057D
:10AD700010D5D5F8AC30B3F1007F00F0FD8000F2C3
:10AD8000DE80002B00F0EC80B3F1807F00F0EE80DD
:10AD9000012634462B689A010DD5AB6C202B00F0B0
:10ADA000078100F2F180002B00F0F180102B00F001
:10ADB000F980012634462B68DB040FD52B6EB3F5E2
:10ADC000005F00F0198100F2FB80002B00F0088189
:10ADD000B3F5805F00F00A81012634462B689F049A
:10ADE0000FD56B6EB3F5003F00F0268100F20C81A9
:10ADF000002B00F01281B3F5803F00F0178101268F
:10AE000034462B68580410D5D5F8B030B3F1005F44
:10AE100000F0338100F21881002B00F01E81B3F1A5
:10AE2000805F00F02481012634462B68590114D537
:10AE3000EB6C43B1B3F5807F40F027810121281DE1
:10AE4000FFF72AFE0446002C40F02281544AE96CA8
:10AE5000D36C23F480730B43D3642B681A040DD591
:10AE60002B6FB3F1805F00F01581B3F1005F00F04C
:10AE70001F81002B00F01381012634462B68DB0173
:10AE800040F12C816B6C032B00F26C81DFE813F036
:10AE90001D01180164011D01002105F12400FFF7C7
:10AEA00073FE33E7012634463BE7264639E7C02BDD
:10AEB00003D0B3F5807F7FF443AFCCB9384AE96D56
:10AEC000136D23F4E0730B4313653BE7344AD36AF5
:10AED00043F40033D362F0E70021281DFFF7DCFDC7
:10AEE0000446EAE7002105F12400FFF74DFEF7E7ED
:10AEF000264627E7B3F5C00F03D0B3F5000F7FF464
:10AF000033AFD4B9264AD5F8A810936D23F4600363
:10AF10000B4393652AE7224AD36A43F40033D36292
:10AF2000EFE70021281DFFF7B7FD0446E9E7002100
:10AF300005F12400FFF728FEF7E7264616E7B3F1F0
:10AF4000407F03D0B3F1806F7FF422AFD4B9144AAD
:10AF5000D5F8AC10936D23F0E0630B43936519E7CC
:10AF60000F4AD36A43F40033D362EFE70021281D70
:10AF7000FFF792FD0446E9E7002105F12400FFF701
:10AF800003FEF7E7264605E7302B7FF412AFACB996
:10AF9000034AA96CD36C23F030030B43D3640AE754
:10AFA000004402589B4AD36A43F40033D362EEE76D
:10AFB0000221281DFFF770FD0446E8E72646FAE661
:10AFC000B3F5405F03D0B3F5804F7FF405AFCCB944
:10AFD000904A296E136D23F4E0430B431365FDE69D
:10AFE0008C4AD36A43F40033D362F0E70021281D72
:10AFF000FFF752FD0446EAE7002105F12400FFF7C0
:10B00000C3FDF7E72646E9E623F48032B2F5802F48
:10B0100003D0B3F5403F7FF4F2AE9CB97D4A696E30
:10B02000136D23F4E0230B431365EAE60121281D89
:10B03000FFF732FD0446F0E7012105F12400FFF798
:10B04000A3FDF7E72646DCE623F08052B2F1804FFD
:10B0500003D0B3F1405F7FF4E6AEA4B96D4AD5F8F2
:10B06000B010936D23F0E0430B439365DDE60121BF
:10B07000281DFFF711FD0446EFE7012105F124002B
:10B08000FFF782FDF7E72646CFE601263446E4E6E1
:10B090002646E2E65F4AD36A43F40033D3626CB9D2
:10B0A0005C4A296F136D23F040530B431365E5E6AB
:10B0B0000121281DFFF7F0FC0446F0E72646DDE6F7
:10B0C000544AD36A43F40033D362002C4DD1514A21
:10B0D000696CD36C23F003030B43D3642B685F02CA
:10B0E0004DD54D4F3B6843F480733B6002F0BEFE8C
:10B0F00080463B68D8053AD5002C6CD1454BD5F835
:10B10000B4001A6F424012F4407F0BD01A6F196FCF
:10B1100022F4407241F480311967196F21F48031B3
:10B1200019671A67B0F5807F40D0D5F8B430394937
:10B1300003F44072B2F5407F49D10869374A20F4E0
:10B140007C5002EA131202430A61C3F30B03314A33
:10B15000116F0B43136712E00221281DFFF79CFCBF
:10B160000446B2E701263446B8E72646B6E702F0C1
:10B170007DFEA0EB08006428BBD9032634462B686B
:10B18000DA0708D5EB6F102B3CD026D85BB3082B21
:10B1900032D0012634462B689B074ED5AB6F052B6A
:10B1A00061D8DFE803F0423D5A42424202F05EFEBF
:10B1B000DFF86080074641F28839D8F87030990787
:10B1C000B3D402F053FEC01B4845F6D9D5E70A694F
:10B1D00022F47C52B8E72646D1E723F00802202A61
:10B1E00001D0182BD5D19CB90A4AE96F536D23F0D1
:10B1F00038030B435365CEE70121281DFFF74CFCB4
:10B200000446F0E7012105F12400FFF7BDFCF7E754
:10B210002646C0E70044025800480258CFFFFF000E
:10B220000121281DFFF738FC0446FCB9B74AA96F75
:10B23000536D23F007030B4353652B685F0727D536
:10B24000D5F89430052B00F23A81DFE813F01600B0
:10B2500011003201160016001600012105F124002C
:10B26000FFF792FCE0E701263446E6E72646E4E7EE
:10B270000121281DFFF710FC0446002C40F022811C
:10B28000A24AD5F89410936D23F007030B439365FE
:10B290002B68980610D5D5F89030B3F1005F00F018
:10B2A0002C8100F21181002B00F01781B3F1805F37
:10B2B00000F01D81012634462B68590610D5D5F8BB
:10B2C0009C30B3F5006F00F03C8100F22181002B2F
:10B2D00000F02781B3F5806F00F02D810126344600
:10B2E0002B681A0610D5D5F8A030B3F5804F00F0C2
:10B2F000498100F22E81002B00F03481B3F5005F0C
:10B3000000F03A81012634462B681B0714D5D5F886
:10B310008430B3F5805F07D1022105F12400FFF7E7
:10B3200033FC002818BF0126784AD5F88410536DE5
:10B3300023F440530B4353652B68DF0614D5D5F82F
:10B340009830B3F5807F07D1022105F12400FFF783
:10B350001BFC002818BF01266C4AD5F89810936D85
:10B3600023F440730B4393652B6818031AD5D5F863
:10B37000A410B1F5803F00F00D81B1F5003F06D07B
:10B38000002940F00D81281DFFF786FB0446002CA4
:10B3900040F009815D4AD5F8A410936D23F4403341
:10B3A0000B4393652B6859031CD5D5F88830B3F54A
:10B3B000001F00F0FA80B3F5401F08D0B3F5801FDE
:10B3C00040F0FA80514AD36A43F40033D362002C30
:10B3D00040F0F5804D4AD5F88810536D23F44013A2
:10B3E0000B4353652B68DA0309D52B6D002B00F056
:10B3F000E880B3F5803F00F0F280012634462B68E8
:10B400009B0007D5022105F12400FFF7BDFB0028B2
:10B4100018BF01262B689F030BD5D5F88010B1F516
:10B42000807F00F0F28000F2E280002900F0E580E9
:10B430000126DC0206D53549686F0A6D22F000420C
:10B4400002430A65D80007D53049D5F8B8000A6923
:10B4500022F4804202430A61990206D52B49E86E24
:10B460000A6D22F0807202430A655A0009D5274A04
:10B47000116921F4004111611169D5F8BC00014343
:10B480001161002B06DA2149686DCA6C22F0405226
:10B490000243CA641B0207D51C4AD5F88C10536DB1
:10B4A00023F440030B435365301E18BF0120BDE851
:10B4B000F883012105F12400FFF766FBDCE6012695
:10B4C0003446E5E62646E3E623F08052B2F1804FAB
:10B4D00003D0B3F1405F7FF4EDAEA4B90B4AD5F8C9
:10B4E0009010536D23F0E0430B435365E4E60021D5
:10B4F000281DFFF7D1FA0446EFE7022105F12400E9
:10B50000FFF742FBF7E72646D6E600BF00440258A5
:10B5100023F48062B2F5805F03D0B3F5406F7FF40F
:10B52000DDAEA4B93D4AD5F89C10936D23F4E053E9
:10B530000B439365D4E60021281DFFF7ADFA0446BE
:10B54000EFE7022105F12400FFF71EFBF7E726468F
:10B55000C6E623F40052B2F5004F03D0B3F5C04F56
:10B560007FF4D0AEA4B92D4AD5F8A010936D23F482
:10B5700060430B439365C7E60021281DFFF78CFA53
:10B580000446EFE7022105F12400FFF7FDFAF7E793
:10B590002646B9E6022105F12400FFF7F5FAF5E6A3
:10B5A00001263446FEE62646FCE6012105F124008C
:10B5B000FFF7EAFA04460AE70126344612E7264670
:10B5C00010E7164AD36A43F40033D3626CB9134AC6
:10B5D000296DD36C23F480330B43D3640FE702212E
:10B5E000281DFFF759FA0446F0E7264607E721F43D
:10B5F0008072B2F5007F7FF41BAF64B90748426DDB
:10B6000022F440720A43426513E70448C26A42F4D6
:10B610000032C262F1E726460BE700BF0044025841
:10B6200008B5FFF74DF9054B054A1B6AC3F3021332
:10B63000D35C03F01F03D84008BD00BF004402588C
:10B64000D29105084E4A70B5946A966AD36A16F488
:10B650007C3FC6F30531D56B00F08D8007EE901A64
:10B66000C3F30013C5F3CC0104F00304F8EEE76A5A
:10B670004B43012CB7EE006A07EE903AFAEEE97AF6
:10B680006BD0022C5BD0002C67D113689B0646D58B
:10B690001168936BC1F3C1013A4AC3F30803CA406E
:10B6A00007EE102AF8EEC75A85EEA67A06EE903A13
:10B6B000F8EEE66A76EEA77A77EE867A304A67EE9B
:10B6C000877A936BC3F3462307EE103AB8EEC77A36
:10B6D00037EE067AC7EE876AFCEEE66AC0ED006ACE
:10B6E000936BC3F3064307EE103AB8EEC77A37EE12
:10B6F000067AC7EE876AFCEEE66AC0ED016A936BD4
:10B70000C3F3066307EE103AB8EEC77A37EE066A5F
:10B7100087EE867ABCEEC77A80ED027A70BD936BB5
:10B72000DFED195AC3F3080307EE103AB8EEC77AF3
:10B7300077EE277A77EE867A85EEA67ABEE7936B68
:10B74000DFED125AC3F3080307EE103AB8EEC77ADA
:10B7500077EE277A77EE867AEEE7936BDFED0C5A79
:10B76000C3F3080307EE103AB8EEC77A77EE277AEC
:10B7700077EE867AE0E7C0E900118160CEE700BF8E
:10B78000004402580090D0030024744C0024744BF1
:10B790000024744A4E4A70B5946A966AD36A16F0C9
:10B7A0007C7FC6F30551556C00F08D8007EE901A32
:10B7B000C3F30023C5F3CC0104F00304F8EEE76AF9
:10B7C0004B43012CB7EE006A07EE903AFAEEE97AA5
:10B7D0006BD0022C5BD0002C67D113689B0646D53A
:10B7E0001168136CC1F3C1013A4AC3F30803CA409C
:10B7F00007EE102AF8EEC75A85EEA67A06EE903AC2
:10B80000F8EEE66A76EEA77A77EE867A304A67EE49
:10B81000877A136CC3F3462307EE103AB8EEC77A63
:10B8200037EE067AC7EE876AFCEEE66AC0ED006A7C
:10B83000136CC3F3064307EE103AB8EEC77A37EE3F
:10B84000067AC7EE876AFCEEE66AC0ED016A136C01
:10B85000C3F3066307EE103AB8EEC77A37EE066A0E
:10B8600087EE867ABCEEC77A80ED027A70BD136CE3
:10B87000DFED195AC3F3080307EE103AB8EEC77AA2
:10B8800077EE277A77EE867A85EEA67ABEE7136C96
:10B89000DFED125AC3F3080307EE103AB8EEC77A89
:10B8A00077EE277A77EE867AEEE7136CDFED0C5AA7
:10B8B000C3F3080307EE103AB8EEC77A77EE277A9B
:10B8C00077EE867AE0E7C0E900118160CEE700BF3D
:10B8D000004402580090D0030024744C0024744BA0
:10B8E0000024744A0368503343F82120704770479E
:10B8F000304A0368904212D0B0F1804F0FD0A2F5C9
:10B900007C4290420BD002F58062904207D002F553
:10B910008062904203D002F57842904219D14A6881
:10B9200023F070031343234A90421DD0B0F1804F9F
:10B930001AD0A2F57C42904216D002F58062904265
:10B9400012D002F5806290420ED002F57842904209
:10B950000AD0194A904207D002F58062904203D083
:10B9600002F58062904203D123F44073CA68134306
:10B970004A6923F08003134303608B68C3620B683A
:10B9800083620C4B98420FD003F5806398420BD032
:10B9900003F57053984207D003F58063984203D0B3
:10B9A00003F58063984201D10B690363012343616E
:10B9B000704700BF000001400040014010B5044640
:10B9C00050B390F83D3003F0FF021BB980F83C20E3
:10B9D000FFF78DFF02232068211D84F83D30FFF71B
:10B9E00087FF0123002084F8483084F83E3084F833
:10B9F0003F3084F8403084F8413084F8423084F895
:10BA0000433084F8443084F8453084F8463084F874
:10BA1000473084F83D3010BD0120FCE701F01F01E4
:10BA2000036A10B501248A408C4023EA04030362B0
:10BA3000036A1A43026210BD10B5044629B990F892
:10BA40003E30012B31D0012010BD042907D190F8E0
:10BA50003F30012BF7D1022380F83F3028E008293E
:10BA600007D190F84030012BEDD1022380F840300F
:10BA70001EE00C2907D190F84130012BE3D10223BD
:10BA800080F8413014E0102907D190F84230012BA2
:10BA9000D9D1022380F842300AE090F84330012BDC
:10BAA000D1D1022380F8433002E0022380F83E30F7
:10BAB00001222068FFF7B2FF2368204A934219D081
:10BAC00002F58062934215D002F57052934211D074
:10BAD00002F5806293420DD002F58062934209D054
:10BAE000B3F1804F0ED19968154A0A40062A21D138
:10BAF0000020A9E75A6C42F400425A640F4A93426C
:10BB0000EED1F0E70F4A9342EDD002F58062934206
:10BB1000E9D002F580629342E5D002F57842934283
:10BB2000E1D0A2F56C429342DDD01A6842F00102E6
:10BB30001A60DDE7B2F5803FF7D1D9E70000014098
:10BB4000070001000004004070470000F0B5044603
:10BB50000368C06987B02169A2681D680A436169EA
:10BB60000A43A449024329400A43E1681A605A681B
:10BB700022F440520A43A1695A609F4A93421CBF73
:10BB8000226A11439A6822F06E4222F430620A431C
:10BB9000616A9A60DA6A22F00F020A43DA62974A0F
:10BBA00093421BD1964B5B6D03F03803282B6CD866
:10BBB000944AB0F5004FD35C40F00281082B00F2AC
:10BBC000BF80082B61D8DFE813F0E700EC006000CD
:10BBD0006000EF00600060006000F4008A4A934259
:10BBE00007D1874B5B6D03F00703052B4DD8874AC0
:10BBF000DFE7874A934207D1814B5B6D03F0070370
:10BC0000052B42D8834AD4E7834A934207D17C4B21
:10BC10005B6D03F00703052B37D8804AC9E7804ADC
:10BC2000934207D1764B5B6D03F00703052B2CD8AD
:10BC30007C4ABEE77C4A934207D1714B5B6D03F0AF
:10BC40003803282B21D8794AB3E7794A934207D1A0
:10BC50006B4B5B6D03F00703052B16D8754AA8E7FD
:10BC6000754A934207D1664B5B6D03F00703052BC2
:10BC70000BD8724A9DE7604A934206D102F50E3214
:10BC8000936D03F00703052B01D901200EE06C49E9
:10BC9000CB5C102B23D011D8042B16D0082B19D035
:10BCA000022BF2D1FFF7BCFC10BB00204FF00113B8
:10BCB000A3660023C4E91C3307B0F0BD202B3DD0A0
:10BCC000402BE2D14FF4004012E06846FFF7BAFC87
:10BCD0000198E9E703A8FFF75DFD0498E4E713681E
:10BCE000584813F0200F03D01368C3F3C103D840A2
:10BCF000554B626A656833F8122005EB4501B0FBCD
:10BD0000F2F39942C1D8B3EB053FBED8002300211E
:10BD100004F08CFA2A460F020023060247EA106755
:10BD20006808301847F1000104F080FA474BA0F58D
:10BD300040729A42A9D82368D860B6E74448D7E74A
:10BD4000202B3BD0402B0BD0102B9ED12C4B3D48B1
:10BD50001A6812F0200F03D01B68C3F3C103D84048
:10BD6000616A394B626833F81130B0FBF3F3500865
:10BD700000EB4300B0FBF2F083B24FF6EF72A3F199
:10BD80001001914281D820F00F00C3F342032268D2
:10BD900080B21843D06088E7FEF7B4FD002884D055
:10BDA000DEE7FEF7C1FDF9E76846FFF74BFC0198B7
:10BDB000F4E703A8FFF7EEFC0498EFE72448CFE789
:10BDC000082B47D8082B3FF660AF01A252F823F0AA
:10BDD000A5BE0408B1BE04088BBC04088BBC0408D3
:10BDE000B7BE04088BBC04088BBC04088BBC0408D9
:10BDF000C1BE0408F369FFCF000C005800100140D9
:10BE0000004402588491050800440040AD910508A3
:10BE100000480040AD910508004C0040AD91050878
:10BE200000500040AD9105080014014084910508C0
:10BE300000780040AD910508007C0040AD910508F8
:10BE4000B39105080090D003BA910508FFFC0F00DC
:10BE500000093D00202B38D0402B38D0102B7FF428
:10BE600014AF1D4A136813F0200F1C4B32D010681A
:10BE7000C0F3C10023FA00F0616A194B626833F81D
:10BE80001130B0FBF3F303EB5203B3FBF2F39BB2BD
:10BE90004FF6EF72A3F1100191423FF6F6AE226821
:10BEA000D36002E7FEF72EFD00283FF4FEAEE3E785
:10BEB000FEF73AFDF8E76846FFF7C4FB0198F3E7A1
:10BEC00003A8FFF767FC0498EEE70648D4E74FF4B1
:10BED0000040D1E71846CFE7004402580090D00355
:10BEE000BA91050800093D00836ADA0710B506D546
:10BEF0000168C46A4A6822F4003222434A609C07FF
:10BF000006D50168046B4A6822F4803222434A60F5
:10BF1000590706D50168446B4A6822F480222243FF
:10BF20004A601A0706D50168846B4A6822F4004209
:10BF300022434A60DC0606D50168C46B8A6822F495
:10BF4000805222438A60990606D50168046C8A688B
:10BF500022F4005222438A605A0610D50168446CCC
:10BF60004A68B4F5801F22F4801242EA04024A6053
:10BF700005D14A68846C22F4C00222434A601B0641
:10BF800006D50268C16C536823F400230B43536049
:10BF900010BD2DE9F041DDF8188004460E46154627
:10BFA0001F462268D36936EA03030CBF012300232E
:10BFB000AB4201D000201CE0B8F1FF3FF2D001F00D
:10BFC00055FFC01B40452068036802D8B8F1000F38
:10BFD00011D123F4D0730360836823F001038360DD
:10BFE0002023C4F88430C4F888300023032084F868
:10BFF0008030BDE8F0815A07D3D5C3691B05D0D581
:10C000004FF400630362036823F4D0730360836812
:10C0100023F0010383602023C4F88430C4F88830FF
:10C02000C4F88C30E1E730B50025044685B0C0F88F
:10C030008C5001F01BFF226803461268110717D4C9
:10C0400022681268520709D56FF07E424FF48001D2
:10C05000204600920022FFF79CFFB0B92023002069
:10C06000C4F8843084F88000C4F88830E0660DE0BD
:10C070006FF07E4203904FF40011204600922A4652
:10C08000FFF787FF039B0028DAD0032005B030BDFF
:10C0900010B5044650B3D0F884301BB980F8803016
:10C0A000FFF752FD226824232046C4F88430136829
:10C0B00023F001031360FFF749FD012816D0A36A9E
:10C0C00013B12046FFF710FF236820465A6822F478
:10C0D00090425A609A6822F02A029A601A6842F0E6
:10C0E0000102BDE810401A60FFF79DBF012010BD9E
:10C0F00090F88030012B09D00268136843F00203E6
:10C100001360002380F88030184670470220704783
:10C1100090F88030012B09D00268136823F00203E5
:10C120001360002380F88030184670470220704763
:10C130000A4B013B0FD00269002AFADA0369074A69
:10C1400043F001030361013A05D0036913F00103D1
:10C15000F9D1184670470320704700BF410D030016
:10C1600084B038B505AD044685E80E000A9B012B66
:10C170002FD1836B23F480338363C36823F4840358
:10C1800023F04003C360C36823F44013C360119BD2
:10C19000012B03D1C36843F48013C3602046FFF72B
:10C1A000C7FF089B012B10D1E36D9BB2E365E36DE4
:10C1B00043F07B7343F40033E365A36843F0060365
:10C1C000A360A36843F02003A360BDE8384004B037
:10C1D0007047C36843F04003C360FFF7A9FF0E9B9D
:10C1E00023B9A36B43F48033A363DAE7A36B23F48F
:10C1F0008033F9E7022A4AD1274B284A0B4493425D
:10C2000039D9274B274A0B44934236D9A1F57403F9
:10C21000254AA3F51053934231D9A1F18373234AE0
:10C22000A3F5E74393422CD3214B224A0B4493427C
:10C2300029D9214B214A0B44934226D3204B214A32
:10C240000B44934223D3A1F1B7731F4AA3F558536C
:10C2500093421ED31D4B1E4A0B44934234BF072307
:10C260000623C26822F47052C260C26842EA832385
:10C27000C360002070470F23F3E70E23F1E70D237F
:10C28000EFE70C23EDE70B23EBE70A23E9E70923AC
:10C29000E7E70823E5E700BF405327FFFF340C0022
:10C2A000401E1BFF3F420F007F4F120020D613009D
:10C2B00060B6E5FE5FE3160000D3CEFE40771B00BC
:10C2C000C05BB3FEC091210020753800E05459FED8
:10C2D000E09C4100836843F00103836000207047C5
:10C2E000836823F0010383600020704708B5C368AA
:10C2F000012923F0C043C36008D1C36843F0005351
:10C30000C3603220FCF766FE002008BD19B9C3687F
:10C3100043F08043F4E70120F7E700008901074A72
:10C3200041F020010161013A05D0036913F02003B7
:10C33000F9D1184670470320704700BF410D030034
:10C340001023064A0361013A05D0036913F0100374
:10C35000F9D1184670470320704700BF410D030014
:10C36000D0F800381943C0F80018002070470000CA
:10C3700084B02DE9F843044609A80E4680E80E0073
:10C380000023139D194603F14002013304EB82029E
:10C390000F2B5160F7D104F50067002D6CD17B683D
:10C3A00043F002037B60A36B23F40013A3632368B1
:10C3B00043F040032360236843F08003236000239D
:10C3C000C4F8003ED4F80038C4F800380E9B012BA6
:10C3D00059D10B99002954D120464FF67F38FFF7E9
:10C3E000BFFF10212046FFF799FF01462046FFF7C7
:10C3F000A7FF0843002304F51062C0B24FF0904C31
:10C4000019464FF0006E00383B617B6118BF012078
:10C41000FB61B34239D1002204F530634FF0904CF8
:10C420004FF0006E11464FF67F38B24240D13B6963
:10C4300023F480733B610023A3616FF08043636149
:10C440000C9B1BB9A36943F01003A361A269224BA3
:10C450001343A3610F9B1BB1A36943F00803A361BE
:10C46000012D05D1A36943F0804343F00403A36188
:10C47000BDE8F84304B07047A36B43F40013A36313
:10C480009DE71946A8E70321A6E7D2F80090B9F185
:10C49000000F0BDA3BB9C2F800E011610133C2F8BA
:10C4A00008802032B5E7C2F800C0F6E71160F4E773
:10C4B000D3F80090B9F1000F0BDA3AB9C3F800E0F5
:10C4C00019610132C3F808802033AEE7C3F800C019
:10C4D000F6E71960F4E700BF00383C80D0F8083870
:10C4E00013F0060004D013F0020F14BF02200F2037
:10C4F000704730B50D78012400F5006205F00F0398
:10C5000000EB45109C404B78012BD36918D11C439C
:10C51000D461D0F800391A0410D48A68D0F80049E0
:10C52000C2F30A03CA78234343EA824343EA8553AA
:10C5300043F0805343F40043C0F80039002030BD7D
:10C5400043EA0444D461D0F8003B1B04F6D48B6862
:10C55000D0F8002BC3F30A031343CA7843EA82439B
:10C5600043F0805343F40043C0F8003BE6E700008B
:10C5700010B50A78497800EB421300F500600129F4
:10C5800002F00F0222D1D3F8001900290BDAD3F8F8
:10C59000001941F00061C3F80019D3F8001941F007
:10C5A0008041C3F800190121C46B01FA02F224EAA8
:10C5B0000204C463C16921EA0202C261154AD3F8C8
:10C5C00000190A40C3F80029002010BDD3F8001B51
:10C5D00000290BDAD3F8001B41F00061C3F8001BFF
:10C5E000D3F8001B41F08041C3F8001B4FF48031A9
:10C5F000C46B01FA02F224EA0204C463C16921EAAD
:10C600000202C261044AD3F8001B0A40C3F8002B9F
:10C61000DAE700BF007833EC0078F3EF4B78DFF80F
:10C62000ECC0012BF0B50E784D6900EB4614364F87
:10C6300046D104F51063BDB91D692F401F611D6906
:10C6400045F400251D611D6905EA0C05012A1D61DF
:10C6500023D10A6902B15A61D4F8003943F0044386
:10C66000C4F800390020F0BDD3F810E00EEA0C0C3D
:10C67000C3F810C0D3F810C00CEA07071F618F6819
:10C68000AF421D6945F4002538BF4F611D614D69FA
:10C690001F69C5F312053D43D8E7D4F8003943F0CC
:10C6A0000443C4F800394B69002BDBD006F00F06B9
:10C6B0000123D0F83428B3401343C0F83438D1E70D
:10C6C000D4F8100B04F5306300EA0C001861186907
:10C6D00038401861886805B148611D69C0F31200CF
:10C6E000012A45F400251D611D6940EA0500186115
:10C6F00002D1CA6802B15A61D4F8003B43F0044346
:10C70000C4F8003BAEE700BFFFFF07E00000F8FF02
:10C7100010B59DF8084044B9033301329B0800EB83
:10C72000023001EB83038B4201D1002010BD51F890
:10C73000042B0260F7E700002DE9F3414D780F78F4
:10C74000012D4B6900EB4714CE78DFF8B8C1DFF854
:10C75000B8E140F08E8004F51065D5F810806BBB11
:10C7600008EA0C0CC5F810C0D5F810C04CF4002C29
:10C77000C5F810C0D5F810C00CEA0E0EC5F810E0D0
:10C78000012A4ED10B6903B16B61012E0CD1D0F897
:10C79000083813F4807FD4F800390CBF43F00053FD
:10C7A00043F08053C4F80039D4F8003943F004430F
:10C7B000C4F80039002002B0BDE8F08108EA0E0E8E
:10C7C000012EC5F810E0D5F810E00EEA0C0CD1F8F7
:10C7D00008E0C5F810C00EEB030CD5F810800CF182
:10C7E000FF3CBCFBFEFEDFF824C10CEACE4C4CEA59
:10C7F000080CC5F810C0C3F3120CD5F810E04CEAD1
:10C800000E0CC5F810C0BBD1D5F810C02CF0C04C30
:10C81000C5F810C0D5F810C04CF0005CC5F810C0C9
:10C82000AEE7D4F80059012E45F00445C4F800598C
:10C830000BD0002BBED007F00F020127D0F8343800
:10C8400097401F43C0F83478B4E7D0F808589BB23B
:10C8500015F4807FD4F800590CBF45F0005545F021
:10C860008055C4F8005900923A46C968FFF750FF56
:10C87000A0E7D4F8105B04F5306705EA0E053D61CA
:10C880003D6905EA0C053D618D681BBB3B69C5F33D
:10C8900012051D433D613B6943F40023012A3B61BE
:10C8A00002D1CB6803B17B61012E0CD1D0F80838DE
:10C8B00013F4807FD4F8003B0CBF43F0005343F0E7
:10C8C0008053C4F8003BD4F8003B43F00443C4F861
:10C8D000003B6FE72B44DFF834C0D7F810E0013B92
:10C8E000B3FBF5F30CEAC34C9BB24CEA0E0C6B4362
:10C8F000C7F810C0D7F810C0C3F3120343EA0C0303
:10C90000CCE700BFFFFF07E00000F8FF0000F81FC2
:10C9100070B50023940800F5805502F00302A3428D
:10C9200014D301EB84017AB100F580500023046830
:10C93000D80024FA00F0C854013398B28242F7D1EB
:10C94000013A92B201321144084670BD2E6841F896
:10C9500023600133E3E74A780B78012A00EB4310A8
:10C9600012D1D0F80029002A06DB2BB1D0F800390B
:10C9700023F08043C0F80039D0F8003943F40013A5
:10C98000C0F8003900207047D0F8002B002A06DBE1
:10C990002BB1D0F8003B23F08043C0F8003BD0F827
:10C9A000003B43F40013C0F8003BEBE70B784A78F8
:10C9B00000EB4310CB78012AA3F10203DBB20FD1C5
:10C9C000D0F80029012B22F40012C0F8002905D864
:10C9D000D0F8003943F08053C0F800390020704788
:10C9E000D0F8002B012B22F40012C0F8002BF5D850
:10C9F000D0F8003B43F08053C0F8003BEEE710B5A1
:10CA000000F51063044600F52E614FF67F329A6000
:10CA10002033C3F8E8218B42F9D100222046C4F824
:10CA20001028C4F81428C4F81C28FFF789FC28B97A
:10CA300020461021BDE81040FFF770BC10BDD0F8B3
:10CA40000038090123F4FE6301F4FE61C0F80038E8
:10CA5000D0F800381943C0F8001800207047D0F80B
:10CA6000003E23F00303C0F8003ED0F8043823F062
:10CA70000203C0F8043800207047D0F8003E23F0CD
:10CA80000303C0F8003ED0F8043843F00203C0F8B6
:10CA90000438002070474269806910407047D0F820
:10CAA000183800F50060C0691840000C7047D0F8D5
:10CAB000183800F50060C069184080B2704700EB7C
:10CAC000411100F50060D1F8082B40691040704713
:10CAD00010B5D0F81048D0F8343800EB411001F010
:10CAE0000F0100F51060CB408068DB01DBB223430F
:10CAF000184010BD406900F001007047D0F80039BF
:10CB000023F4FF6323F00703C0F80039D0F804389A
:10CB100043F48073C0F804380020704730B5056CCA
:10CB200000F530630F4CA54203D9D0F8004B002C20
:10CB300016DB002401291C611C6944F400241C61DB
:10CB40001C6944F018041C611C6944F0C0441C6159
:10CB500006D15A61D0F8003B43F08023C0F8003B77
:10CB6000002030BD0A30544F2B4BD3F8882042F4BC
:10CB70007002C3F888201A6942F010021A61274A2D
:10CB8000136803F00F03062B05D8136823F00F0377
:10CB900043F007031360224B1A6842F001021A6047
:10CBA00000221A611F4A19680A401C491A600A6863
:10CBB000120705D50A6822F00F0242F007020A6048
:10CBC000002219499A61DA611A6299621749D96299
:10CBD000174919635A639963DA6319645A641968C7
:10CBE00021F4802119601A66124A536A43F4804383
:10CBF0005362114B1B681B0C1B04B3F1005F02D284
:10CC00000E4B01221A600E4B43F2D2021A600D4AFB
:10CC1000014B9A60704700BF00ED00E00020005219
:10CC2000004402587FEDF6EA000202020000FF0114
:10CC300080020101C00000580010005C0881005112
:10CC40000040005200000408494A1369114603F0ED
:10CC50003803102B30B500F0878006D8002B5FD04A
:10CC6000082B00F083800A685BE0182BFBD1906AE8
:10CC7000956AD16A15F47C7FC5F30513546B3BD0DC
:10CC800007EE903AC4F3CC0401F0010300F0030076
:10CC9000F8EEE76A63430128F7EE005A07EE903A90
:10CCA000FAEEE97A42D0022850D01168314BC1F334
:10CCB000C101126BCB40C2F3080207EE103AB8EE86
:10CCC000C76A86EE267A06EE902AF8EEE66A76EED7
:10CCD000A77A77EEA57A264B67EE877A1B6BC3F3AC
:10CCE0004623013307EE103AF8EEC76A87EEA67ABC
:10CCF000FCEEC77A17EE903A1D481F498269C2F3CD
:10CD000003228A5CD340826902F00F028A5C1B49CD
:10CD100002F01F0223FA02F20A60194A136030BDC2
:10CD20001268C2F3C102134BD340E5E7136B9FEDCA
:10CD3000156AC3F3080307EE103AB8EEC77A77EE28
:10CD4000277A77EEA57A86EE267AC4E7136B9FEDF5
:10CD50000E6AC3F3080307EE103AB8EEC77A77EE0F
:10CD6000277A77EEA57AEEE7084BC5E7084BC3E7CD
:10CD7000004402580090D003D291050834080024E2
:10CD8000300800240024744A0024744B0024F4006A
:10CD900000093D00431D052B96BF044A044B52F881
:10CDA0002330044A10601846704700BFE49105081C
:10CDB00002000E06142D002408B530B10068F6F705
:10CDC000B7FDBDE80840FFF7E5BF014808BD00BF5B
:10CDD00005000E061F4B204A10B55C6B14F0330F94
:10CDE00014600AD01D4A14604FF0FF329A6301218B
:10CDF0001B48BDE81040FFF7DFBF14F0C00F0CD098
:10CE00005B69190506D512680121144B14481A6094
:10CE1000FFF7D2FF0F4BC0229A6362020AD50D4B77
:10CE20004FF480024FF480719A630E4B0E4A1B68D8
:10CE300010689847E3050BD5064B4FF480724FF40A
:10CE400000619A6300229A62D9621A65DA60CEE7BD
:10CE500010BD00BF00700052182D0024202D0024AA
:10CE6000242D00241C2D0024282D002430B5CFB003
:10CE700020220021044603A805F032FF1C220021D5
:10CE80000DA805F02DFFC02200211EA805F028FFE7
:10CE900000230193364BDA6A22F00102DA62DB6A80
:10CEA00003F001030193334B9A6942F440429A61C3
:10CEB0009A6902F440420192019A9A699004FCD561
:10CEC0002123002C4FF078024FF001040B9314BF84
:10CED0004FF4A0234FF4803308250BA811940C9332
:10CEE00002231B951693CDE917231022CDE91433A5
:10CEF000CDE919230023CDE91C33FDF783F810B1E8
:10CF000000204FB030BD3F2103234FF48062CDE9B4
:10CF1000031340230421CDE9050503A807930A93D1
:10CF2000CDE90832FDF7A6FB0028E9D14FF48023B4
:10CF30001EA81E934FF440134093FDF79DFE00285A
:10CF4000DED1FDF757F80C4B1A6842F080021A60E8
:10CF5000D3F8F42042F00202C3F8F420D3F8F430FE
:10CF600003F002030293029BFCF75EF82046C8E739
:10CF700000040058004802580044025870B50023CD
:10CF8000CEB00193384BDA6A22F00102DA62DB6A32
:10CF900003F001030193354B9A6942F440429A61D0
:10CFA0009A6902F440420192019A9A699004FCD570
:10CFB00033230124802278210B9300230826402567
:10CFC0000C930BA81C930E940F95CDE911420222ED
:10CFD000CDE914230C231892CDE916611B9310217F
:10CFE0002023CDE919121393FDF70CF810B100209E
:10CFF0004EB070BD3F210323CDE903134FF480638E
:10D000000421CDE9050603A8CDE90755CDE9093589
:10D01000FDF730FB01460028E9D1BC221FA805F02E
:10D020005FFE4FF480231EA81E934FF440134093DD
:10D03000FDF722FE0028DAD1FCF7DCFF0C4B1A6862
:10D0400042F080021A60D3F8F42042F00202C3F8E2
:10D05000F420D3F8F43003F002030293029BFBF7B1
:10D06000E3FF2046C4E700BF000400580048025810
:10D070000044025810B5002088B0FFF7F7FE28B929
:10D08000FFF77CFF10B91E48FAF704FF03231D4C7D
:10D0900003A91D4804930023CDE9053307934FF4FA
:10D0A00000530393D4F8E03043F00803C4F8E030B1
:10D0B000D4F8E03003F008030193019BFCF72CF84F
:10D0C000D4F8E03003A9114823F00803C4F8E03095
:10D0D00080230393D4F8E03043F02003C4F8E03019
:10D0E000D4F8E03003F020030293029BFCF714F81D
:10D0F000D4F8E03023F02003C4F8E03008B010BDCD
:10D100003496050800440258000C025800140258D6
:10D11000FCF7EAB8DFF830D0FFF726FD002103E086
:10D120000A4B5B584350043109480A4B42189A4253
:10D13000F6D3094A02E0002342F8043B074B9A4227
:10D14000F9D3F3F7C9F8704700000824ACA7050825
:10D15000000000242812002440120024B8B9002442
:10D16000FEE7000070B501F0BFFC041E32DB1A4E72
:10D1700056F8240000282DD09023184D6343EB5817
:10D18000DA69110609D5DA69120606D51B681B068D
:10D1900003D5134B01211B68984790236343EB5839
:10D1A000DA6991060BD5DA69920608D51B689806EC
:10D1B00005D50B4B002156F824001B68984790209A
:10D1C00044432B59DA69110704D5DA69120701D5EE
:10D1D00008221A6270BD00BF302D0024A8B20024BE
:10D1E0002C2D00240148FFF7BDBF00BF000C0058E4
:10D1F0000148FFF7B7BF00BF007C00400148FFF7C0
:10D20000B1BF00BF007800400148FFF7ABBF00BFCF
:10D21000001401400148FFF7A5BF00BF00500040C7
:10D220000148FFF79FBF00BF004C00400148FFF7D7
:10D2300099BF00BF004800400148FFF793BF00BFFF
:10D24000004400400148FFF78DBF00BF00100140BF
:10D25000034B19604168034B43F82120704700BF1E
:10D260002C2D0024302D002430B5D0E900353F4866
:10D27000834253D031D8A0F53050834248D026D8CD
:10D28000A0F5006083423DD000F5806083423CD031
:10D290000020034690246C43354D2C59002A46D07B
:10D2A0002268002940D142F02002226003F11001DF
:10D2B000304A926842F82100BFF34F8F590903F0BA
:10D2C0001F02012393402C4A42F8213030BD2B48E5
:10D2D0008342DDD12A483523DCE72A4883421AD02D
:10D2E0000AD8A0F5184083421BD000F514408342B1
:10D2F000CED125482523CDE724488342C8D12448F0
:10D300008E23C7E723482623C4E723482723C1E702
:10D3100022483423BEE722484723BBE72148522353
:10D32000B8E721485323B5E742F08002BDE7226801
:10D33000A1B922F020022260226812F0800FC5D12C
:10D3400003F01F015A09012320328B400A4941F89A
:10D350002230BFF34F8FBFF36F8FB7E722F0800209
:10D360002260226812F0200FE9E700BF0078004039
:10D37000A8B2002400ED00E000E100E00050004011
:10D3800015D204080014014045D20408000C0058CE
:10D39000E5D1040839D204082DD2040821D20408AA
:10D3A00009D20408FDD10408F1D10408F8B5466893
:10D3B0009023174C054603FB06439A68B2F5805F3D
:10D3C00015D11A69B2B940F2FF12A3F86020902279
:10D3D00002FB0642B2F86070284601F081FA00288C
:10D3E000FAD090237343E358586A3840F8BD1AB90D
:10D3F0001A6932B9FF22E8E7B2F1805F05D11A69F4
:10D400000AB97F22E1E73F22DFE70022DDE700BF24
:10D41000A8B2002470B505460C464668284601F0BF
:10D420006FFA0028FAD09023034AC4F30804734328
:10D43000D3589C6270BD00BFA8B200242DE9F84308
:10D440001E4604460F4610462F491546F9F73AFB8B
:10D4500081462E493046F9F735FB2168804648461B
:10D46000F9F70CFB013005D140F2ED22284929489B
:10D47000FAF7AEFA21684046F9F700FB0130F3D025
:10D480002FB9E7612046BDE8F84301F045BA012F06
:10D4900009D0022F16D0032FF4D1B9F1FF3F22D1CA
:10D4A00040F2073204E0B9F1FF3F04D140F2F72225
:10D4B00017491948DCE74FF480732584E36112496A
:10D4C00028460DE0B8F1FF3F04D140F2FF22104999
:10D4D0001248CDE74FF400730C4930466684E3618F
:10D4E000F9F7A8FACEE7B8F1FF3F02D14FF4427244
:10D4F000EDE74FF44073054930462584E3616684C7
:10D50000F9F798FADBE700BFB0920508FC9105082F
:10D5100074960508D8870508849605089D96050821
:10D520007047704701207047012303727047002342
:10D530000372704700487047C8970508402070473D
:10D540000368802110B504469B6D9847002123682D
:10D5500020469B6DBDE81040184710B5044640F2C8
:10D560002441FBF78BF9204610BD10B50446302A44
:10D57000084604F5787428BF3022214605F0B2FA37
:10D58000204630220021BDE8104005F0A9BB002153
:10D590001C3000F8131CFCF7B2BB4A0002F01E025C
:10D5A00042EAD11303445A7A012A04D100221C30E2
:10D5B0005A72FCF7A4BB00207047000010B5046E3F
:10D5C000944205D24FF4157206490748FAF700FA5B
:10D5D00003689C6E13460A468021A446BDE81040AD
:10D5E000604700BFD3960508E496050808B51C30CF
:10D5F000FCF732FB28B140F2752202490248FAF7E3
:10D60000E7F908BDD39605080497050808B51C304E
:10D61000FCF722FB28B14FF42B7202490248FAF7BB
:10D62000D7F908BDD39605080497050808B51C303E
:10D63000FCF7C6FA28B14FF4057202490248FAF71E
:10D64000C7F908BDD396050804970508402A00F1DC
:10D650001C0008B54FF0020300F8133C134628BF26
:10D6600040230A460021FCF726FB022805D14FF48F
:10D67000127202490248FAF7ABF908BDD3960508C1
:10D68000129705081C3008B5FCF715FB022805D1D8
:10D6900040F28A2202490348FAF79AF9012008BDAC
:10D6A000D3960508129705081C3008B5FCF74FFB08
:10D6B000022805D14FF41F7202490348FAF788F98E
:10D6C00008BD00BFD3960508129705081C3008B5A1
:10D6D000FCF775FB022805D140F28322024903487A
:10D6E000FAF776F908BD00BFD3960508129705082A
:10D6F00038B54D0005F01E0545EAD1140225044455
:10D700001C306572FCF703FBA84205D14FF4287268
:10D7100003490448FAF75CF9B0FA80F0400938BDD3
:10D72000D39605081297050808B51C30FBF732FFA1
:10D7300028B14FF4F77205490548FAF749F942F262
:10D740001070BDE80840FBF7E5B900BFD3960508A7
:10D750000497050810B5044654F81C0FFFF78DF91F
:10D7600042F21070FBF7D6F92046FBF732FF28B1E2
:10D770004FF4FD7202490348FAF72AF910BD00BFC1
:10D78000D396050804970508F7B5454B20220446B3
:10D790000D46C3F88C20BFF34F8FBFF36F8F4368E4
:10D7A0000BB9FAF7E3FC65600025102204F10900CB
:10D7B0002946257205F094FA3022294604F1240006
:10D7C00005F08EFA0823374D012223624023364E9E
:10D7D0002363364BE3610223C4E90D32A362D5F81B
:10D7E000D82042F00062C5F8D820D5F8D82002F041
:10D7F00000620092009AD5F8002122F08052C5F80C
:10D8000000212B4A1460B6F90000431C04D0B16813
:10D810000C3600F033FEF6E7D5F8F43004F11C06C0
:10D8200043F002033046C5F8F430D5F8F430C4F8BC
:10D83000204403F002030193019B002384F8D933B1
:10D84000FBF709FE054628B14FF4C27219491A4880
:10D85000FAF7BEF8E069FEF73DFD184F3046FBF7DA
:10D8600099FE8E213046FCF719FB57F8042BE9B2DC
:10D87000013530460432C2F38F02FCF7EFFA062D71
:10D88000F3D10F4B0F4A9B68C3F8D421BFF34F8FDE
:10D89000034B102283F865232022DA6003B0F0BD29
:10D8A00000E100E00044025810960508000008401E
:10D8B000602D0024D39605080497050834970508C1
:10D8C00000ED00E0E9D8040808B5054B18681C30E5
:10D8D000FBF7A6FE034B2022C3F88C21DA6008BDBB
:10D8E000602D002400E100E0064B2022C3F88C20CC
:10D8F000BFF34F8FBFF36F8F034B1B6858680368EC
:10D90000DB6A184700E100E0602D002410B50446F2
:10D910001C30FBF72AFE28B14FF4E57209490A488A
:10D92000FAF756F8094B2022C3F88C20BFF34F8F2B
:10D93000BFF36F8F63680BB1FAF72EFC00236360AF
:10D9400010BD00BFD39605080497050800E100E06C
:10D95000036819B9986A000C800070473F3103EBE7
:10D9600081014868F7E7000037B50C4600F11C0557
:10D9700021060ED504F07F0128460193FFF7E8FF4A
:10D980009042019B05D240F269220A490A48FAF7FF
:10D990001FF892B221462846FCF726F9022804D146
:10D9A00040F26E2203490548F1E7B0FA80F04009E1
:10D9B00003B030BDD39605082297050812970508D5
:10D9C000D0F804341A7A4AB15A6803681046D3F87A
:10D9D00008181368C1F30D211B6A184770474B00E4
:10D9E000D0F8040403F01E0343EAD11310B4034437
:10D9F00001245C724068036819B15B6A5DF8044BEE
:10DA000018471B695DF8044B184741F08002D0F8B5
:10DA10000404530003F01E0343F0010310B4034455
:10DA200001245C724068036821B19B6A11465DF86D
:10DA3000044B18475B695DF8044B1847D0F8043471
:10DA400058680368DB681847D0F804340121586827
:10DA50000368DB691847D0F804340021586803686C
:10DA6000DB69184770472DE9F341D0F804540026CC
:10DA700004462F46B046C6F3470187F80980204682
:10DA800002370191FCF7E8F801992046FCF7CDF93F
:10DA9000711C87F808802046C1F34701023641F027
:10DAA00080010191FCF7D8F801992046FCF7BDF9F7
:10DAB000102EE0D12B684022802128461C6D0023C7
:10DAC000A0472B68402228461C6D00231946A0471A
:10DAD000686803689B6802B0BDE8F0411847000021
:10DAE00070B50D4E3478BFF35B8F14F0010410D184
:10DAF0003046FAF74DFC60B1084D3046084B2C72A9
:10DB0000C5E90034FAF766FC064A07492846FAF7E1
:10DB10002FFC024870BD00BF5C2D0024642D002442
:10DB2000549705080000002423D50408436D70B500
:10DB30009E0504460D460FD5036D98050CD54FF490
:10DB400000730022012123652A4B1A612A4B2B4ABC
:10DB50001B6852F825009847636DD9070DD5236DD2
:10DB6000DA070AD501230021244A2365214B52F804
:10DB700025001961204B1B689847636DDB010FD5A9
:10DB8000236DDE010CD54FF0807300220221236546
:10DB9000184B1A61184B194A1B6852F82500984710
:10DBA000636D18020FD5236D19020CD54FF40003D5
:10DBB0000022052123650F4B1A610F4B0F4A1B688A
:10DBC00052F825009847636D9A0111D5236D9B018A
:10DBD0000ED54FF00073002207212365054B1A6113
:10DBE000054B064A1B6852F82500BDE870401847EF
:10DBF00070BD00BF00A8004090310024883100248F
:10DC000000210148FFF792BF00A00040FFF7F8BFD6
:10DC100001210148FFF78ABF00A40040FFF7F8BFC9
:10DC200000B5564B8DB00A2800F2A480DFE800F062
:10DC300006162432404E5C6A78869400D3F8E020C1
:10DC40004F4842F00102C3F8E020D3F8E03003F07F
:10DC500001030193019B0DB05DF804FBD3F8E020B4
:10DC6000484842F00202C3F8E020D3F8E03003F065
:10DC700002030293029BEEE7D3F8E020424842F011
:10DC80000402C3F8E020D3F8E03003F00403039368
:10DC9000039BE0E7D3F8E0203C4842F00802C3F8D9
:10DCA000E020D3F8E03003F008030493049BD2E7AC
:10DCB000D3F8E020364842F01002C3F8E020D3F851
:10DCC000E03003F010030593059BC4E7D3F8E02090
:10DCD000304842F02002C3F8E020D3F8E03003F0EF
:10DCE00020030693069BB6E7D3F8E0202A4842F0CB
:10DCF0004002C3F8E020D3F8E03003F0400307937C
:10DD0000079BA8E7D3F8E020244842F08002C3F83C
:10DD1000E020D3F8E03003F080030893089B9AE7F3
:10DD2000D3F8E0201E4842F48072C3F8E020D3F814
:10DD3000E03003F480730993099B8CE7D3F8E0206B
:10DD4000184842F40072C3F8E020D3F8E03003F43E
:10DD500000730A930A9B7EE7D3F8E020124842F44E
:10DD60008062C3F8E020D3F8E03003F480630B93C3
:10DD70000B9B70E70D48FAF78DF800BF004402587E
:10DD8000000002580004025800080258000C025813
:10DD9000001002580014025800180258001C0258C3
:10DDA0000020025800240258002802580C98050848
:10DDB000431C10B5044604D1772206490648F9F7FA
:10DDC00007FE4FF4707104F00F0400F057FB0120C0
:10DDD000A04010BD4A980508559805084B1C70B521
:10DDE00004460E46018216D0C1F30310FFF718FF58
:10DDF00005463046FFF7DCFF238A074A03F00F038E
:10DE00006561206052F82330A36105F110031835D5
:10DE10006360C4E9025570BD18990508B0F9100097
:10DE200000F0E4BB10B50C4B0C4CD4F894209A4293
:10DE3000FBD1D0E90542524302EB4203DB4339B93F
:10DE40002268134023604FF44072044B5A6110BDA6
:10DE500021680B401343F5E700030080006402587B
:10DE600008B501F0C9F8002008BD000010B5F9F7A9
:10DE7000A7FE134B1348144A596A146803881160AB
:10DE80001B1B0B440146B3F5803F16D34FF47A7148
:10DE9000B3FBF1F201FB1233038006E00132A3F57C
:10DEA0007A73B3F57A7FF9D20B80084C23681A4451
:10DEB0002260F9F79BFE206810BD0022F1E700BF49
:10DEC000000C004094310024983100249C3100243F
:10DED000044B054A1878054B002814BF1046184615
:10DEE000704700BF38080024B8980508C098050896
:10DEF000024BD869DA698242FBD17047002C005886
:10DF000008B5F9F75DFE084B01221A700022074B95
:10DF10001A704FF48052064BC3F810211A61BDE805
:10DF20000840F9F763BE00BFA5310024AC310024DE
:10DF300000E100E010B5F9F743FE134B1A7842B93F
:10DF4000124A126811680907FCD5082151600122A4
:10DF50001A700F4C23781BB1FAF71EF900232370B7
:10DF600000230C4A13700C4A13704FF480520B4B71
:10DF7000C3F89020BFF34F8FBFF36F8FBDE8104001
:10DF8000C3F89021F9F732BEA6310024D8B8002496
:10DF9000AE310024AC310024A531002400E100E0C2
:10DFA0005D4B70B51C68C4B01CB1FFF7C3FF44B033
:10DFB00070BD0125C022214614A8584E1D6004F0F2
:10DFC0008FFE4C22214601A804F08AFE33782BB341
:10DFD000042303950A940193802314934FF4C043C0
:10DFE0003C934F494F4BD1F88C209A42FBD101A86A
:10DFF000FCF708F8D8B10023082201A833700A936F
:10E0000080230192012214934FF4004306923C9323
:10E01000FBF7F8FF58B14448F9F73CFF08220A9390
:10E0200080230695019214934FF40043D8E714A877
:10E03000FCF722FE054608B13C48EDE73C4B4FF4A7
:10E04000803134203B4CD3F8F4204FF6FF7642F475
:10E050000062C3F8F420D3F8F42002F400620092C6
:10E06000009AD3F89C2042F40062C3F89C20D3F8B5
:10E070009C2022F40062C3F89C20D3F8A82042F42C
:10E080000062C3F8A8200122FAF7D6FF2A464FF40F
:10E0900080313420FAF7F9FF214B4FF440722046CB
:10E0A000DA60A3F50E3384F8365023604FF48023F2
:10E0B000E5612563C4E90155C4E90355C4E9085580
:10E0C000C4E90A55C4E90563FBF736F9054608B10A
:10E0D0001948A1E7194B1A4A9B68C3F87022BFF38D
:10E0E0004F8F2368314620469A6842F001029A60B9
:10E0F0009A6842F008029A60FBF784F923680822C4
:10E100005A605D611A681207FCD508225A60012224
:10E110000C4B1A704BE700BFA031002438080024D4
:10E12000006402580003008068980508819805087B
:10E1300000440258D8B80024A298050800ED00E079
:10E1400039E20408A631002408B5F9F739FD064B79
:10E1500001221B685A604FF48052044BC3F890218F
:10E16000BDE80840F9F742BDD8B8002400E100E05E
:10E1700070B50446F9F724FDFFF7BAFE264B0546B5
:10E180001C60264A4FF480511161254E18463178A3
:10E19000F1B9611F4FF6F572914222490FD94FF63E
:10E1A000FA7295420BD906340122A4B20A701C609F
:10E1B0001D4B01221A70BDE87040F9F717BD00220F
:10E1C0000A700368AB42194B28BF01221A70EFE7AF
:10E1D000FFF7BAFF00235A19013392B2A24204BFDB
:10E1E0000534A4B2052BF6D1114BAC421B6811D2F9
:10E1F0004FF6FA7295420DD84FF0FF325A61002364
:10E200000C4C33702378002BD5D1F9F7AFFF0123E5
:10E210002370D0E75C61F2E7A831002400E100E060
:10E22000A6310024AD310024AC310024A4310024F7
:10E23000D8B80024AE31002470B5F9F7C1FC2C4BDE
:10E240002C4C1A7832B100221A70012223685A60CD
:10E25000F8F7E6FB23681A68D50706D59A68D00751
:10E2600003D501225A60F8F7DBFB23681A6811070F
:10E2700024D59A68120721D508221F4C5A60012222
:10E280001E4B1A7023781BB1F9F786FF0023237009
:10E290001B4C237893B11B4D1B492B7803F0FF06D1
:10E2A000B3B1FFF725FE06300B6880B2984209D360
:10E2B000FFF726FE00232B7000232370BDE870407B
:10E2C000F9F794BC0868063880B2FFF751FFF1E710
:10E2D0000E4D2B7843B1FFF70BFE0B68984203D32A
:10E2E000FFF70EFE2E70E7E70868FFF741FFE3E750
:10E2F000A5310024D8B80024AE310024A631002472
:10E30000AC310024AD310024A8310024A431002414
:10E31000FFF710BE70470000384B5A6973B5910380
:10E3200015D45A6912F4003211D1BFF34F8FBFF3E5
:10E330006F8FC3F85022BFF34F8FBFF36F8F5A69AF
:10E3400042F400325A61BFF34F8FBFF36F8F2B4BF4
:10E350005A69D20327D45A6912F4803223D1C3F800
:10E360008420BFF34F8FD3F8802043F6E074C2F3CC
:10E37000C900C2F34E32520102EA0406014646EADF
:10E3800081750139C3F86052F9D2203A12F1200F99
:10E39000F2D1BFF34F8F5A6942F480325A61BFF312
:10E3A0004F8FBFF36F8F164CD4F8E03043F00073FB
:10E3B000C4F8E030D4F8E03003F000730193019B1F
:10E3C000FEF742FCFAF7D8FD236F9B0707D4FBF753
:10E3D0007DFDFAF711FE236F23F018032367022057
:10E3E000FBF78AFDFEF746FEFEF72EFCFFF792FFD5
:10E3F000044B01221A6002B070BD00BF00ED00E0C6
:10E4000000440258B031002452B101F00301064B20
:10E410000329596805D0000503D521EA02025A6094
:10E4200070470A43FBE700BF0004005830B5114BAA
:10E43000114DD5F894409C42FBD14943012A01EB90
:10E4400041034FEA41046FEA030304D0022A0BD0D0
:10E45000C1680B400BE0C26813401943C160064B12
:10E460004FF440725A6130BDC1680B402343C36012
:10E47000F5E700BF00030080006402582DE9F8436F
:10E48000461C05460C4600F090801FFA80F9514A60
:10E4900040F40061B2F90030581C29D100264E4BDF
:10E4A00009F00F02C5F3031053F82270FFF7B8FB11
:10E4B0004A494B4BD1F894209A42FBD1C4F38311C3
:10E4C00007FB07F20F2902EB42036FEA030C24D18A
:10E4D00081680B434FF4407E04F0070183603F4B9B
:10E4E000C3F814E003296FD8DFE801F03A3A1C3A88
:10E4F00043F400638B420ED104F003035668032BF0
:10E50000CDD119F4006FCAD0324621462846BDE865
:10E51000F843FFF779BF0832BCE7836851430CEA40
:10E520000303D6E7DFF8B8E0D3F89480F045FBD1D9
:10E5300019F0080FC4F3832839D03B0AD0F824E03F
:10E540005B435B43C3EB031903FB08F32EEA090E9D
:10E550004EEA03034362214B4FF4407EC3F814E0BC
:10E56000DFF878801E4BD8F894E09E45FBD1036815
:10E570004A4301390CEA030C01294CEA0202026009
:10E5800005D8436822074CBF3B43BB434360C4F3F9
:10E5900001123946FFF74AFF324621462846FFF767
:10E5A00033FF0E4B4FF440725A61BDE8F88302FB13
:10E5B00002F9036AC9EB091E23EA0E0E09FB08F3F0
:10E5C0004EEA03030362C6E7D52206490648F9F777
:10E5D000FFF900BFF0980508189905080064025873
:10E5E00000030080E5980508D887050838B5431C66
:10E5F0000C4629D000F00F021D4BC0F3031053F856
:10E600002250FFF70DFB1B491B4BD1F894209A4277
:10E61000FBD105FB05F2016802EB42030B40B3FBA3
:10E62000F2F3013B012B19D8E31E022B43680CD8EF
:10E630002B43032C436019D101222946FFF7F6FE34
:10E640000C4B4FF440725A6138BD23EA0503012C8C
:10E650004360F1D0022C07D00022EEE704F0FD0366
:10E66000012BE9D0052CF5D10222E6E7052CF2E7D3
:10E67000189905080064025800030080C069C0F3BF
:10E68000801070470FB4074B1B6807B5064905AAF1
:10E69000D868019207F0A8FB03B05DF804EB04B062
:10E6A000704700BF440800245899050810B58049F8
:10E6B0000446804BD1F88C209A42FBD123687E4AD5
:10E6C000934257D17D4AD2F8981041F01001C2F818
:10E6D0009810D2F8981021F01001C2F89810D2F8D2
:10E6E000F01021F01001C2F8F010754A934240F08A
:10E6F0008980724BD3F8982042F02002C3F898200A
:10E70000D3F8982022F02002C3F89820D3F8F02004
:10E7100022F02002C3F8F020654B4FF4407240F223
:10E72000C331B4F91800DA60FFF7A8FE40F2C33134
:10E73000B4F91A00FFF7A2FEE36923F40073B3F5FE
:10E74000807F05D140F2C331B4F92000FFF796FE77
:10E75000E36923F48073B3F5007F05D140F2C33140
:10E76000B4F92200FFF78AFE62680021554B43F896
:10E77000221010BD544A93421DD002F5806293428C
:10E780002DD0524A934252D0514A9342ADD14B4B75
:10E79000D3F8902042F48012C3F89020D3F8902050
:10E7A00022F48012C3F89020D3F8E82022F48012DB
:10E7B000C3F8E820B0E7414AD2F8901041F40031A4
:10E7C000C2F89010D2F8901021F40031C2F89010E5
:10E7D000D2F8E81021F40031C2F8E81085E7374A92
:10E7E000D2F8901041F48021C2F89010D2F8901025
:10E7F00021F48021C2F89010D2F8E81021F4802191
:10E80000C2F8E810334A934224D12C4BD3F890201D
:10E8100042F08042C3F89020D3F8902022F080424A
:10E82000C3F89020D3F8E82022F08042C0E7234AC2
:10E83000D2F8901041F40021C2F89010D2F8901054
:10E8400021F40021C2F89010D2F8E81021F4002140
:10E85000C2F8E810204A934217D0204A93427FF42E
:10E860005BAF164BD3F89C2042F00802C3F89C2003
:10E87000D3F89C2022F00802C3F89C20D3F8F4209F
:10E8800022F00802C3F8F42046E70C4BD3F890209E
:10E8900042F00042C3F89020D3F8902022F00042CA
:10E8A000C3F89020D3F8E82022F0004280E700BFB0
:10E8B0000064025800030080001001400044025828
:10E8C00000140140302D002400440040004C004062
:10E8D0000050004000780040007C0040000C0058D0
:10E8E000426890235343054AD358DA69120701D589
:10E8F00008221A62D869C0F340107047A8B20024F9
:10E90000426890235343034AD358D869C0F3C010D8
:10E91000704700BFA8B2002438B542689023016850
:10E920005343204A99509C1882686260B2F5965F02
:10E93000C36838BF0725A3600369E36043692361A7
:10E94000C369A3614FF0000328BF1D46A4F85630E9
:10E95000E361A4F85430A4F85E30A4F85C3023627C
:10E960006366C4E90953B0F91A3001330FD10823A3
:10E9700063610D4B994205D1B2F5165F20460DD863
:10E98000FDF7B6FB2046BDE83840FDF781BBB0F986
:10E99000183001330CBF04230C23E9E7FDF7B8FB63
:10E9A000F0E700BFA8B20024000C005802682C4B0E
:10E9B0009A4270B50446C4B00D46816046D100212C
:10E9C000BC2215A804F08CF904231493254B196874
:10E9D00011F0040116D1482202A804F081F90223A3
:10E9E000214E0193012304930A93402305931F4B67
:10E9F000D6F88C209A42FBD101A8FBF703FB4FF419
:10EA00004073F360174B1B685B0711D50323164E49
:10EA10003993164BD6F88C209A42FBD114A8FCF7F8
:10EA20002BF94FF440732046F360FFF775FFA8B150
:10EA300000230D4E39930D4BD6F88C209A42FBD112
:10EA400014A8FCF719F94FF44073F3602046FFF760
:10EA500063FF18B129460648FFF714FE44B070BDA5
:10EA6000000C005800440258006402580003008063
:10EA700058990508012A10B50ED0022A24D0002486
:10EA80000929446126D010DC072910D008290CD1AF
:10EA90007AB14FF480520CE04FF4C0620829426111
:10EAA000F7D0092918D0072902D00D4815E072B116
:10EAB0000022022BC2600CBF4FF400530023BDE8BC
:10EAC00010400361FFF728BF4FF48062E6E74FF084
:10EAD0008052EEE7002ADCD00248F9F7DBF900BFEC
:10EAE000B1990508829905081A4B984222D0A3F5DE
:10EAF0004C43984220D003F5806398421ED003F522
:10EB0000806398421CD003F5806398421AD003F5C5
:10EB10004443984218D0A3F51C43984216D003F5FD
:10EB20008063984214D00C4B984214BF4FF0FF30D2
:10EB3000082070470020704701207047022070476E
:10EB40000320704704207047052070470620704757
:10EB50000720704700100140000C00582DE9F047D5
:10EB60000F4616468AB0824904463846F7F7AAFF90
:10EB7000824680493046F7F7A5FF01465046F7F731
:10EB80007DFF7B4905463846F7F7B2FF7949814654
:10EB90003046F7F7ADFF092F80460AD0172E08D070
:10EBA00073490920F7F78EFF50450CD17248F9F7E9
:10EBB00071F94FF0010A691C256007D13E226F49A7
:10EBC0006F48F8F705FF4FF0000AF4E76D4B9D42E0
:10EBD00036D16D4BD3F8F02042F01002C3F8F0208C
:10EBE000D3F8F03003F010030193019B674B9D4273
:10EBF00036D1654BD3F8E82042F40022C3F8E82070
:10EC0000D3F8E83003F400230493049B604B9D4247
:10EC100036D15D4BD3F8E82042F08042C3F8E820BB
:10EC2000D3F8E83003F080430793079B2846FFF7AB
:10EC30005BFF0028606066DA9D2250495548C0E7B6
:10EC4000554B9D422DD1504BD3F8E82042F4003271
:10EC5000C3F8E820D3F8E83003F400330293029BB2
:10EC60004E4B9D422DD1484BD3F8E82042F4801200
:10EC7000C3F8E820D3F8E83003F480130593059B2C
:10EC8000474B9D422DD1404BD3F8E82042F0004243
:10EC9000C3F8E820D3F8E83003F000430893089B5A
:10ECA000C4E7404B9D42A1D1374BD3F8E82042F452
:10ECB0008022C3F8E820D3F8E83003F480230393DC
:10ECC000039B394B9D42A1D12F4BD3F8F02042F04A
:10ECD0002002C3F8F020D3F8F03003F020030693AD
:10ECE000069B324B9D42A1D103F50E33D3F8F4209D
:10ECF00042F00802C3F8F420D3F8F43003F008031C
:10ED00000993099B92E749463846FFF7B7FB012173
:10ED10003846FFF76BFC41463046FFF7AFFB304605
:10ED20000121FFF763FC00234FF4E1322046E36149
:10ED300027836683C4E90223C4E90433FFF7ECFDAB
:10ED4000BAF1000F10D01A4B012204F120051A600D
:10ED5000184B2068083454F8041C1A46AC4203C20D
:10ED60001346F6D1206810600AB0BDE8F08700BFF6
:10ED7000C094050864930508DF990508319A0508D1
:10ED80003E9A05080010014000440258004C004023
:10ED9000007800405A9A05080044004000500040A6
:10EDA000007C00400048004000140140000C005866
:10EDB000B431002410B900242A4808B5036813F0C0
:10EDC000010304D0FFF75AFCB0FA80F35B09264830
:10EDD0000268D10704D5FFF751FC002808BF0123C2
:10EDE00022480268D20704D5FFF748FC002808BF74
:10EDF00001231F480268D10704D5FFF73FFC002814
:10EE000008BF01231B480268D20704D5FFF736FC70
:10EE1000002808BF012318480268D10704D5FFF76E
:10EE20002DFC002808BF012314480268D20704D52E
:10EE3000FFF724FC002808BF012311480268D1070E
:10EE400004D5FFF71BFC002808BF01230D4802680A
:10EE5000D20704D5FFF712FC002808BF012318468B
:10EE600008BD00BF001001400044004000480040C1
:10EE7000004C004000500040001401400078004069
:10EE8000007C0040000C005808B5F8F799FE064BCE
:10EE90000121186810F0010018BF0846FBF71EF8A2
:10EEA000BDE80840F8F7A2BE0048025870B594B01B
:10EEB000FFF782FF0446002875D1F8F781FE3B4D2D
:10EEC00000F046F9012102222E680846FBF750F8AF
:10EED000012122460846FBF74BF8F60703D52B68BD
:10EEE00043F001032B600023314D32492B60324B3C
:10EEF000D1F890209A42FBD12C4B1A6994063CD54C
:10EF00005B69980639D52B4E2B4BD6F88C209A424C
:10EF1000FBD14C22002101A803F0E2FE01A8FBF77F
:10EF200015FD0223012101A801931023CDE904134B
:10EF300000230A93FBF766F8044610B11F48F8F760
:10EF4000A9FF01462022009001A803F0C9FE6946EE
:10EF500001A8FBF777FD1B23009901A801930794F3
:10EF6000029404940694FBF785FB08B11448E6E785
:10EF7000FEF780F84FF44073F3600C4A136943F4D2
:10EF8000007313614FF440720A4B1A610D4B596ABA
:10EF90005A6A521AB2F5FA7FFAD300F0F1F8012357
:10EFA0002B60F8F723FE14B070BD00BF0048025874
:10EFB000B031002400640258000300806C9A0508F8
:10EFC000919A0508000C0040074B084A13601A6923
:10EFD000910707D5DA68920704D56FF002021A612B
:10EFE000F7F7B2BF704700BF000C004038B90024EB
:10EFF00000487047BC9A050830B58BB0694602A836
:10F00000FBF720FDFBF77EFC274B0090D3F8E820B0
:10F01000264942F00802C3F8E820D3F8E82002F0BD
:10F0200008020192019A224AD1F88C409442FBD105
:10F03000D3F890201F4C42F00802C3F89020D3F878
:10F04000902022F00802C3F890204FF44073CB6068
:10F05000194B079A23604FF0FF33E360174B0ABB4D
:10F060000025B0FBF3F001382561A5606060114810
:10F07000C4E90555FCF7A2FC114B124A9B68C3F882
:10F080000821BFF34F8F104B4FF480225A6009487C
:10F090002946FCF7D1FC2268D36823F00203D36031
:10F0A0000BB030BD4000DBE700440258006402585A
:10F0B0000003008038B90024000C004040420F00DB
:10F0C00000ED00E0C9EF040800E100E00448002181
:10F0D0000268D36823F00203D360FCF7ADBC00BF25
:10F0E00038B90024014B586A704700BF000C00403B
:10F0F000054B6FF002021B6858631A61DA6842F030
:10F100000202DA60704700BF38B90024064B6FF086
:10F1100002021B681A615A6942F002025A61DA68F7
:10F1200042F00202DA60704738B90024034B1A68D3
:10F13000D36823F00203D360704700BF38B90024BE
:10F14000024B6FF002021B681A61704738B9002445
:10F15000064B074A1B68596A11605A6B054B1A60C7
:10F16000054BDA68054B1A60704700BF38B90024B8
:10F1700088B9002434B90024000C004084B900246C
:10F18000064B074A1B6812685A62064A12685A639D
:10F19000054B1A68054BDA60704700BF38B9002488
:10F1A00088B9002434B9002484B90024000C00403C
:10F1B0005028F8B51CD000F00F040C2C56D8DFE80E
:10F1C00004F0074151071F555555552723071F00C8
:10F1D000144654F8045B45B100F07006102E08BFC9
:10F1E00011460D44020648BF2D681D602046F8BD3B
:10F1F000033222F0030454F8045B1D602046F8BD7E
:10F20000144654F8085BE6E7144634F9025BE2E77B
:10F2100000252F46144614F801CB0CF07F06BE40A3
:10F220001CF0800F45EA060507F10707F3D11F2FF1
:10F23000D1D81CF0400FCED04FF0FF3606FA07F7BA
:10F240003D43C9E700252F46144614F801CB0CF0C6
:10F250007F06BE401CF0800F45EA060507F1070750
:10F26000F3D1B8E7144634F8025BB4E702F0E4F8EF
:10F2700000F07000202811D00BD9402806D050286B
:10F280000AD030280DD1084602F0CCB8084602F06A
:10F29000B9B808B1102804D100207047084602F020
:10F2A000C5B808B502F0C8F8F8B50C4615460746CB
:10F2B00008B102F0A7F828602678FF2E04F10104B7
:10F2C00029D1686023782B75FF2B04F1010032D01F
:10F2D000102300242B75224610F8011B01F07F0338
:10F2E0009340090644EA030402F10702F4D40444FB
:10F2F000EC6003786B7500240130224610F8011B86
:10F3000001F07F0393401C430B0602F10702F5D482
:10F3100004442C61F8BD39463046FFF7A9FF224668
:10F3200001462B1D3046FFF743FF0446601C23783F
:10F330002B75FF2BCCD10023EB60DAE72DE9F04FE2
:10F3400000F0030499B00023012C884617460C9363
:10F3500000F096800DD3022C40F05F823946404683
:10F3600002F03CF8002800F09B80092019B0BDE8AD
:10F37000F08F0207F2D40123049318AA002342F865
:10F380002C8D1946009238460C2201F0B7FA384607
:10F3900002F03EF805900028E0D012AB1A4605991D
:10F3A00006933846FFF780FF05469DF85C00FF286E
:10F3B00000F0E5803946FFF75BFF044600230DF1BE
:10F3C000440B1946CDF800B00F223846149401F0D2
:10F3D00073FA119E169B26F001069D4206F1FF3638
:10F3E00080F0D4800DF13C0A0DF140099DF85D409C
:10F3F000FF2C4FF0000103D02046FFF739FF0146F4
:10F400002A4620465346FFF7D3FE9DF85D40FF2C69
:10F4100005464FF0000103D02046FFF729FF0146C3
:10F420002A4620464B46FFF7C3FE9DF85D40FF2C61
:10F4300005464FF0000103D02046FFF719FF0146B3
:10F440002A4620465B46FFF7B3FE002405462146C8
:10F4500015F8012B02F07F038B401C43130601F1CA
:10F460000701F5D4129B0F9A1344B3421FD9049B92
:10F47000DB0700F19180049B1C0715D500F00CFB05
:10F4800010F008041CD018AA44F0020442F82C1D05
:10F490003846009219460C22049401F02FFA76E7C0
:10F4A000082019B0BDE8F08F404600F0D7F9109A57
:10F4B0001344B34200F28880169BAB4296D8D6E73D
:10F4C00012AB009306930D22234621463846D8F806
:10F4D000205001F0F1F9129B9D4202D002230493C7
:10F4E0004BE718AA234642F82C8D21460092384655
:10F4F0000C2201F003FAD8F830300393002BD3D05C
:10F50000D8F828301A46D8F82C3005930DF13C0A6B
:10F510000DF140091346002B1C46C0F2278103253C
:10F5200018A9002341F8288D1A460091384619463B
:10F5300001F0E4F9002319460122CDF800A0384675
:10F540000F9401F0DBF9002319460F22CDF800904B
:10F55000384601F0B1F9109B039ACDF8009003F002
:10F56000010400231443384619460F22109401F079
:10F57000C5F9022D05D0072019B0BDE8F08F002491
:10F580001CE7404600F00EFB0720EFE6049BD9077E
:10F590007FF571AF0DF14009002403940023194653
:10F5A0000D22CDF8009038460C9D01F085F9059AA2
:10F5B000109BC8F82C20039AC8F83020C8E90954D9
:10F5C000C8F820300620D1E6119B002B3FF4C6AED0
:10F5D000139A9A180392002C00F0F080169B013CBD
:10F5E0002344002A3FF4BAAE002B00F0F880049ABE
:10F5F00012F00802099200F0038147214E2288F898
:10F60000001088F801205521432288F8021088F85C
:10F61000032046214F2288F8041088F80520522143
:10F62000002288F8061088F80720CDE90A7A00221F
:10F630000792CDF820900024214600E02B461D467D
:10F6400015F8010B00F07F028A40060644EA020426
:10F6500001F10701F2D41F2905D8400603D5012284
:10F660008A405242144300263146A14613F8010F46
:10F6700000F07F028A401643020601F10701F5D42B
:10F680001F2905D8470603D501238B405B421E4343
:10F69000002C4CD04EDC04F1010ACAEB8A72159B97
:10F6A00003EB820753F82210B8F1000F01D0099B39
:10F6B0002BB151B3002E00F08B80AB19BBE70C9B34
:10F6C000119329B991E057F8041F002900F08D80AB
:10F6D00039445B460022404600F00CFA0028F2D084
:10F6E000E8E7E2005242DDE914131A44089BFFF7F1
:10F6F0005FFD109949B1B8F1000FDBD00CAB0022CF
:10F70000404600F0F7F90028D4D0049BD8074A46B9
:10F71000DDE90A7ADDF820903FF540AF099B002B28
:10F720003FF4F8AE002CBFF6FAAE00F0C3F90123A7
:10F730000793BFE79DF85C00FF283BD000F007036C
:10F74000042B6AD801A252F823F000BF67F704081F
:10F750001BF8040861F7040867F70408E3F60408D7
:10F7600062005242BFE7A2005242BCE701331D468D
:10F77000DDE905123846FFF797FD9DF85C00FF288C
:10F780001AD03946FFF774FDC5EB85729200159DBE
:10F790001490AB58154433B12A46002352F8041F85
:10F7A00001330029FAD10422C8E90C25C8E90A303E
:10F7B0000325B5E6002296E70020E5E7039B002B32
:10F7C0003FF4CCAD049BDA073FF5C8AD0225A7E6B0
:10F7D000DDE90739DDE90A7A002B3FF4BFAD049B70
:10F7E000DD073FF5BBAD0024F0E7049B0A9FDDF881
:10F7F0002090DE075546DDF82CA03FF5CFAEB7E7E9
:10F8000098F80720012A0CBF58F8202C08F158025C
:10F810000C920AE700F0A0F830E601F00DFE00BF00
:10F820000378472B01D00020704743784E2BFAD144
:10F830008378552BF7D1C378432BF4D10379432B2D
:10F84000F1D143792B2BEED183792B2BEBD1C079DE
:10F8500001288CBF00200120704700BF10B530B1D7
:10F86000044600F079F82046FFF7DAFF08B900F007
:10F8700013F954F8140C00F0FBF800BF2DE9F04F19
:10F8800085B00246FFF7CCFF50B152E9068510461D
:10F89000966AD2E90C7400F05FF8404600F006F971
:10F8A000104600F059F800F005F900F055F800F0A6
:10F8B000F3F800F051F800F0D3F8036893F827202C
:10F8C0000DF1100A012A0CBF1A6803F178024FF0FB
:10F8D000000820334AF8082D27F0030B0193C14696
:10F8E000B1451BDA276807B1274453460022394641
:10F8F000019800F0FFF8E8B93B6814491B690093D0
:10F9000004AA012342F8040D3846009FB847002896
:10F9100018BF804609F101095C44E1E7B8F1000F26
:10F9200010D0042000F0D2FA094B0360094A0749BD
:10F9300000F0F0F900F00AFA00F04EF800F04CF890
:10F9400000F0D2F8284600F093F800BFEC9A0508C2
:10F95000709B0508BDFD040838B5044600F084F826
:10F9600022780368472AA4F1200104D08BBB1C46EF
:10F970000160204638BD62784E2AF7D1A278552A18
:10F98000F4D1E278432AF1D12279432AEED1627987
:10F990002B2AEBD1A2792B2AE8D1E279012AE5D8EA
:10F9A00054F80C2C002A11DB0132456844F80C2C69
:10F9B0008B4205F1FF3545601CBF44F8103C0160E7
:10F9C0002046646A00F070FF204638BDC2F1010293
:10F9D000EBE700F061F800BF08B500F041F802461F
:10F9E000006870B390F82030472B06D000231360D6
:10F9F0002030BDE8084000F059BF90F821304E2B70
:10FA0000F4D190F82230552BF0D190F82330432BCD
:10FA1000ECD190F82430432BE8D190F825302B2BF3
:10FA2000E4D190F826302B2BE0D190F82730012B31
:10FA3000DCD84369002B05DB013B002B07D00DDB35
:10FA4000436108BD0133FBD101691160F8E7036927
:10FA500013602030BDE8084000F028BF00F01CF81B
:10FA600000487047B831002400487047B83100247E
:10FA700008B5804701F0E0FCFFF76EFF01F0DCFC09
:10FA80000D460446FFF7A8FF013501D000F02CF821
:10FA90002046FFF7F3FE00BF08B5034B1868BFF31D
:10FAA0005B8FFFF7E5FF00BF3C08002408B58047E7
:10FAB000FFF7F2FF08B5034B1868BFF35B8FFFF742
:10FAC000F5FF00BF40080024024B1868BFF35B8FAE
:10FAD000704700BF3C080024024B1868BFF35B8FDF
:10FAE000704700BF400800241EB400F08DF81EBC13
:10FAF00001F09EFAF0B50278472A83B00D461F4602
:10FB00001ED00023254C0193236820469B6898470C
:10FB100080B1019B1B68019302262B682146284671
:10FB20001C6901AA0123A04730B1019B3B6030460C
:10FB300003B0F0BD0126F0E70646304603B0F0BD45
:10FB400043784E2BDDD18378552BDAD1C378432B04
:10FB5000D7D10379462B15D00379432BD1D14379E3
:10FB60002B2BCED183792B2BCBD1C379012BC8D8AA
:10FB700050F8204C02D058300190C5E7204654F888
:10FB8000784CF9E743794F2BE6D18379522BE3D1B7
:10FB9000C379002BE0D10193014CB5E7E49A050845
:10FBA000DC9A050810B50446FFF75EFF2378472B63
:10FBB000A4F1200204D0836823BB8260012010BD21
:10FBC00063784E2BF7D1A378552BF4D1E378432BF0
:10FBD000F1D12379432BEED163792B2BEBD1A37990
:10FBE0002B2BE8D1E379012BE5D854F8043C013301
:10FBF000012B44F8043CE1D1836844F8083C82605E
:10FC0000012010BDFFF748FF08B5FFF72DFF8368FF
:10FC100083B393F82020472A04D00022826003F1A6
:10FC2000200008BD93F821204E2AF6D193F8222017
:10FC3000552AF2D193F82320432AEED193F82420B9
:10FC4000432AEAD193F825202B2AE6D193F82620DF
:10FC50002B2AE2D193F82720012ADED8DA69013A6B
:10FC6000DA61002ADBD19A69826000229A6103F18D
:10FC7000200008BDFFF710FF012810B51AD8BFF308
:10FC80005B8FA1F1280353E8002F013A43E80020DD
:10FC90000028F8D1BFF35B8F5AB951F81C3C01F131
:10FCA00058040BB1204698472046BDE8104000F0AC
:10FCB00025B910BD51F8140CFFF7DAFEF8B5002590
:10FCC00040E91E1240F8805C0446FFF705FF44F847
:10FCD000700CFFF7F9FE472343224E2755260C49A7
:10FCE00004F8583C2B2304F8515C04F8577C04F8C2
:10FCF000566C44F8501C04F8552C04F8542C04F8A5
:10FD0000533C04F8523C44F86C0CA4F18000F8BD5C
:10FD100079FC0408F8B505460E461746FFF7A4FE21
:10FD20004368044601333A46314663602846FFF78C
:10FD3000C5FF0446012344F8283B204601F066F93C
:10FD40002046FFF709FEFFF7A7FE00BF10B5FFF73B
:10FD50008BFED0E900420132426064B194F8202069
:10FD6000472A0AD0002202602034204601F072F9AE
:10FD70002046FFF7F1FDFFF78FFE94F821204E2A71
:10FD8000F0D194F82220552AECD194F82320432A6C
:10FD9000E8D194F82420432AE4D194F825202B2A92
:10FDA000E0D194F826202B2ADCD194F82720012AD0
:10FDB000D8D8626952426261D6E700BF704700BF7F
:10FDC00000487047C89A050810B504210446F8F7A2
:10FDD00055FD204610BD00BFF0B4224C6368A0F171
:10FDE00008061BB350F8087CF519AB421ED822D088
:10FDF0005968002931D08D4203D32EE0954205D2B7
:10FE000011464A681C1D0B46002AF7D195421CD0AA
:10FE100023681A6899188E421CD05B6840F8043C2D
:10FE2000236840F8087C5E60F0BC704740F8043CF2
:10FE30006660F0BC7047D3E90023174440F8087CA3
:10FE400040F8043C6660F0BC7047D5E900324A6077
:10FE50001F44DDE717441F60EBE70A4604341946E8
:10FE6000D4E700BFC431002430B4174C00F10802BD
:10FE70006368082A38BF082203B30732196822F0E2
:10FE800007028A4204D81BE001688A4205D903466A
:10FE900058680028F8D130BC704704338C1A072CFE
:10FEA000456808D981184D6084501868026019604F
:10FEB000083030BC704701601D60F9E71846EAE77A
:10FEC0001846231DEAE700BFC431002410B500F135
:10FED0008004204602F0B6FA38B1034680220021A1
:10FEE000184602F0FDFE803010BD2046FFF7BCFF33
:10FEF00003460028F2D1FFF7CFFD00BF064A936802
:10FF00008038984203D9D2681344984201D302F052
:10FF1000A1BAFFF761BF00BFC431002438B5084C57
:10FF20004FF41E652846E56002F08CFAA06020B10F
:10FF300000236060C0E9005338BDE060606038BDF8
:10FF4000C431002410B5034B0360044600F0C2F82E
:10FF5000204610BDB89B050810B5054B036004464C
:10FF600000F0B8F820460C21F8F788FC204610BDB8
:10FF7000B89B050870B582B00E46069C94420546B3
:10FF800009D0A868056806942C6A3146A44602B0D8
:10FF9000BDE87040604719460192009300F062F896
:10FFA000DDE900320028ECD0062002B070BD00BFB1
:10FFB0002DE9F04F0E4681B019461F469146834603
:10FFC000DDE90A4ADDE90C8500F04CF870B1002E3D
:10FFD0002C6085F804901DDB3444A0450CBF06243A
:10FFE0000124AC71002001B0BDE8F08F444516D06B
:10FFF000DBF80800D0F800C0CDE90C85CDE90A4A4D
:020000040805ED
:10000000DCF81C403B464A463146A44601B0BDE8F8
:10001000F04F60470236E5D10123AB71E2E751466C
:10002000584600F01FF80028E2D085F80590D9E77F
:100030002DE9F04107460C4615461E4600F084F8AF
:1000400008B1BDE8F081B86807682146BC6933464D
:100050002A46A446BDE8F041604700BF704700BF94
:100060000020704781420FD008B5406803782A2BE2
:100070000CD049680B782A2B08BF013103F094F8A3
:10008000B0FA80F0400908BD01207047002008BD8B
:1000900070B5036884B000249E690094102315464F
:1000A000CDE9023412688DF804406B46B0479DF8E4
:1000B000043003F00603062B03BF009B2B600120D6
:1000C000204604B070BD00BF009890420CBF0620CF
:1000D0000120704710B5034B03600446FFF7BEFFD5
:1000E000204610BD2C9C050810B5054B0360044646
:1000F000FFF7B4FF20460821F8F7C0FB204610BDEB
:100100002C9C05082DE9F041DDE90814069D8D427F
:1001100090461F4606460CD039463046FFF7A2FFF0
:1001200020B10123256084F80480A3710020BDE87C
:10013000F0810799FFF796FF0028EDD084F805803D
:100140000020BDE8F08100BF38B515461C46FFF71A
:1001500089FF20B1082206232560E260237138BDA3
:100160002DE9F04117461C4606460D46FFF77AFF7B
:1001700008B9032C01D9BDE8F0812B683A46314615
:1001800028465B69BDE8F041184700BF7BB972B9EA
:100190000029BEBF00204FF0004106E008BF002844
:1001A0001CBF6FF000414FF0FF3001F043B9ADF1DB
:1001B000080C6DE904CE002909DB002B1ADB00F0E6
:1001C0004DF8DDF804E0DDE9022304B07047404259
:1001D00061EB4101002B1BDB00F040F8DDF804E08F
:1001E000DDE9022304B0404261EB4101524263EB7E
:1001F00043037047524263EB430300F02FF8DDF8EE
:1002000004E0DDE9022304B0404261EB41017047A4
:10021000524263EB430300F021F8DDF804E0DDE92E
:10022000022304B0524263EB4303704753B94AB907
:10023000002908BF00281CBF4FF0FF314FF0FF30EE
:1002400001F0F8B8ADF1080C6DE904CE00F006F845
:10025000DDF804E0DDE9022304B070472DE9F04742
:10026000089E04468846002B4BD18A42154667D922
:10027000B2FA82F24AB1C2F1200701FA02F320FA7F
:1002800007F7954047EA030894404FEA154E230CC0
:10029000B8FBFEF71FFA85FC0EFB178843EA0843FC
:1002A00007FB0CF1994209D9EB1807F1FF3080F0F8
:1002B0001B81994240F21881023F2B445B1AA4B281
:1002C000B3FBFEF00EFB103344EA034400FB0CFCCE
:1002D000A44509D92C1900F1FF3380F00781A4450A
:1002E00040F2048102382C4440EA0740A4EB0C049D
:1002F00000271EB1D4400023C6E900433946BDE8BB
:10030000F0878B4209D9002E00F0EB800027C6E968
:10031000000138463946BDE8F087B3FA83F7002F6D
:1003200047D18B4202D3824200F2FA80841A61EBF9
:10033000030301209846002EE0D0C6E90048DDE71F
:1003400002B9FFDEB2FA82F2002A40F08F80491B28
:100350004FEA154E1FFA85F80127B1FBFEFC230C6E
:100360000EFB1C1143EA014308FB0CF1994207D92B
:10037000EB180CF1FF3002D2994200F2CD80844696
:10038000591AA3B2B1FBFEF00EFB101443EA044469
:1003900008FB00F8A04507D92C1900F1FF3302D261
:1003A000A04500F2B6801846A4EB080440EA0C40D1
:1003B0009FE7C7F1200CBB4022FA0CFE4EEA030E69
:1003C00001FA07F420FA0CF521FA0CF34FEA1E4863
:1003D0002543B3FBF8F92C0C08FB19331FFA8EFAEE
:1003E00044EA034309FB0AF49C4202FA07F200FACA
:1003F00007F10BD91EEB030309F1FF3080F0878072
:100400009C4240F28480A9F1020973441B1BADB2E7
:10041000B3FBF8F008FB103345EA034400FB0AFA8B
:10042000A24508D91EEB040400F1FF336BD2A245AC
:1004300069D90238744440EA0940A0FB0289A4EB60
:100440000A044C45C2464B4654D351D0002E69D0C5
:10045000B1EB0A0564EB030404FA0CFCFD40FC401C
:100460004CEA0505C6E90054002747E7C2F120031E
:1004700020FA03F7954001FA02F021FA03F34FEA5C
:10048000154E3843010CB3FBFEF71FFA85F80EFB3F
:10049000173341EA034107FB08F38B4204FA02F4E5
:1004A00007D9691807F1FF3C2FD28B422DD9023FA3
:1004B0002944CB1A81B2B3FBFEF00EFB103341EAA4
:1004C000034100FB08F38B4207D9691800F1FF3C98
:1004D00017D28B4215D902382944C91A40EA074776
:1004E0003BE73746304609E70746E7E61846FBE6AE
:1004F0004145ABD2B8EB020A69EB0E020138134654
:10050000A4E76046E9E7184695E76746D1E78146E4
:100510007CE702382C4447E7ACF1020C2B442FE770
:10052000384608E73746E9E603685A004CBF43F00F
:10053000004323F000431844704700BF61B32DE926
:10054000F84F01F1FF3A90460646D146002707EBE7
:10055000090404EBD4746410E50071190846FFF730
:10056000E3FFA245834605F10800304409D0FFF7B8
:10057000DBFFC34500F1FF3005D8404509D2671CB9
:10058000E5E7C34505D9A74202D004F1FF39DEE70C
:1005900000210846BDE8F88F08467047012807D0BB
:1005A000022807D0044B00280CBF184600207047D3
:1005B0000248704702487047890C05088D0C0508F1
:1005C000910C050830B5254B83B004468D1E4BB306
:1005D00001A92846AFF30080F0B101992A46FFF740
:1005E000ADFF0146C0B1FFF79FFF4B68A064012B30
:1005F0002ED0002B01F1040026DBFFF795FF00232E
:10060000C4E913030368002B12DBFFF78DFF0023FF
:100610002061184603B030BD00232361092318462A
:1006200003B030BD0E490F48091AC9100191D5E732
:10063000C3F30360FFF7B2FF002814BF00230923B0
:100640002061184603B030BD0123C4E91303D9E784
:10065000002323610523184603B030BD00000000CD
:10066000ACA7050824A205080368DA0710B50446FC
:1006700006D49B0700F1480009D500F05FFC236811
:10068000590709D51A070ED5DB0613D510BD00F0A2
:100690004DFC23685907F5D404F1D00000F056FC56
:1006A00023681A07F0D404F5A87000F057FC2368FB
:1006B000DB06EBD404F5E870BDE8104000F092BC16
:1006C000036803B103441846704700BF0920704710
:1006D000704700BF70B504460D4608E02B6C63619F
:1006E0002A462369214601209847082808D1296C09
:1006F0002046FFF767FF06460028EFD000F09CFE7B
:100700000728FBD13046296CFFF7E2FF281D00F0D7
:1007100001FC00BF2DE9F0470C1D054617460FCC24
:10072000ADF5727D03AE0FC60FCC0FC60FCC0FC652
:1007300094E80F0002ACD5F80C80D5F8189086E844
:100740000F000023236021E0236C6B614FF4F072F3
:1007500021467AA802F0C6F92B697AAA29463046C2
:100760009847889BCDE900498246636431462B4611
:100770002A460120C0470746F8B94FF4F0727AA91B
:10078000204602F0AFF9BAF1080F1CD1216C2846BF
:10079000FFF718FF002F08BF0926074618BF0A26D3
:1007A0000028D1D0A36B46F01001CDE900492A46BC
:1007B000636401202B46C04700B1092738460DF578
:1007C000727DBDE8F087BAF1070FF6D13846216C8B
:1007D000FFF77EFF03A800F09DFB00BF406C704751
:1007E000F0B5CB6B0B640D1D0F4606460FCDF9B06F
:1007F00001AC0FC40FCD0FC40FCD0FC495E80F008F
:100800004FF0FF3584E80F00009506E033696A4633
:10081000314698470828044608D110993046FFF71A
:10082000D1FE0028F2D0092079B0F0BD6846FFF76C
:100830001BFF062CF7D139463046FFF74BFF00BFB0
:1008400030B4DD6BC160826119461D64002230BC8A
:1008500060E700BF70B5C66843690B64BEB9036941
:100860000A4604460D46014602209847072807D04D
:10087000082803D129462046FFF72CFF00F0DCFDB5
:100880003046296CFFF724FF281D00F043FB0122AE
:10089000FFF740FF00F0D0FDC2681AB1CA6B0A64CE
:1008A000002237E79CE700BF704700BF836813B1A1
:1008B0000146012018477047042907D8DFE801F0F6
:1008C0000308060808000BB90F2A03D90220704755
:1008D0000120704700EB820218465368009A1360AB
:1008E000704700BF10B584B0002303AC0A460094E3
:1008F0001946FFF7E1FF039804B010BD042907D89B
:10090000DFE801F00308060808000BB90F2A03D935
:10091000022070470120704700EB8200009A1268A5
:1009200042601846704700BF10B584B004AC002385
:1009300044F8042D0A4600941946FFF7DFFF04B07F
:1009400010BD00BFF0B5D36B1364151D07460E46EE
:100950000FCDADF50F7D17AC0FC40FCD0FC40FCD6C
:100960000FC495E80F004FF0FF3584E80F0016958F
:1009700010E016A8FFF7D8FF314616A8B84716AA08
:10098000694678B9049B08209847052804460AD090
:10099000092807D026996846FFF714FE6A460C21FD
:1009A0000028E6D0092416A8FFF75EFE20460DF5C4
:1009B0000F7DF0BD2DE9F04F0D46C96C89B00C1DBF
:1009C000164600F0030B0A6806941F46002B68D0F9
:1009D000130CD9B212048DF81D30022304EB8104EC
:1009E00005928DF81C302B6DBBF1020F08BFAC6B6C
:1009F00013F0010346D1019300F008030093D4F8EB
:100A00000090B9F1000F00F0F380022F45D0B4F848
:100A10000090B4F802800434AB6C28F0010A0F2176
:100A200030469A44FFF75EFF824534D829F001032F
:100A30005344834294BF002001204FEA480808F045
:100A4000020809F0010948EA0908B8F1010F3AD093
:100A500031D3B8F1020F1AD1236823F0004ABBF159
:100A6000000F66D130B1009A002A6CD0BAF1000FA5
:100A700000F09080002B00DA04340AF1010304EB4B
:100A80008304BCE7304605A900F046FB78B1092095
:100A900009B0BDE8F08F0020CFE7D4F80480083417
:100AA000BAE7120203230592ADF81C309BE7082039
:100AB00009B0BDE8F08FBBF1000F02D0002840F074
:100AC000B48004349BE7BBF1000F18D1A8B1D4E97E
:100AD0000023991C4FEAD272D9D005F15801013395
:100AE000049100F0B580201DFFF7EAFD04AB01463C
:100AF0002846FEF7FFFF002867D108347FE70D2165
:100B00003046D5F82080FFF7EDFE8045F5D1AB6A81
:100B10009C42F2D12046FFF707FD0F2102463046E6
:100B2000FFF702FF30462A460021FFF7FDFE0720AF
:100B3000AEE70D213046D5F82080FFF7D3FE804583
:100B400032D0236896E7BAF1000F23D005F158039D
:100B500004F10408CDF808B0DDF800900397A3462F
:100B60001C4602E05745B94640D040460494FFF782
:100B7000A7FD04AB014600222846FEF7BBFF09F1A2
:100B8000010708F104080028ECD0D1455C46DDE9F6
:100B900002B7D6D130460D21FFF7A4FE049B286290
:100BA000C5E90934062073E7AB6A9C42C9D1042227
:100BB0004FF00008A318C5E90AA8C5E90C2323686B
:100BC00043454DDB0123019357E780460D21304615
:100BD000FFF788FEB8F1020F28623ED12B46049A37
:100BE00043F82C2F6B62AC62062051E75C46D1E7DC
:100BF00005A9304600F090FA00287FF448AF019B29
:100C0000002B3FF454AF0F213046FFF76BFE0E214F
:100C100002463046FFF788FE30461A4A0F21FFF79A
:100C200083FE072009B0BDE8F08F2046FFF77CFC6B
:100C300004340746AC632846FEF7B4FF00283FF4AF
:100C400026AF30463A460F21FFF76EFE07201FE71A
:100C500030460D21FFF746FE2862049B6B62C2E717
:100C60000AF1010004EB8000FFF75EFC0F21024651
:100C70003046FFF759FE30462A464146FFF754FEFC
:100C8000072005E77DF80408002393E6012391E699
:100C900002238FE62DE9F0410546C4B0042906D8A9
:100CA000DFE801F04D2B05030900032B5FD0022084
:100CB00044B0BDE8F081002BF9D1102AF7D82B6899
:100CC000DC0600F1F48022AC2046019200F094F999
:100CD000A86B019A0023012606FA03F1114203D002
:100CE000016844F8231004300133042BF4D1A863C5
:100CF000204600F077F90020DAE7012B4FEA124690
:100D000097B252D0052BD2D106EB0708B8F1200FCD
:100D1000CDD80F2E40F29980B846002F40F0DB80EE
:100D2000AA6BAA630F2E40F2BE80B8F1000F02D06A
:100D300002A800F00BF9002044B0BDE8F081002BC0
:100D4000B5D1AC6B97B2281D012606FA03F13942E2
:100D500003F1010302D0216801600434102B00F17B
:100D60000400F2D112F40050E5D1AC63A0E7160CF8
:100D700097B2F319102B9AD82B681A075DD422ACBE
:100D8000204600F00DF904EBC601AB6B3FB103EB5D
:100D9000C702186841F8040B04339342F9D1204686
:100DA000AB6300F0DBF8002082E7F219102A3FF66F
:100DB0007EAF0F2E3FF67BAF2A68D10708D52846B5
:100DC00022F0030240F8482B019300F0B3F8019B96
:100DD000019322AC204600F0ADF8A96B019B002FD7
:100DE00000F095807F0004EBC6044FF00008043C3F
:100DF00001EB870251F8040B44F8040F9142F9D13A
:100E0000B8F1000F0FD002AC102E314638BF1021C0
:100E100004EBC101843902EBC80452F8040B41F819
:100E2000040F9442F9D1012B7FF47BAF22AC043242
:100E3000AA63204600F07AF87DE723F008032B60D0
:100E400005F5A87000F0ACF899E7B8F1100F2A6822
:100E500043D9D007A8F110080BD5284622F001028B
:100E600042F0020240F8482B019300F06BF82A6828
:100E7000019B510725D40F2E04D822A8019300F01E
:100E800061F8019B019302AC204600F063F8C6F1C3
:100E900010010029AA6B019BB6DD22AC4F0004EBC8
:100EA000C6041146A3E722A800F048F83DE723F066
:100EB00010032B6005F5E870019200F09DF8019A8F
:100EC00001E7284622F0040240F8D02B019300F0FD
:100ED00041F8019BCFE72A68CBE7D0070AD528461F
:100EE00022F0010242F0020240F8482B019300F088
:100EF00029F8019B019322AC204600F023F8B84664
:100F0000A96B019B002F7FF46DAF0A4609E70A46E3
:100F10008DE700BF00F1340191E838009C46A646F9
:100F20004CF8045D90E8FF0FE54600BD90EC210B06
:100F3000704700BF80EC210B704700BF90EC200B86
:100F4000704700BF80EC200B704700BFD0EC200B37
:100F5000704700BFC0EC200B704700BFF0EC0201EF
:100F6000F0EC0211F0EC0221F0EC0231F0EC024165
:100F7000F0EC0251F0EC0261F0EC0271F0EC028155
:100F8000F0EC0291F0EC02A1F0EC02B1F0EC02C145
:100F9000F0EC02D1F0EC02E1F0EC02F1704700BF9E
:100FA000E0EC0201E0EC0211E0EC0221E0EC0231A5
:100FB000E0EC0241E0EC0251E0EC0261E0EC027195
:100FC000E0EC0281E0EC0291E0EC02A1E0EC02B185
:100FD000E0EC02C1E0EC02D1E0EC02E1E0EC02F175
:100FE000704700BFB0FC0181B0FC0191B0FC01A1D1
:100FF000B0FC01B1704700BFA0FC0181A0FC0191D1
:10100000A0FC01A1A0FC01B1704700BFEC4600B5F7
:101010002DE900502DE9FF1F4FF000032DE90C00D2
:1010200001A9FFF7DDFBDDF840E012B0704700BF1B
:10103000EC4600B52DE900502DE9FF1F4FF00003ED
:101040002DE90C0001A9FFF705FCDDF840E012B026
:10105000704700BFEC4600B52DE900502DE9FF1F99
:101060004FF000032DE90C0001A9FFF715FCDDF896
:1010700040E012B0704700BFEC4600B52DE90050CB
:101080002DE9FF1F4FF000032DE90C0001ABFFF726
:10109000D7FBDDF840E012B0704700BFEC4600B56A
:1010A0002DE900502DE9FF1F4FF000032DE90C0042
:1010B00001AAFFF747FCDDF840E012B0704700BF1F
:1010C000027A82B9437AABB14268013B10B44372F1
:1010D00013680321141D01721A02446002605DF856
:1010E000044B180E70470368013A02721A0202603C
:1010F000180E7047B020704700B585B003AA0023D2
:10110000009219460C22FFF7D7FB039805B05DF853
:1011100004FB00BFF0E700BF2DE9F043054685B0B2
:101120000E464FF000083046FFF7CAFFB0280446CD
:1011300000F0B180070620D500F0F003802B65D0C9
:10114000902B36D0A02B78D0B02B47D0C02B00F0FE
:101150008A8000F0F803D02B0BD100F00702013297
:1011600042F40022052301212846FFF793FD0028C1
:10117000D9D0092005B0BDE8F0830DF10C0900239A
:1011800019468700CDF800900D222846FFF794FB02
:10119000FFB2039BCDF80090043760064CBFDF1B05
:1011A000FF18002319460D2228460397FFF7A6FBD8
:1011B000B9E700F00D030D2BDBD003AF002300F0E7
:1011C0000F02194600972846FFF776FB0023009789
:1011D00019460D222846FFF791FBA4E7B1285FD0FE
:1011E000B22800F0CC80B3287ED000F0FC03B42BF2
:1011F000BFD000F007020132012342F40022194659
:101200002846FFF747FD00288DD0B2E73046FFF7AC
:1012100057FF24020443B4F5004FAAD02401002351
:10122000A2B219462846FFF735FD0028A1D114F4D3
:10123000004F18BF4FF0010875E7C24302F00703E3
:101240004FF47F621A41010702F47F624FF00003FE
:1012500048BF42F4804219462846FFF71BFD00288C
:101260003FF461AF85E7C62851D0C7285AD000F0B7
:10127000F803C02B69D0C82875D0C9287FF479AF8E
:101280003046FFF71DFF020300F00F0002F470224A
:101290000130024366E7B8F1000F14D0002069E77F
:1012A0003046FFF70DFF00283FF463AF10F0F00366
:1012B0007FF45FAF024619462846FFF7EBFC002893
:1012C0003FF431AF55E703AC43460E22414600944C
:1012D0002846FFF7F1FA0094284643460F2241467C
:1012E000FFF70CFB404645E73046FFF7E9FE0103F8
:1012F00000F00F0001F47021421C01230A4328462C
:101300001946FFF7C7FC00283FF40DAF31E7304620
:10131000FFF7D6FE010300F00F0001F47021421C1C
:101320000323EBE73046FFF7CBFE024600283FF4ED
:1013300020AF10F0F0037FF41CAF04212846FFF724
:10134000A9FC00283FF4EFAE13E700F00F020132D2
:10135000032342F4202219462846FFF79BFC00286D
:101360003FF4E1AE05E73046FFF7AAFE00F0F002D9
:1013700000F00F031032013343EA0232F2E6002399
:101380000DF10C090D221946CDF800902846FFF703
:1013900093FA3046FFF794FE02064FF002070CD591
:1013A000039B00F07F00B840034430460393FFF7EF
:1013B00087FE030607F10707F2D4039BCDF80090E0
:1013C00000F07F0403F50172BC4000231444194669
:1013D0000D2228460394FFF791FAA4E610B5C36CDA
:1013E00084B05A6803208DF80C00DC798DF80D402C
:1013F00012020833084601A901920293FFF78CFEFE
:1014000004B010BD08B5FFF785FE806C08BD00BFB5
:1014100008B5FFF77FFEC06CC37900EB830008308E
:1014200008BD00BF08B500F007F800BF08B5FFF71A
:10143000F9FF00BF704700BF08B5062001F04CFE61
:101440000120F7F793F900BF014B1868704700BF00
:101450004408002470B5002948D005460C4610B158
:10146000836B002B48D0626EB4F90C30D00740D4A7
:10147000990530D52146284600F05CF8E36A064617
:1014800033B1E169284698470028B8BF4FF0FF36CE
:10149000A3891A063CD4216B41B104F1400399425F
:1014A00002D02846F6F78EFA00232363616C21B13F
:1014B0002846F6F787FA0023636400F0E9F9636EC3
:1014C0000022DB07A2811FD5A06D00F03DFF00F0D8
:1014D000E5F9304670BDA06D00F038FFB4F90C306E
:1014E000002BC7D1666E16F0010616D000263046D6
:1014F00070BD002BFAD0BDE700F04CF9626EB4F974
:101500000C30D007F5D4B3E7A06D00F021FFDBE786
:1015100021692846F6F756FABDE7A06D00F018FFDE
:10152000304670BD024B01461868FFF793BF00BFFD
:1015300044080024B1F90C309AB22DE9F0410C4670
:101540001107804644D4626843F40063002AA381F3
:1015500059DDA56A002D53D000229BB2D8F8006057
:10156000E169C8F8002013F4805240F08380012321
:101570004046A847421C4AD0A389A56AE1695B0797
:1015800005D56268236B801A0BB1E36BC01A024663
:1015900000234046A847471C45D0B4F90C302269C7
:1015A000226023F400630022A381DB04626000D583
:1015B0002065216BC8F8006011B304F14003994223
:1015C00002D04046F6F7FEF900202063BDE8F08126
:1015D0002669AEB12568266092070CBF63690023B7
:1015E000AD1BA3600AE02B463246676AE1694046BC
:1015F000B8470028A5EB000506442BDD002DF2DCE2
:101600000020BDE8F081E26B002AA2DCF8E7D8F800
:101610000030002BB0D01D2B01D0162B2CD1C8F8D8
:1016200000600020EDE7D8F800101D291AD8154BEE
:10163000B4F90C20CB40DB4313F0010314D125692E
:1016400022F40062C4E90053D504A281B1D5002977
:10165000AFD1ADE7A38943F04003A3814FF0FF3042
:10166000BDE8F081B4F90C2042F04002A2814FF0B5
:10167000FF30C6E7206D82E7A38943F04003A381D2
:10168000BFE700BF0100402038B50D46044608B151
:10169000836BA3B1B5F90C00B8B16B6EDB0701D455
:1016A00081051AD520462946FFF744FF6B6EDA07FD
:1016B000044602D4AB899B050AD5204638BD00F00C
:1016C00069F8B5F90C000028E7D10446204638BD7A
:1016D000A86D00F03DFE204638BDA86D00F036FE36
:1016E000E0E700BF20B1054B01461868FFF7CCBF0B
:1016F000034B0449186800F0C9BD00BF440800242A
:10170000549D05088916050810B5002304468181FB
:10171000C281C0E9003383604366C0E9043383615A
:10172000194608225C3001F0DBFA07480749084AED
:10173000084BE362C4E90740C4E9091204F1580008
:10174000BDE8104000F0FEBD15310508393105082F
:101750007531050895310508014900F097BD00BFB6
:101760005514050870B54A1E682505FB02F50E469E
:1017700005F17401F6F7DAF8044640B100210C30A7
:10178000666005F168022160A06001F0A9FA2046B8
:1017900070BD00BF10B50446124800F0D7FDA26B23
:1017A000D2B904F53B731048C4F8E8320321C4F8F9
:1017B000E022E063C4F8E41260680421FFF7A4FFAC
:1017C00001220921A068FFF79FFF02221221E06891
:1017D000FFF79AFF0123A3630248BDE8104000F021
:1017E000B7BD00BFA0B900245917050870B506465B
:1017F000244800F0ABFD244B1D68AB6B83B305F5AB
:101800003875D5E90134013B05D525E0013B5A1C6B
:1018100004F1680420D0B4F90C20002AF6D1002588
:101820001A4BE36004F15800656600F08BFD154823
:1018300000F08EFD2560C4E90155C4E90455A56199
:101840002946082204F15C0001F04AFAC4E90C556B
:10185000C4E91155204670BD2C682CB12546D0E74F
:101860002846FFF797FFCAE704213046FFF77AFFC3
:10187000044628600028F1D1024800F069FD0C23DD
:101880003360E7E7ACB90024549D05080100FFFF71
:10189000014800F05BBD00BFACB90024014800F076
:1018A00057BD00BFACB90024F0B5134683B00F4656
:1018B00001AA1946064605F0C3FA002836D00546A7
:1018C0003046FFF793FF044600282FD039464FF4E7
:1018D000DB73019A304601F04DFA071E30DB636E70
:1018E000DB0715D51C4B1D491D4AE781C4E9074399
:1018F000C4E909121B4BA581E905E3620FD4636EAD
:10190000DA0702D4A3899B0514D5204603B0F0BDA5
:10191000A3899805E6D4A06D00F018FDE2E73046F3
:1019200002230022214600F06BF9E8E7002420465C
:1019300003B0F0BDA06D00F00BFD204603B0F0BD7C
:101940000025FFF7A5FFA581A06D00F0FDFC2C464A
:10195000FFF7A4FFD9E700BF1531050839310508A5
:101960007531050895310508024B0A46014618688D
:10197000FFF79ABF44080024F8B5244F0C460646EA
:10198000F6F7FDFCBB685D68C4F57E610F3125F09C
:101990000305294421F47F6121F00F01A1F5805452
:1019A000B4F5805F07DB0021304601F08FFABB6899
:1019B0002B44984204D03046F6F7E5FC0020F8BDF1
:1019C0006142304601F082FA01300DD0104BBA6806
:1019D00019682D1B45F001053046091B556019603B
:1019E000F6F7D1FC0120F8BD0021304601F06EFA77
:1019F000BA68831A0F2BDEDD064C0549246843F0D4
:101A00000103001B53600860D5E700BFDC0D002414
:101A1000D4310024E4110024002953D0F8B50C4639
:101A20000646F6F7ACFC54F804CC714F2CF00101DB
:101A3000A4F108056B18B8685A68984222F00302AE
:101A400053D01CF0010F5A6003EB02003BD154F855
:101A500008CC4068A5EB0C0507F1080EAC6874458E
:101A6000614400F0010075D0D5F80CC0C4F80CC07A
:101A7000CCF8084060B341F001036B606950B1F5E8
:101A8000007F50D34B0A042B70D88B0903F1390423
:101A9000E40003F1380238193B590838984278D0ED
:101AA0005A6822F003028A4271D99B689842F7D1A2
:101AB000C368C5E902039D60C5603046BDE8F840D3
:101AC000F6F761BC7047406800F001000028D2D1F1
:101AD0009868484C1144A04241F0010262D0DB6892
:101AE000C36098606A606950C9E71CF0010F0A443E
:101AF00007D154F8083CED1A1A44D5E90213CB601B
:101B000099603D4B1B6842F0010193426960BD60E2
:101B100004D83A4B30461968FFF72EFF3046BDE82F
:101B2000F840F6F730BCC90878684A1C01238910D0
:101B30008B40034307EBC20157F832007B60083942
:101B4000C5E9020147F83250C5603046BDE8F840AB
:101B5000F6F719BC002845D10A44D3E9021342F034
:101B60000100CB6099606860AA50D7E7142B08D9B0
:101B7000542B1ED80B0B03F16F04E40003F16E022B
:101B800089E703F15C04E40003F15B0283E7184694
:101B90008EE793107968012202FA03F30B437B600E
:101BA000034686E7C7E90455C5E902006A60695043
:101BB000B4E7B3F5AA7F06D8CB0B03F17804E400B1
:101BC00003F1770267E740F25452934206D88B0C38
:101BD00003F17D04E40003F17C025CE74FF47E74C2
:101BE0007E2258E741F001026A60196096E700BF63
:101BF000DC0D0024E40D0024E8110024043200244C
:101C000000F000B82DE9F04F0C4697B091461F4602
:101C1000064618B1836B002B00F08F80626EA3899B
:101C2000D20702D49D0540F1A18003F48473B3F57B
:101C3000847F00F09680D4F82880B8F1000F7FD020
:101C4000012F13D0022F00F08780002F00F0848036
:101C5000636E1622D907326002D4A3899A0577D51C
:101C60004FF0FF35284617B0BDE8F08F21463046CB
:101C7000FFF70AFDA38913F4805240F03181E16936
:101C80003B463046C047411C054600F0DC80A38936
:101C900022695F0740F1E8806368216BED1A09B1A2
:101CA000E06B2D1AA9444FF0010A0027002A00F02A
:101CB000E580B4F90C3040F61A019AB20A4208D114
:101CC000520566D4944A904500F0FB8043F40063CB
:101CD000A38121463046FFF7D7FC002840F0BF80A3
:101CE0003B464A46E1693046C047013000F0B780C4
:101CF000216B41B104F14003994202D03046F5F71F
:101D000061FE00232363A3892269226023F4026316
:101D10000021A3816160082204F15C0000F0E0FF73
:101D2000656E15F0010503D1A3899B0540F19380F1
:101D30000025284617B0BDE8F08FFFF72BFD6DE7B3
:101D4000636E1D22D80732608AD4A3899A0587D48E
:101D5000A06D00F0FDFA83E74FF0000A22695546B6
:101D6000A4E721463046FFF78FFC64E7A06D00F042
:101D7000EDFAA38959E7019AB4F90C3002F47042E4
:101D8000B2F5004FA2D143F480634FF48062A38187
:101D9000E264002F40F08880CB46BAF1000F72D188
:101DA000A389DB047ED452460123E1693046C04753
:101DB000451C8ED06368216BC51A1A46002968D06D
:101DC000E06B2D1AA26BD4F810C01D44A2EB0C02DC
:101DD000AD1A0244AB4580F28580E56CE1696D4245
:101DE00005EA0B052A4600233046C04701303FF480
:101DF00070AF2369216B23600023636041B104F15C
:101E00004003994202D03046F5F7DCFD00232363FE
:101E1000A389BBEB050B23F02003A38110D021463F
:101E2000304600F0C7FF00287FF453AF63685B457E
:101E3000FFF44FAF2268A3EB0B035A44C4E900231D
:101E40000822002168E7636EDA073FF509AFA3892E
:101E50009B053FF505AFA06D00F07AFA02E7636ECF
:101E6000D9077FF5FAAEFBE618077FF51BAF2368AD
:101E7000002B3FF417AF9B1A1D4413E72146304651
:101E800000F096FA15E7216B11B16368E06B99E7F2
:101E900062682068D4F810C0A0EB0C002D1A024430
:101EA000002197E7206D85E76A46B4F90E103046A9
:101EB00000F034F800287FF40CAF049B09EB030B0F
:101EC0006BE7B4F90E100029FFF600AF6A46304602
:101ED00000F024F800283FF44EAFB4F90C30F5E6DA
:101EE000256DD5E6AB185B457FF677AFABEB050507
:101EF0000CEB0503521BC4E9003241B104F140036D
:101F0000994202D03046F5F75DFD00232363A38993
:101F100023F02003A38193E77531050838B50B46FC
:101F2000074C05461146184600232360F6F757FC78
:101F3000431C00D038BD2368002BFBD02B6038BD7C
:101F40008CB900249368002B00F0E4802DE9F04F59
:101F5000B1F90C309BB20C46190783B0824690460B
:101F600035D522699AB313F00202D8F800603DD04B
:101F70000027D4F824B0D4F81CC0DFF8C0923D4646
:101F80004D452B463A4628BF4B4661465046D5B193
:101F9000D847002840F3C680D8F808301B1A0744F9
:101FA0002D1AC8F80830002B00F0B080D4F81CC0FF
:101FB000D4F824B04D452B463A4628BF4B466146DF
:101FC0005046002DE4D1D6E900750836D8E7214601
:101FD000504604F01BF8002840F02A81B4F90C3078
:101FE000D8F800609BB213F00202C1D113F00109CE
:101FF0005DD1A76820684D46002D54D09A0540F168
:102000009B80AF42BB4600F2D88013F4906F2FD074
:10201000D4E9041707EB4707A0EB010B07EBD777D1
:10202000681C7F105844B8423A4684BF07463A4677
:102030005B0540F1D38011465046F5F777FC002848
:1020400000F0F0805A462169019000F04BFDA28912
:10205000019B22F4906242F08002A281A7EB0B0266
:1020600003EB0B00676123612060A2602F46AB4643
:102070005A46494600F0D0FDA2682368D21B5B4453
:102080002F46A26023600025D8F80830DB1BB94436
:10209000C8F80830002B39D0B4F90C30A768206894
:1020A0009BB2002DAAD1D6E900950836A4E73346A5
:1020B0009146104617464E469B46002F6BD000288F
:1020C00071D0D4E904122068B9454B4628BF3B467D
:1020D000884203D9A5681544AB4271DC9A4200F3EB
:1020E00093801346656AE16932465046A847051E4B
:1020F00018DDB9EB05090FD00120D8F808305B1BBB
:102100002E447F1BC8F80830002BD6D1002003B026
:10211000BDE8F08F0020704721465046FFF7B4FA23
:102120000028EAD0B4F90C3043F040034FF0FF3000
:10213000A38103B0BDE8F08F2369834215D36169A1
:10214000A94212D83C4B676A9D4294BF2B466FF060
:1021500000434A4693FBF1F3504601FB03F3E16968
:10216000B847071EDEDDED1B8EE7AF4228BF2F46C6
:102170003A46494600F050FDA3682268DB1B3A440A
:10218000A3602260002BEED121465046FFF77CFA77
:102190000028E8D0C6E70BF1080353E902679B4625
:1021A0000833002FF9D03A460A21304600F018FCD7
:1021B00038B30130A0EB060983E72F46AB4657E75B
:1021C00031462A4600F028FD23682B44236021462F
:1021D0005046FFF759FA00288BD0A3E75046F5F791
:1021E00011FB034600287FF439AF21695046F5F70B
:1021F000E9FBB4F90C300C2223F08003CAF800206C
:1022000092E707F101095CE71A463146019300F0B5
:1022100003FD019BA1682268C91A1A44A1602260CB
:102220001D4666E70C23CAF80030B4F90C307BE792
:102230004FF0FF306BE700BFFEFFFF7F00FCFF7F2A
:102240002DE9F04110F538771BD088460026D7E9F4
:102250000154013D0FD4A389012B05F1FF35204620
:1022600005D9B4F90E30013301D0C04706436B1CC9
:1022700004F16804EFD13F68002FE8D13046BDE893
:10228000F0813E463046BDE8F08100BF2DE9F843BD
:1022900010F538771FD0884606464FF00009D7E979
:1022A0000154013D11D4A389012B05F1FF352146CD
:1022B000304606D9B4F90E30013302D0C04749EA9E
:1022C00000096B1C04F16804EDD13F68002FE6D1D2
:1022D0004846BDE8F883B9464846BDE8F88300BFE4
:1022E00070B50D4E0D4D761BB61006D0002401348E
:1022F00055F8043B9847A642F9D1094E094D761B83
:1023000005F0A4FAB61006D00024013455F8043BB9
:102310009847A642F9D170BDF0110024F0110024B5
:102320001C120024F0110024044B054A1B685B6B4F
:10233000002B08BF134693F8280170474408002477
:10234000700C0024704700BF704700BF704700BF8B
:10235000704700BF70B50C46B1F90E10002996B059
:1023600015461E460FDAA289002312F08000336062
:1023700004D14FF480632B6016B070BD4022184624
:102380002A6016B070BD6A46FFF7C8FD0028EADB78
:10239000019B03F47043A3F50053B3FA83F35B0985
:1023A0004FF480624FF4006033602A6016B070BD55
:1023B0008A8992070B4606D501F1430201211A6072
:1023C000C3E90421704770B582B001AB6A460C4680
:1023D0000546FFF7BFFF009906462846F5F7A6FA1F
:1023E000B4F90C30D8B11649E963019A009920601C
:1023F00043F08003A381C4E904011AB93343A381E4
:1024000002B070BD2846B4F90E1004F053FDA0B11F
:10241000A38923F0030343F001031BB2EEE79A05FF
:10242000EED423F0030304F1430243F0020301213D
:10243000A3812260C4E90421E2E7B4F90C30DDE7AE
:1024400059170508024B01461868F5F76FBA00BF27
:1024500044080024024B01461868F5F7B3BA00BFE0
:10246000440800242DE9F04F01F10B05162D83B02F
:10247000064623D8102900F2B980F5F780FF102511
:1024800018230220C54F3B44A3F108025C68944224
:1024900000F06681636823F003032344D4E902510A
:1024A0005A68E96042F001028D6030465A60F5F7E3
:1024B0006AFF0834204603B0BDE8F08F35F0070509
:1024C00000F19480A94200F29180F5F758FFB5F52C
:1024D000FC7FC0F083816B0A00F08F80042B00F238
:1024E0004681AB0903F1390003F1380CC300AB4F4F
:1024F0003B44A3F108015C68A14206D10CE0002A2C
:1025000080F21D81E468A14206D0636823F00303D2
:102510005A1B0F2AF3DD60463C69DFF894C264451C
:1025200071D0636823F003035A1B0F2A00F3448120
:10253000002AC7E904CC80F22681B3F5007F80F041
:102540006981DB08591C7A6857F83180C4F8088023
:102550004FF0010E9B100EFA03F307EBC10E13436D
:10256000AEF10802E2607B6047F83140C8F80C40E9
:102570008210012494409C424BD81C4206D120F08A
:10258000030064001C4200F10400FAD007EBC0090C
:10259000CE468046DEF80C309E4507D122E1002A67
:1025A00080F22981DB689E4500F01C81596821F08A
:1025B00003014A1B0F2AF2DDD3E9028E5C1945F0B4
:1025C00001055D6042F00105C8F80CE03046CEF828
:1025D0000880C7E90444C4E902CC65605A500193FD
:1025E000F5F7D1FE019B03F1080463E700240C23F7
:1025F0002046336003B0BDE8F08F4FF400734020F5
:102600004FF03F0C73E77B688210012494409C429A
:10261000B3D9BC68636823F00309A94503D3A9EBC8
:1026200005030F2B7BDC5E4BDFF888A11A68DAF814
:102630000030013305EB020800F0488108F58058AE
:1026400008F10F0828F47F6828F00F08414630464B
:1026500000F03CFCB0F1FF3F834600F0048104EB46
:102660000900584500F2FD804E4A13684344136048
:1026700000F04D81DAF8001001311BBFABEB000018
:102680001B18CAF800B013601BF0070300F0348178
:10269000C3F10801C3F580538B440833D844C8F311
:1026A0000B08A3EB080841463046019200F00EFCEF
:1026B000431C019A00F04681A0EB0B01414441F01C
:1026C00001011368C7F808B04344BC42CBF80410BA
:1026D000136015D0B9F10F0F40F230816068A9F195
:1026E0000C0121F0070100F0010004EB010C08438C
:1026F0004FF0050E0F296060CCE901EE00F23A813F
:10270000294A2A481168BC688B42016888BF136057
:1027100062688B4222F0030288BF0360A7E062195F
:1027200043F0010345F0010565603046BA6053602F
:10273000F5F729FE0834204603B0BDE8F08F2344A6
:10274000E1685A68A56842F00102E96030468D6090
:102750005A60F5F718FE0834204603B0BDE8F08F44
:10276000DC68A34208BF02303FF4D6AE92E6142BD9
:1027700071D9542B00F2AD802B0B03F16F0003F1E4
:102780006E0CC300B3E6234430465A6842F001029F
:102790005A600834F5F7F7FD8CE600BFDC0D002425
:1027A00004320024D4310024FC31002400320024FF
:1027B000E40D0024E4110024611945F0010E42F0FB
:1027C0000105C4F804E03046C7E90411C1E902CCB0
:1027D0004D60E250F5F7D7FD08346BE6E80805F1E7
:1027E00008034FE608F1010818F0030F0EF1080E78
:1027F0007FF4D0AE52E019441C464A68DB6854F8B6
:10280000085F42F001024A603046EB609D60F5F7D8
:10281000BAFD4FE65A0A042A35D9142A6FD802F1B4
:102820005C01C9005B3207EB010E7958AEF1080E6E
:102830008E4558D04A6822F003029A4202D989682C
:102840008E45F7D1D1F80CE07B68C4E9021ECEF8C2
:102850000840CC608CE603F15C0003F15B0CC30024
:1028600045E6BC4272D0BC68626822F00302954221
:10287000A2EB050302D80F2B3FF751AF3046F5F717
:1028800082FD002416E69A0902F13901C9003832A6
:10289000C9E7D9F80090994540F0838010F0030F04
:1028A000A9F1080300F1FF30F3D17B6823EA0403A8
:1028B0007B6064009C423FF6ACAE1CB9A9E66400A4
:1028C00008F104081C42FAD040465FE608F11008FF
:1028D000BCE6B3F5AA7F26D8EB0B03F1780003F131
:1028E000770CC30003E67B6892104FF0010808FAEA
:1028F00002F213437B60A8E74FF48053CEE6542ADC
:1029000029D81A0B02F16F01C9006E328BE7C0F3B0
:102910000B0100297FF4AEAE09EB0802B96842F062
:1029200001024A60ECE640F2545293421CD8AB0CD0
:1029300003F17D0003F17C0CC300D8E50123CBF843
:1029400004309BE701214FF00008BAE6164A1368ED
:10295000434413608EE6B2F5AA7F14D8DA0B02F175
:102960007801C90077325EE74FF47E737F204FF025
:102970007E0CBCE504F1080130460192F5F722F81F
:10298000019A1368BCE640F254518A4205D89A0C69
:1029900002F17D01C9007C3245E74FF47E717E2251
:1029A00041E77B6885E700BFD431002482B049B19C
:1029B0005AB16BB113780B601278101C18BF01204C
:1029C00002B0704701A9002AF3D1104602B0704747
:1029D0006FF00100F4E700BF0000000000000000FD
:1029E00001F0FF01102A2BDB10F0070F08D010F8C0
:1029F000013B013A8B422DD010F0070F42B3F6D1C4
:102A0000F0B441EA012141EA014122F007047FF0DC
:102A100000070023F0E80256083C85EA010586EA33
:102A2000010685FA47F5A3FA87F586FA47F6A5FA6F
:102A300087F68EB9EED1F0BC01F0FF0102F007027B
:102A400032B110F8013B013A83EA010313B1F8D126
:102A50000020704701387047002D06BF3546033807
:102A6000073815F0010F07D1013015F4807F02BF40
:102A7000013015F4C03F0130F0BC0138704700BF91
:102A8000032A70B414D940EA0105AD0704460B4689
:102A900022D11D682668AE421946204603F1040380
:102AA00004F1040418D1043A032A20461946F0D848
:102AB000541E72B102780B789A4208BF641806D08F
:102AC0000CE010F8012F11F8013F9A4206D1A14203
:102AD000F7D1002070BC7047541EEBE7D01A70BCD1
:102AE000704700BF844641EA000313F003036DD131
:102AF000403A41D351F8043B40F8043B51F8043BC1
:102B000040F8043B51F8043B40F8043B51F8043BC7
:102B100040F8043B51F8043B40F8043B51F8043BB7
:102B200040F8043B51F8043B40F8043B51F8043BA7
:102B300040F8043B51F8043B40F8043B51F8043B97
:102B400040F8043B51F8043B40F8043B51F8043B87
:102B500040F8043B51F8043B40F8043B51F8043B77
:102B600040F8043B51F8043B40F8043B51F8043B67
:102B700040F8043B403ABDD2303211D351F8043B07
:102B800040F8043B51F8043B40F8043B51F8043B47
:102B900040F8043B51F8043B40F8043B103AEDD2B6
:102BA0000C3205D351F8043B40F8043B043AF9D207
:102BB000043208D0D2071CBF11F8013B00F8013BDA
:102BC00001D30B8803806046704700BF082A13D3E7
:102BD0008B078DD010F003038AD0C3F10403D21AFF
:102BE000DB071CBF11F8013B00F8013B80D331F833
:102BF000023B20F8023B7BE7043AD9D3013A11F8B3
:102C0000013B00F8013BF9D20B7803704B7843701D
:102C10008B788370604670478842F0B40DD98B186A
:102C200083420AD9841832B1224613F8014D02F8C2
:102C3000014D9942F9D1F0BC70470F2A49D940EAB9
:102C400001039B0747D1A2F110031B0901F12007E3
:102C500007EB031701F1100400F1100554F8106C94
:102C600045F8106C54F80C6C45F80C6C54F8086C72
:102C700045F8086C54F8046C45F8046C1034BC42F8
:102C800005F11005EAD1013302F00F051B01032DF8
:102C90001944034421D91F1F0E462C46043C56F804
:102CA00004CB47F804CF032CF8D82C1F24F00304DE
:102CB00004342344214402F00302002ABBD0013B28
:102CC0000A4411F8014B03F8014F9142F9D1F0BCCD
:102CD00070470346F1E70346F1E72A46EDE700BFF8
:102CE000F0B4860743D0541E002A3ED0CAB2034631
:102CF00002E014F1FF3438D303F8012B9D07F8D11B
:102D0000032C2BD9CDB245EA05250F2C45EA054504
:102D100016D9A4F110073F0903F1200606EB0716A8
:102D200003F1100242E9045542E902551032B24261
:102D3000F8D104F00F040137032C03EB07130DD96E
:102D40001E462246043A032A46F8045BFAD8221F9C
:102D500022F003020432134404F003042CB1C9B27C
:102D60001C4403F8011B9C42FBD1F0BC7047144685
:102D70000346C5E770B50D46084C114606461A468F
:102D8000284600232360F5F763FE431C00D070BD86
:102D90002368002BFBD0336070BD00BF8CB90024CA
:102DA000838903F00903092B01D000207047FEF747
:102DB00099BC00BFF8B50C46054610B1836B002BDB
:102DC00040D0B4F90C309AB2970407D4626E43F441
:102DD000005322F400526266A3819AB20021960643
:102DE000616038D450071AD4D10662D512074ED488
:102DF00043F00403A3812369002B55D0B4F90C7070
:102E0000BEB2B3072AD12269226028466369256AC7
:102E1000E169A8470028606017DD0020F8BD216B3C
:102E20000029E8D004F14003994202D02846F4F783
:102E3000C9FDE36B636000202063002BDBD0A36B34
:102E40002360F8BDFEF7A6FCBBE7B4F90C3016D141
:102E500043F02003A3814FF0FF30F8BD194B1A490E
:102E600018680123A38106F00906FFF7E9F9092E86
:102E7000A781C8D121462846FEF75CFBC3E743F093
:102E800040030022A38162604FF0FF30F8BD21466D
:102E90002846FEF7F9FB0028DDD1B4F90C30A0601C
:102EA000A06123F00803A3E721462846FFF780FA34
:102EB000A4E743F0400309222A604FF0FF30A381CA
:102EC000F8BD00BF549D0508A12D050838B5074C75
:102ED0000023054608462360F5F734FA431C00D06A
:102EE00038BD2368002BFBD02B6038BD8CB9002483
:102EF00000290CBF022200224FF4806300F000B8CA
:102F00002DE9F0435D4C256883B00446884616469B
:102F10001F4615B1AB6B002B7ED0022E05D0012EC3
:102F200000F2A980002FC0F2A680636EDA0735D5C3
:102F300021462846FEF7A8FB216B41B104F140036E
:102F4000994202D02846F4F73DFD00232363B4F9EB
:102F50000C3000221806A261626061D423F44A6337
:102F600023F00303022EA3811FD10025616E0020F0
:102F700004F1430243F00203A060C9074FF00100CF
:102F8000A3812260C4E9042004D49B0502D4A06D6F
:102F9000FFF7DEF9284603B0BDE8F083A3899B055F
:102FA000C6D4A06DFFF7D2F9C2E701AB6A4621464D
:102FB0002846FFF7CFF9A3891843A081002F36D107
:102FC000009F3846FFF73EFA8046002842D0A3898A
:102FD00043F08003A381AB6B7BB3009AB4F90C3050
:102FE000C4F80080BA421CBF43F40063A381012EE1
:102FF00004BF43F00103A3819BB213F00802C4E9AC
:1030000004871ED1A260656E15F00105BDD00025B4
:10301000284603B0BDE8F0832846FEF7BBFB7CE7FB
:1030200021692846F4F7CEFCB4F90C3096E7B8F1E4
:10303000000FC6D0AB6B002BCFD12846FEF7AAFB02
:10304000CBE7DA0704D57F420022A761A260DAE766
:10305000A760D8E7DDF80090B94504D1B4F90C3089
:103060004FF0FF3582E74846FFF7ECF9804600282D
:10307000F4D04F46ABE74FF0FF358BE74408002410
:103080001F2938B522D8D0F8DC3205460C466BB182
:1030900053F8212052B1012A12D0511C12D0002520
:1030A000204643F824509047284638BD284600F073
:1030B0002FF8224601462846BDE8384000F014B8F3
:1030C000002038BD16230360012038BD162303609D
:1030D0004FF0FF3038BD00BF024B01461868FFF7C4
:1030E000CFBF00BF4408002438B50B46074C054647
:1030F000114618460023236004F0A0FB431C00D0B7
:1031000038BD2368002BFBD02B6038BD8CB9002460
:1031100004F08CBB10B50C46B1F90E1004F006FAA1
:10312000002803DB236D0344236510BDA38923F42A
:103130008053A38110BD00BF2DE9F0411646B1F9BF
:103140000C201F46D3050C460546B1F90E1007D5D5
:103150000022022303F0CEFEB4F90C20B4F90E10C5
:1031600022F48052A2813B4632462846BDE8F04117
:1031700002F036BF10B50C46B1F90E1003F0BAFEDE
:10318000A389421C0EBF23F4805343F4805320656F
:10319000A38110BDB1F90E1002F09EBF0000000027
:1031A000A2EB0300704700BF02780B78012A28BF0A
:1031B0009A42F5D16DE9044540EA0104CDE9026780
:1031C0006FF0000C4FEA447212B380EA010414F06D
:1031D000070F6AD100F0070420F0070004F0030590
:1031E00021F007014FEAC505F0E8042314F0040FAD
:1031F000F1E804670CFA05F462EA040266EA0406E0
:103200000AD063EA0403624667EA0407664603E0FD
:10321000F0E80423F1E8046782FA4CF582EA060438
:10322000A4FA8CF46CBB83FA4CF583EA0705A5FA83
:103230008CF595B950E9022351E9026782FA4CF501
:1032400082EA0604A4FA8CF483FA4CF583EA0705B3
:10325000A5FA8CF52543DBD09CB92DBAB5FA85F4D7
:1032600024F0070427FA04F1DDE9026723FA04F3E6
:1032700003F0FF0001F0FF01FDE80445A0EB0100B1
:10328000704724BAB4FA84F424F0070426FA04F14F
:10329000DDE9026722FA04F202F0FF0001F0FF010B
:1032A000FDE80445A0EB0100704714F0030F3CD18A
:1032B00010F0030428D150F8082B51F8083B82FA8B
:1032C0004CF582EA0305A5FA8CF55DB950F8042C9B
:1032D00051F8043C82FA4CF582EA0305A5FA8CF514
:1032E000002DE8D02DBAB5FA85F424F0070423FAAE
:1032F00004F122FA04F202F0FF0001F0FF01FDE800
:103300000445A0EB010070474FEAC40420F003001D
:1033100050F8082B21F0030151F8083B0CFA04F493
:1033200062EA040263EA0403C9E710F003041AD056
:10333000A1EB040120F00300E40750F8042B06D0B1
:103340000FD28B785FFAA2F4E41A06D12BB1CB78B6
:103350005FFAB2F4E41A00D11BB920465DF8104BB5
:10336000704701F1040150F8042BCC0721F0030150
:1033700051F8043B48D824D222F07F4482FA4CF51D
:1033800094EA1325A5FA8CF50AD165B951F8043BE6
:1033900084EA0204B4EB036F0ED150F8042BEBE780
:1033A0004FEA132355E035F07F454DD10878FDE80D
:1033B0000445C0F1000070474FEA126203F0FF03BA
:1033C00047E002EA1C4482FA4CF594EA1345A5FA58
:1033D0008CF50AD165B951F8043B84EA0204B4EBD8
:1033E000034F0CD150F8042BEBE74FEA134330E0C6
:1033F00015EA1C4528D10B884FEA124229E04FEA12
:10340000124203EA1C4324E002F0FF0482FA4CF566
:1034100094EA1365A5FA8CF50AD165B951F8043B15
:1034200084EA0204B4EB032F09D150F8042BEBE734
:103430004FEA13630DE015F0FF0F05D10B684FEA5B
:10344000122223F07F4304E04FF00000FDE8044522
:10345000704712BA1BBA82FA4CF482EA0304A4FA47
:103460008CF5B5FA85F402FA04F203FA04F34FEA94
:103470001260FDE80445A0EB1360704700000000F7
:1034800090F800F06DE9024520F007016FF0000CA4
:1034900010F0070491F820F040F049804FF000044C
:1034A0006FF00700D1E9002391F840F000F1080027
:1034B00082FA4CF2A4FA8CF283FA4CF3A2FA8CF35F
:1034C0004BBBD1E9022382FA4CF200F10800A4FAC6
:1034D0008CF283FA4CF3A2FA8CF3E3B9D1E904231A
:1034E00082FA4CF200F10800A4FA8CF283FA4CF351
:1034F000A2FA8CF37BB9D1E9062301F1200182FA0B
:103500004CF200F10800A4FA8CF283FA4CF3A2FA10
:103510008CF3002BC6D0002A04BF04301A4612BA1E
:10352000B2FA82F2FDE8024500EBD2007047D1E921
:10353000002304F00305C4F100004FEAC50514F0B0
:10354000040F91F840F00CFA05F562EA05021CBF81
:1035500063EA050362464FF00004A9E770B40478FB
:10356000A4B10D7806464DB1A5420AD00A4601E045
:10357000A34206D012F8013F002BF9D1801B70BC8A
:10358000704710F8014F002CEDD1F7E72046F6E721
:103590002DE9F04F2DED068BBFB00C460B919046F8
:1035A0000F930C9003F098FC036815931846FFF7EF
:1035B00067FFA38914901D0603D52369002B00F033
:1035C000E28600239FED968B9FED979BCDE92233FA
:1035D0000DF1B8091293139316930A93CDF88490C2
:1035E000CA4698F80030002B00F09A80252B4446FC
:1035F00002D11CE0252B03D014F8013F002BF9D198
:10360000A4EB080585B1DDE9223201332A44072BFA
:10361000CAF80080CAF80450CDE9223278DC0AF1F9
:10362000080A0A9B2B440A932378002B78D04FF08A
:10363000000300228DF867304FF0FF3063780D9261
:103640001146164604F10108099008F101089B464D
:10365000ABF12003582B00F25E83DFE813F0C602C3
:103660005C035C03C1025C035C035C035C035C03FE
:103670005C03B502B0025C03500335035C035503E1
:10368000BB00BB00BB00BB00BB00BB00BB00BB0062
:10369000BB005C035C035C035C035C035C035C03D6
:1036A0005C035C035C031303E7025C03E7025C0357
:1036B0005C035C035C03E2025C035C03AA005C0342
:1036C0005C035C035C035C0377005C035C039002B7
:1036D0005C035C035C035C035C035C035C035C03F2
:1036E0005C035C0388013B01E702E702E702360165
:1036F0003B015C035C0329015C031501AC00CF00B6
:10370000CA005C03EB005C0379005C035C03CE023F
:1037100021AADDE90B1003F01FFF40B9CA4680E77C
:10372000239B23B10C980B9921AA03F015FF0B9B47
:103730009B8913F0400F0A9B18BF4FF0FF330A9389
:103740000A983FB0BDEC068BBDE8F08F46F010063E
:10375000B7060F9B40F1FA84073323F0070303F108
:103760000802D3E900450F9201234FF000028DF8C3
:103770006720099A013200F0FF8326F08002079249
:1037800054EA05024FF0000740F0C780099A002A6A
:1037900040F07B86002B40F0AE8416F001030E93C0
:1037A00000F018853EAB1A46302302F8413D1092D6
:1037B000D4E046F0100616F0200300F0D0840F9BF2
:1037C000073323F0070303F10802D3E900450F9202
:1037D0000023CAE7ABF13003002018F801BB00EB6F
:1037E000800003EB4000ABF13003092BF5D90D90BD
:1037F0002EE746F0200698F8003026E70F9A0C4B8B
:1038000014681393043247F63003ADF8683046F07D
:1038100002060F92002502234FF0780BA5E700BFA8
:103820000000000000000000FFFFFFFFFFFFEF7F30
:103830008C9D05080F9A136810934FF000018DF8C6
:103840006710141D002B00F0CE85099A531C00F060
:103850006D8600211098FFF7C3F8002800F0538709
:10386000109B9DF867700F94C31A00220E9323EAF1
:10387000E3730992079608931192002F00F08A8053
:10388000089B0133089385E0002A41F04D800F9A90
:10389000B00652F8043B0F9200F1D484F10600F117
:1038A000C885720640F1C585BDF828201A8098E6C3
:1038B00098F800306C2B03BF98F8013046F02006D2
:1038C00008F1010846F01006BFE646F0400698F8F9
:1038D0000030BAE6002A41F03B80B4060F9B40F16D
:1038E000DA81073323F00703D3E9004503F1080227
:1038F0000F92002C75F10003C0F27884099B9DF8AB
:103900006770013300F07D8426F08002079254EA4C
:1039100005024FF001033FF439AF012B00F0328371
:10392000022B00F05483494600E01146E20842EAC7
:103930004572E80804F0070305461446303354EA9C
:10394000050001F8013C01F1FF32EED10798109219
:10395000C00700F12284A9EB02030E93099B0E9A83
:103960009342B8BF134608930023119385E70F9A3B
:10397000079613688DF890304FF00001131D8DF8F5
:10398000671001210027CDE90E1324AB0891099798
:1039900011971093079B13F0020302D0089A02328A
:1039A00008920799239A11F084063AD10D99089844
:1039B0000C1A002C35DD102C2299BD4D24DD50460B
:1039C0001027C246B0461E4604E0103C102C00F101
:1039D000080015DD013110320729CDE92212C0E9B6
:1039E0000057F2DD21AADDE90B1003F0B5FD002838
:1039F0007FF49DAE103C102CDDE922124846E9DC34
:103A000033464646D0468246013122440729CDE955
:103A10002212CAE9005400F310859DF867700AF17C
:103A2000080A77B12299013101320DF167040120B2
:103A30000729CDE92212CAE9004000F3B0820AF159
:103A4000080A6BB1229B013302321AA80221072B0C
:103A5000CDE92232CAE9000100F3AE820AF1080A78
:103A6000802E00F0C781099B0E995D1A002D2FDD75
:103A7000102D229B8F4C20DD51461026DDE90BA72F
:103A800004E0103D102D01F1080115DD0133103265
:103A9000072BCDE92232C1E90046F2DD21AA5146C9
:103AA000384603F059FD00287FF441AE103D102D3B
:103AB000DDE922324946E9DC8A4601332A44072BF4
:103AC000CDE92232CAE9004500F396820AF1080ADC
:103AD000079BDB0500F13681229B1099CAF8001084
:103AE0000E99CAF8041001330A44072B239222933B
:103AF00000F3EE810AF1080A079B590730D50D9BA8
:103B000008995C1A002C2BDD102C229B684D1EDDC1
:103B10001026DDE90BB704E0103C102C0AF1080A6E
:103B200015DD01331032072BCDE92232CAE90056E8
:103B3000F2DD21AA5946384603F00EFD00287FF435
:103B4000F6AD103C102CDDE92232CA46E9DC013327
:103B50002244072BCDE92232CAE9005400F3308316
:103B60000A9B0D9908988142ACBF5B181B180A93F9
:103B7000002A40F0768100232293CA4631E5002ACC
:103B800040F0DA864C4B1393B1060F9B3DD50733BB
:103B900023F00703D3E9004503F108020F92F7076A
:103BA00040F1B78054EA050300F0B38030238DF86C
:103BB00068308DF869B046F002060223D5E598F822
:103BC000003001222B2140E50F9898F8003004685E
:103BD0000D94002C00F10400C0F2E4830F9034E552
:103BE00046F0010698F800302FE598F800300029DB
:103BF0007FF42BAD0122202127E5002A40F0A0868A
:103C00002E4B1393B1060F9BC1D453F8044B0F9363
:103C1000F20600F1E382730640F1E082A4B20025CF
:103C2000BDE746F0080698F800300EE5002A40F09F
:103C30007F860F9B073323F0070393ED008B083338
:103C4000B0EEC87BB4EE497BF1EE10FA0F9340F36F
:103C50000783B5EEC08BF1EE10FA00F113859DF8E5
:103C60006770174A174B0321002026F08004BBF130
:103C7000470FD8BF1A46CDE90810079410920E914D
:103C80001190FAE5002A40F05F8646F01006B4066F
:103C90000F9B3FF526AE53F8044B0F93F00600F14F
:103CA0009F82710640F19C8224B2E51721E600BF95
:103CB000AC9D0508BC9D0508789D05088C9D0508F0
:103CC0006C9D0508689D050898F800B0BBF12A0FA7
:103CD00008F1010000F00F86ABF13003092B80469C
:103CE00000F2E584002018F801BB00EB800003EB34
:103CF0004000ABF13003092BF5D90990A8E498F8FE
:103D0000003046F00406A0E446F0800698F8003043
:103D10009BE4022329E5002A40F01E86BBF1000F38
:103D20003FF4FEAC0123002708934FF000020E93EE
:103D300024AB8DF890B08DF86720079609971197FE
:103D4000109327E6BBF1650F40F3CD80B5EE408BB5
:103D5000F1EE10FA40F06081229BAD49CAF80010E4
:103D6000013301320121072BCDE92232CAF80410B8
:103D700000F3B6830AF1080A129A1B9B9342239A16
:103D800080F21982229B1599CAF800101499CAF87A
:103D9000041001330A44072BCDE9223200F31883C3
:103DA0000AF1080A129B5D1E002D7FF7A5AE102DAB
:103DB000229B984C40F36D831026DDE90BB705E09C
:103DC0000AF1080A103D102D40F3638301331032CD
:103DD000072BCDE92232CAE90046F1DD21AA594676
:103DE000384603F0B9FB00287FF4A1ACDDE92232AC
:103DF000CA46E7E70D9B08995D1A002D7FF733AEA1
:103E0000102D229B834C20DD51461026DDE90BA7A7
:103E100004E0103D102D01F1080115DD01331032D1
:103E2000072BCDE92232C1E90046F2DD21AA514635
:103E3000384603F091FB00287FF479AC103D102D3B
:103E4000DDE922324946E9DC8A4601332A44072B60
:103E5000CDE92232CAE9004500F325830AF1080AB8
:103E600001E621AADDE90B1003F076FB00283FF400
:103E700082AE5CE421AADDE90B1003F06DFB0028A3
:103E80007FF455AC1B99239ACA4619B9129B002B93
:103E900000F05C83229B1598CAF800001498CAF8B9
:103EA000040001330244072B2392229300F336844B
:103EB0000AF1080A0029C0F26F84129910980133A0
:103EC0000A44072BCDE92232CAE900017FF712AE7E
:103ED00021AADDE90B1003F03FFB00287FF427AC9B
:103EE000239ACA4608E6129C2298012C02F101028C
:103EF00000F101030AF1080140F33C810120109C0C
:103F0000CAF80040072BCDE92232CAF8040000F3BA
:103F1000A4821498159C01330244072BCDE9223268
:103F2000C1E9004000F3A5820831129CB5EE408B38
:103F3000581CF1EE10FA074604F1FF3501F1080AAA
:103F400000F0DE80109C4D6001342A4407280C608C
:103F50002392229000F32A8201F11004981C51460A
:103F6000A246169C4C6022441DAB07282392229047
:103F70000B607FF7C1ADABE7012B07964FF0000751
:103F80007FF4CEAC002D08BF0A2C80F040813EAB00
:103F9000303403F8414D109301230E93DEE421AA3F
:103FA000DDE90B10179303F0D7FA00287FF4BFABBD
:103FB000239A179BCA4644E521AADDE90B1003F0BA
:103FC000CBFA00287FF4B3AB239ACA4648E5139E88
:103FD0004A46230904F00F0043EA057329091C46E9
:103FE0000D46335C02F8013D54EA0503F1D1A9EB1B
:103FF000020310920E93B1E421AADDE90B1003F045
:10400000ABFA00287FF493AB239ACA4660E500BF61
:10401000A89D0508BC9D05081B99002940F34F8207
:10402000DDE911318B42A8BF0B46002B1D460EDD8A
:10403000229B1099CAF8001001332A44072B2392BF
:10404000CAF80450229300F312830AF1080A119B64
:10405000002DA8BF5B1B002B1D4600F371811B9B2D
:1040600012998B42C0F2D4810799CD0700F1D0811B
:104070001299119CCB1A0D1B9D42A8BF1D46002D05
:104080000FDD22991098CAF80450013120442A44C7
:104090000729CAF80000CDE9221200F326830AF1AD
:1040A000080A002DACBF5D1B1D46002D7FF724AD17
:1040B000102D229BC54C40F3EC811026DDE90BB797
:1040C00005E00AF1080A103D102D40F3E2810133AA
:1040D0001032072BCDE92232CAE90046F1DD21AAD0
:1040E0005946384603F038FA00287FF420ABDDE962
:1040F0002232CA46E7E7099B0E93CDF840902DE4A3
:10410000002D7FF72EAF102DB04C40F3D883102632
:10411000DDF82CA00C9F034605E00831103D102D62
:1041200040F3E88101331032072BCDE92232C1E997
:104130000046F2DD21AA5146384603F00DFA002868
:104140007FF4F5AADDE922324946E7E753F8044B4C
:104150000F93F5067DD500250123FFF706BB0F9AC7
:1041600052F8044B0F9216F0100200F0E180002587
:10417000FFF7FBBA079CE4073FF5C0AE0124109D92
:10418000CAF80050072BCDE92232CAF8044000F3E8
:104190000D8102300AF1100AE3E6302B00F0328183
:1041A000109A0239302302F8013CA9EB01030E9367
:1041B0001091FFF7D3BB079BDF073FF5E3AD9BE40F
:1041C00021AADDE90B1003F0C7F900287FF4AFAA9C
:1041D000239AC5E4CDF84090FFF7C0BB0025DEE48C
:1041E000E517002C75F10003BFF688AB099B64420C
:1041F0004FF02D0765EB450501338DF867707FF4AF
:1042000083AB002D08BF0A2C0796FFF4C0AE4E46C4
:10421000204629460A220023FCF708F8303206F827
:10422000012D2046294600230A22FBF7FFFF044602
:104230000D4654EA0503EBD1A9EB060310960E9345
:10424000FFF78CBB0A9A1046D117C3E90001FFF7AC
:10425000C8B9700648BFA4B200250123FFF785BA8C
:10426000B4EE488BF1EE10FA80F10183099B5A1CE1
:104270002BF0200500F03682472D00F06C8146F4CB
:104280008073079318EE903A002BC0F20C82B0EEC8
:1042900048AB0027BBF1660F00F00D82BBF1460F63
:1042A00000F05E82452D00F05B811FA81CA91BAAAF
:1042B0000223099C0292CDE903100093019453EC70
:1042C0001A2B0C9801F0ACFFBBF1670F109040F077
:1042D0002183F30740F16B81109B099A9918B5EE81
:1042E00040ABF1EE10FA40F0D2810B46109A9B1AC7
:1042F0001293472D1B9B119300F06281BBF1660F57
:1043000040F06681119B002B099B40F3D182002B6A
:1043100040F0C482F60700F1C182119B08930E930E
:10432000002F40F0808109979DF86770FFF7A5BACC
:1043300016F040031CBF1346A4B20025FFF715BAC0
:10434000102D229B214C40F3E5801026DDE90BB7B0
:1043500005E00AF1080A103D102D40F3DB8001331F
:104360001032072BCDE92232CAE90046F1DD21AA3D
:104370005946384603F0F0F800287FF4D8A9DDE963
:104380002232CA46E7E740210C98F3F7CFFA0B9B9D
:1043900018601861002800F0BF820B9A4023536117
:1043A000FFF70FB964420D940F90AAE421AADDE94A
:1043B0000B1003F0D1F800287FF4B9A9DDE922023F
:1043C0000DF1C00A01304946CBE500BFBC9D050890
:1043D00021AADDE90B1003F0BFF800287FF4A7A99C
:1043E000239ACA46DEE4099B109F0997062B28BF33
:1043F000062308930E93B94B0F94079611971093C9
:10440000FFF73BBA109BA9EB03030E93FFF7A6BA85
:1044100022991598CAF800001498CAF804000131CE
:10442000024407292392229100F315810AF1080A18
:104430001EE60A9A1A60FFF7D4B821AADDE90B102C
:10444000179303F089F800287FF471A99DF867702D
:10445000239A179BCA46FFF7E4BA21AADDE90B109D
:1044600003F07AF800287FF462A9DDE92232494698
:104470004FE521AADDE90B1003F06EF800287FF468
:1044800056A9DDE9223249464FE5012B7FF448AABF
:104490007DE501332A44072BCDE92232CAE90045E4
:1044A0007FF728AB14E521AADDE90B1003F054F8DF
:1044B00000287FF43CA9239ACA46FFF7D4BA229B6E
:1044C0008748CAF80000013301320120072BCDE9EB
:1044D0002232CAF804003FF7CDAC0AF1080AD4E44E
:1044E00021AADDE90B1003F037F800287FF41FA99B
:1044F000CA4641E4581C01F108032A4407282392C4
:10450000C1E9004522903FF751AF013003F1080A9D
:10451000194626E501332A44072BCDE92232CAE9A0
:10452000004500F32E810AF1080A98E51098FEF77D
:10453000A7FF002320EAE0720E9009930F940796DC
:10454000089211939DF86770FFF797B9079BDE07F4
:104550007FF5D2AA9EE4002B08BF012309938EE6C3
:10456000099B1FA85C1C1CA91BAA0223CDE90310F0
:1045700002920093019453EC1A2B0C9801F050FE18
:104580001090BBF1470F40F0AC81F30740F1AC81D4
:10459000109BBBF1460F03EB04017FF4A0AE109B10
:1045A0001B78302B00F058811B9C214497E61B9A06
:1045B0001F9B1192109A472DA3EB0203129307D170
:1045C000119BDA1C02DB099A9A4233DAABF1020B37
:1045D000119B8DF874B0013B002B1B93BDBF119B49
:1045E000C3F101032D222B22092B8DF8752000F336
:1045F0000081303330228DF877308DF876201EAB75
:104600001DAA9B1A129A1693012A13440E9340F383
:104610003B810E9B149A13440E9323EAE373089391
:10462000002311937CE62D2700238DF867700993F2
:10463000FFF726B9DDE911318B427DDBF40740F14C
:104640000481119B149A13440E9323EAE373089395
:104650004FF0670B64E621AADDE90B1002F07CFF46
:1046600000287FF464A81B9B239ACA4600E521AA70
:10467000DDE90B1002F070FF00287FF458A8239AA0
:10468000CA46E4E42D278DF86770FFF7EABA1F9B4E
:104690008B42BFF42BAE30205A1C1F9218701F9B08
:1046A0009942F9D822E6B1EE48AB2D27F2E5002376
:1046B0000993FEF7CDBF1CA9099C01941FA81BAA52
:1046C0000323CDE90310029200930C9853EC1A2BAC
:1046D00001F0A6FD1090011961E700BFA09D05083B
:1046E000A89D050806230993C9E521AADDE90B1059
:1046F00002F032FF00287FF41AA81B9B1299239A1C
:10470000CB1ACA46CDE4099B08930E9309900F94E7
:10471000079611909DF86770FFF7AFB821AADDE901
:104720000B1002F019FF00287FF401A81B99DDE9A6
:104730002232CA46FFF7BEBB149A129B1344119A49
:104740000E93002A06DC119B0E9AC3F101031A4452
:1047500013460E9223EAE37308934FF0670BDFE5ED
:104760001FA81CA91BAA0323099C0292CDE90310D0
:104770000093019453EC1A2B0C9801F051FD10900A
:1047800006E721AADDE90B1002F0E6FE00287EF420
:10479000CEAF239ACA4662E44D421031704C1CDA07
:1047A0001026DDE90BB704E00AF1080A103D102DD0
:1047B00013DD01331032072BCDE92232CAE900465E
:1047C000F2DD21AA5946384602F0C6FE00287EF4E2
:1047D000AEAFDDE92232CA46E8E701332A44072BAF
:1047E000CDE92232CAE900456EDC0AF1080AFFF77A
:1047F00064BB0DF1830528465A4C00E01046A4FB2B
:104800000321C90801EB8102A3EB420230320929DE
:1048100000F8012C0B4600F1FF32EFDC3033023898
:10482000DBB2854202F8013C71D90DF176001146E8
:1048300001E011F8013B00F8013B8D42F9D121ABB9
:104840009B1A0DF176021344DAE623EAE37208922A
:104850000E934FF0670B63E5B5EE40ABF1EE10FA47
:104860003FF4A2AEC4F101041B94214437E518EED5
:10487000903A002BB6BF2D279DF867708DF86770B2
:10488000394A3A4BFFF7EFB916F0010311937FF461
:10489000C0AE0E9B23EAE373089341E5119B149A83
:1048A0001344099A1A4422EAE2730E92089337E5F8
:1048B0003BB9F50705D4012308930E9330E5534621
:1048C0001BE6149B0133ECE721AADDE90B1002F093
:1048D00043FE00287EF42BAFDDE92232CA46FFF703
:1048E000ECBA109B1919FAE41B9A1F9B1192109AAB
:1048F0009B1A129364E60F9D98F801302C6880464D
:1049000044EAE474281D09940F90FEF79EBE0DF151
:10491000760375E6099C34E60C9A0C2313604FF07D
:10492000FF330A93FEF70CBF8DF86710FEF7AFBF99
:104930008DF86710FFF77DB98DF86710FFF722B982
:104940008DF86710FFF75CB98DF86710FFF79DB918
:104950008DF86710FEF7C1BF8DF86710FFF7DEB95D
:10496000BC9D0508CDCCCCCC749D0508709D050878
:104970002DE9F04F2DED068BBDB01C4688469246C2
:1049800005460A9002F0A8FA036813931846FEF74A
:1049900077FD0E9412901DB1AB6B002B00F00581DA
:1049A000D8F86410B8F90C20C80793B202D499055E
:1049B00040F147819F040AD4D8F8641042F40053B0
:1049C00021F40051A8F80C30C8F864109BB21E07FF
:1049D00040F1B180D8F81020002A00F0AC8003F03C
:1049E0001A020A2A00F0C58000239FEDA18B9FEDDB
:1049F000A29B1193CDE92033CDE9143309932CAB5D
:104A00001F939946C3469AF80030002B00F080822D
:104A1000252B544602D11EE0252B03D014F8013F6C
:104A2000002BF9D1A4EB0A058DB1DDE92032013369
:104A30002A44072BC9F800A0C9F80450CDE9203258
:104A400000F3DC8009F10809099B2B4409932378C2
:104A5000002B00F05D824FF0000300228DF85F30E4
:104A600066780B924FF0FF331146174604F1010AA6
:104A700008930AF1010AA6F12003582B00F2E38300
:104A8000DFE813F0DA02E103E103E202E103E1030C
:104A9000E103E103E103E10332033E03E103AE037B
:104AA0007F03E1036002E700E700E700E700E700BB
:104AB000E700E700E700E700E103E103E103E103CA
:104AC000E103E103E103E103E103E10399034303AC
:104AD000E1034303E103E103E103E103B803E1037D
:104AE000E1039700E103E103E103E103E103AB002C
:104AF000E103E1036502E103E103E103E103E10313
:104B0000E103E103E103E103E103BF02FE0043032C
:104B1000430343034E02FE00E103E1035302E103BA
:104B2000220399006F03B303E103FC02E103AD002C
:104B3000E103E103E70241460A9801F067FA88B110
:104B4000D8F86430DD0704D4B8F80C309C0540F187
:104B500072834FF0FF33099309983DB0BDEC068B8B
:104B6000BDE8F08FB8F80C3003F01A020A2A7FF47F
:104B70003BAFB8F90E20002AFFF636AFD8F8642014
:104B8000D00705D4990503D4D8F85800FDF7E0FB09
:104B90002346524641460A9801F032F90990099895
:104BA0003DB0BDEC068BBDE8F08F0A98FCF7F2FD36
:104BB000F6E647F0100717F0200340F020830E9A26
:104BC00052F8044B0E9217F0100204D117F0400374
:104BD0001CBF1346A4B20025D9E147F01007BA065E
:104BE0000E9B00F1178353F8044B0E93FB0602D47F
:104BF0007D0648BFA4B200250123C8E11FAA59467B
:104C00000A9802F05FFD50B90DF1B0091CE71FAA28
:104C100059460A9802F056FD002800F07081D846E7
:104C2000D8F86420B8F80C30D00702D4990540F1C8
:104C3000FB825A068DD409983DB0BDEC068BBDE8C9
:104C4000F08FD8F85800FDF781FBB8F90C2093B22B
:104C5000B0E6A6F1300300201AF8016B00EB8000EB
:104C600003EB4000A6F13003092BF5D90B9002E7C6
:104C70000000000000000000FFFFFFFFFFFFEF7FCC
:104C8000002A41F08A80BA060E9B40F19D820733CC
:104C900023F00703D3E9004503F108020E92002C2C
:104CA00075F10003C0F29B849DF85F300C93089B64
:104CB000013300F0A18427F08002069254EA050235
:104CC0004FF0010340F07481089A002A40F04085BB
:104CD000002B40F0528417F001030D9300F05D8526
:104CE0000DF1F008302308F8413D089B0D9A9342DE
:104CF000B8BF13460793002310930C9B13B1079B77
:104D000001330793069B13F002030F9302D0079B16
:104D100002330793069B219A13F084073CD10B9B27
:104D200007995C1A002C37DD102C2099BF4D25DD2A
:104D300048461023C146B0460A9E04E0103C102CA1
:104D400000F1080017DD013110320729CDE92012EA
:104D5000C0E90053F2DD1FAA594630460C9302F019
:104D6000B1FC00287FF45BAF103C102CDDE9201271
:104D70002CA80C9BE7DC4646C846814601312244FC
:104D80000729CDE92012C9E9005400F357849DF8A2
:104D90005F300C9309F108090C9B73B12099013124
:104DA00001320DF15F0401200729CDE92012C9E984
:104DB000004000F3778309F108090F9B6BB1209B3A
:104DC0000133023218A80221072BCDE92032C9E9AC
:104DD000000100F3738309F10809802F00F0A48219
:104DE000089B0D995D1A002D2FDD102D209B904CF6
:104DF00020DD49461027DDF8289004E0103D102DF5
:104E000001F1080115DD01331032072BCDE9203205
:104E1000C1E90047F2DD1FAA5946484602F052FC9C
:104E200000287FF4FCAE103D102DDDE920322CA9C6
:104E3000E9DC894601332A44072BCDE92032C9E950
:104E4000004500F3498309F10809069BD90500F1E3
:104E50001182209B0D99C9F8008001330A44072B69
:104E60002192C9F80410209300F3FD8209F108098A
:104E7000069B5C0738D50B9B07995C1A002C33DD29
:104E8000102C209B694D1EDD10260A9F04E0103C6B
:104E9000102C09F1080916DD01331032072BCDE97A
:104EA0002032C9E90056F2DD1FAA5946384602F001
:104EB00009FC00287FF4B3AE103C102CDDE9203251
:104EC0000DF1B009E8DC01332244072BCDE9203293
:104ED000C9E9005408DD1FAA59460A9802F0F2FBFE
:104EE00000287FF49CAE219A099B0B990798814278
:104EF000ACBF5B181B180993002A7FF488AE00230F
:104F000020939AF800300DF1B009002B7FF480ADAA
:104F1000219BD846002B40F07586002320937FE626
:104F200047F040079AF80060A3E59AF800606C2EFD
:104F300003BF9AF8016047F020070AF1010A47F021
:104F4000100796E547F080079AF8006091E5002A7F
:104F500040F03D87374B1493B8060E9B40F182809A
:104F6000073323F00703D3E9004503F108020E924B
:104F7000FB0740F1AF8254EA050300F0AB82302317
:104F80008DF860308DF8616047F0020702234FF022
:104F900000028DF85F20089A013200F07082002232
:104FA0000C9227F08002069254EA05023FF48CAE80
:104FB000012B00F06A82022B00F0F8812CA900E09E
:104FC0004146E20842EA4572E80804F00703054654
:104FD0001446303354EA050201F8013C01F1FF3870
:104FE000EED1069AD00740F1F281302B00F0EF812C
:104FF0003023023908F8013C2CAB5B1A0D9388462C
:1050000073E60E9906970B688DF888304FF0000212
:1050100001208DF85F200B1D002207900C92CDE936
:105020000D03089210920DF188086BE6CC9D0508DF
:10503000DC9D0508789D05089AF8006000297FF43A
:1050400018AD0122202114E547F001079AF800600D
:105050000FE5002A40F0B786BB4B1493B8060E9BB1
:105060003FF57EAF53F8044B0E93F90600F1AF8283
:105070007A0640F1AC82A4B2002579E70E9BD3F802
:1050800000804FF000028DF85F201C1DB8F1000F6A
:1050900000F0A084089A531C00F0F28400214046DE
:1050A000FDF79EFC002800F06D84A0EB08030D9333
:1050B00023EAE373002207939DF85F3008920E9471
:1050C000069710920C9318E6002A40F078860E9A04
:1050D000BC0652F8043B0E9240F17083099A1046C8
:1050E000D117C3E900018EE40E9B9AF8006018689E
:1050F0000B90002803F10403C0F219840E93B8E466
:105100009AF8006001222B21B3E4002A40F0538674
:105110000E9B073323F0070393ED008B0833B0EEAB
:10512000C87BB4EE497BF1EE10FA0E9340F3568340
:10513000B5EEC08BF1EE10FA00F1FD839DF85F3003
:105140000C93824A824B0321002027F08004CDE992
:1051500007100694472ECCBF904698460D911090AC
:10516000CBE50E9A784B14681493043247F630035B
:10517000ADF8603047F002070E9200250223782632
:1051800005E79AF800602A2E0AF1010000F0F68582
:10519000A6F13003092B824600F2C58400201AF8DC
:1051A000016B00EB800003EB4000A6F13003092BFC
:1051B000F5D908905FE4002A40F0F98547F0100720
:1051C000BA060E9B3FF563AD53F8044B0E93FD06F4
:1051D00000F1FF81780640F1FC8124B2E5175EE51D
:1051E0009AF8006047F0040743E447F020079AF874
:1051F00000603EE447F008079AF8006039E40E9B2F
:10520000073323F0070303F10802D3E900450E92A8
:105210000023BCE6073323F0070303F10802D3E9B8
:1052200000450E920123B2E6D8F85800FDF790F839
:10523000B8F80C30FDE4D8F85800FDF789F84FF0C5
:10524000FF330993F7E4002A40F0AD85002E3FF4C8
:105250005FAE002301224FF0000107920C938DF8FE
:1052600088608DF85F1006970D92089310930DF1EA
:10527000880847E5652E40F3AF80B5EE408BF1EE30
:1052800010FA40F03581209B3249C9F800100133F3
:1052900001320121072BCDE92032C9F8041000F3B7
:1052A0003B8309F10809119A199B9342219A03DB68
:1052B000069BDB077FF5DCAD209B1399C9F8001036
:1052C0001299C9F8041001330A44072BCDE92032A2
:1052D00000F3748309F10809119B5D1E002D7FF70F
:1052E000C7AD102D209B1C4C40F3368210260A9F20
:1052F00005E009F10809103D102D40F32D8201331E
:105300001032072BCDE92032C9E90046F1DD1FAA92
:105310005946384602F0D6F900287FF480ACDDE922
:1053200020320DF1B009E6E70B9B07995D1A002DBD
:105330007FF756AD102D209B074C2BDD49461027DB
:10534000DDF828900FE000BF8C9D05086C9D0508D6
:10535000689D0508A89D0508DC9D0508103D102DD9
:1053600001F1080115DD01331032072BCDE92032A0
:10537000C1E90047F2DD1FAA5946484602F0A2F9EA
:1053800000287FF44CAC103D102DDDE920322CA913
:10539000E9DC894601332A44072BCDE92032C9E9EB
:1053A000004500F3FE8109F1080919E514980DF193
:1053B000B008230904F00F0143EA05732A091C46CB
:1053C0001546435C08F8013D54EA0503F1D12CABC6
:1053D000A3EB08030D9388E4119C2098012C02F1A3
:1053E000010200F1010309F1080140F307810120E6
:1053F000072BC9F80080CDE92032C9F8040000F37A
:105400008F811298139C01330244072BCDE920327F
:10541000C1E9004000F390810831119CB5EE408B4A
:10542000F1EE10FA03F1010004F1FF3501F1080972
:1054300000F0A98008F101042A4407280C60219299
:105440004D60209000F3EB8001F11004981C494658
:10545000A146159C4C6022441BAB0728219220904A
:105460000B607FF705AD1FAA59460A9802F02AF98A
:1054700000287FF4D4AB219A0DF1B009F8E40022A2
:10548000012B06970C927FF496AD002D08BF0A2CD5
:1054900080F06C810DF1F0083034012308F8414DA3
:1054A0000D9322E41FAA59460A9802F00BF900282E
:1054B0007FF4B5AB219A0DF1B0097EE41FAA5946DD
:1054C0000A9802F0FFF800287FF4A9AB219A0DF1A9
:1054D000B00982E402235AE51FAA59460A9802F04D
:1054E000F1F800287FF49BAB219A0DF1B009ACE4F0
:1054F0001999002940F3DC81DDE910318B42A8BF06
:105500000B46002B1D460DDD209BC9F800800133A2
:105510002A44072B2192C9F80450209300F3D98222
:1055200009F10809109B002DA8BF5B1B002B1D462D
:1055300040F39F80102D209BA74C40F35C821026E7
:105540000A9F05E009F10809103D102D40F3538230
:1055500001331032072BCDE92032C9E90046F1DDD5
:105560001FAA5946384602F0ADF800287FF457AB21
:10557000DDE920320DF1B009E6E7089B0D930DF14E
:10558000B008FFF7B2BB002D7FF763AF102D924C30
:1055900040F3CA83102603460A9F05E00831103DF8
:1055A000102D40F3FB8101331032072BCDE920325F
:1055B000C1E90046F2DD1FAA5946384602F082F8DA
:1055C00000287FF42CABDDE920322CA9E7E7002589
:1055D000CEE4E517002C75F10003BFF665AB089B20
:1055E00064424FF02D0865EB450501338DF85F806F
:1055F000CDF830807FF45FAB069746E7069CE50761
:105600003FF5F5AE0124072BC9F80080CDE9203223
:10561000C9F8044003DC023009F1100919E71FAA98
:1056200059460A9802F04EF800287FF4F8AADDE9FE
:1056300020020DF1B80901302CA90AE71FAA59462A
:105640000A9802F03FF800287FF4E9AA9DF85F303D
:105650000C93219A0DF1B009FFF79EBB1FAA594682
:105660000A9802F02FF800287FF4D9AA219A0DF1A8
:10567000B009199B11998B4202DB0699CE070FD511
:1056800020991398C9F800001298C9F80400013154
:10569000024407292192209100F3278209F1080989
:1056A00011991098CB1A0D1A9D42A8BF1D46002DC6
:1056B0000EDD2099C9F80450013140442A440729DD
:1056C000C9F80000CDE9201200F34A8109F1080968
:1056D000002DACBF5D1B1D46002D7FF7C9AB102D03
:1056E000209B3D4C38DD10260A9F04E009F1080993
:1056F000103D102D30DD01331032072BCDE9203263
:10570000C9E90046F2DD1FAA5946384601F0DAFF22
:1057100000287FF484AADDE920320DF1B009E7E723
:105720001FAA59460A9801F0CDFF00287FF477AAF6
:10573000DDE920322CA964E61FAA59460A9801F037
:10574000C1FF00287FF46BAADDE920322CA964E6B2
:10575000012B7FF430AC9DE601332A44072BCDE9C1
:105760002032C9E900457FF781AB7CE60DF1B00836
:10577000204629460A220023FAF758FD303208F85D
:10578000012D2046294600230A22FAF74FFD044640
:105790000D4654EA0503EBD119E60DF1B008FFF709
:1057A000A4BA1FAA59460A9801F08CFF00287FF47A
:1057B00036AA219A0DF1B009FFF712BBF80606D4FC
:1057C000790604D5BDF824201A80FFF71CB9099A80
:1057D0001A60FFF718B900BFDC9D0508B4EE488BCE
:1057E000F1EE10FA80F18B82089B591C26F02005FF
:1057F00000F0C580472D03D1002B08BF012308937B
:1058000047F48073069318EE903A002BC0F286811D
:10581000B0EE48AB00230C93662E00F08881462E34
:1058200000F0DF81452D00F0C0811DA81AA919AA3A
:105830000223089C0292CDE903100093019453ECDB
:105840001A2B0A9800F0ECFC672E804640F0A982E3
:10585000FB0740F1DC80089B08EB0301B5EE40AB91
:10586000F1EE10FA40F04E810B46A3EB08031193C2
:10587000472D199B109300F0D180662E40F0D58003
:10588000109B002B089B40F35182002B40F02D828F
:10589000FB0700F12A82109B07930D930C9B002BB2
:1058A00040F0FF8008939DF85F300C93FFF725BA16
:1058B000209BB248C9F80000013301320120072BB8
:1058C000CDE92032C9F804003DDC09F1080929B905
:1058D000119B1BB9069BDF077FF5CAAA209B139873
:1058E000C9F800001298C9F8040001330244072BDC
:1058F0002192209300F3348109F108090029C0F2B4
:105900008B81119901330A44072BCDE92032C9E973
:1059100000817FF7ABAAA6E51FAA59460A9801F0B5
:10592000D1FE00287FF47BA90DF1B009BBE4404211
:105930000B900E9356E44FF02D088DF85F80CDF854
:105940003080FFF7FEBB1FAA59460A9801F0BAFE45
:1059500000287FF464A91999219A0DF1B009B6E7DE
:105960001FAA59460A9801F0ADFE00287FF457A9F6
:10597000199B1199219ACB1A0DF1B009A8E60623BB
:1059800008933DE7089B07930D939DF85F300890BF
:105990000E94069710900C93FFF7AFB9581C01F1C5
:1059A00008032A4407282192C1E9004520903FF7C7
:1059B00036AE013003F1080919464AE51FAA5946D7
:1059C0000A9801F07FFE00287FF429A9219A0DF1A1
:1059D000B00981E4089BCDF84080062B28BF062340
:1059E000CDF82080CDE90C8307930E940697DFF85D
:1059F0009081FFF782B901332A44072BCDE9203289
:105A0000C9E900453FF72AAE09F1080931E61D9BB7
:105A1000199A10921B1A472D119306D1109BDA1C6C
:105A200002DB089A9A4244DA023E109B8DF86C60C1
:105A3000013B002B1993BDBF109BC3F101032D2225
:105A40002B22092B8DF86D2000F312813033302288
:105A50008DF86F308DF86E201CAB1BAA9B1A119A23
:105A60001593012A13440D9340F354810D9B129A10
:105A700013440D9323EAE3730793002310930DE778
:105A80004046FDF7FDFC0023089320EAE0721093E6
:105A90009DF85F300D900E94069707920C93FFF7D8
:105AA0002CB92D238DF85F300C9300230893FFF75A
:105AB00026B9DDE910318B4264DBFD0740F10F812F
:105AC000109B129A13440D9323EAE37307936726FE
:105AD000E4E61FAA59460A9801F0F4FD00287FF475
:105AE0009EA8219A0DF1B0091CE51FAA59460A98F3
:105AF00001F0E8FD00287FF492A8199B219A0DF18E
:105B0000B009CDE51D9B8B42BFF4AFAE30205A1CCF
:105B10001D9218701D9B9942F9D8A6E62D23B1EE6F
:105B200048AB0C9378E600230893FEF7A4BF1AA9AC
:105B3000089C01941DA819AA0323CDE90310029221
:105B400000930A9853EC1A2B00F06AFB8046011967
:105B500098F80030302B00F0B780199C21447DE686
:105B60001FAA59460A9801F0ADFD00287FF457A8F6
:105B70001999DDE920320DF1B009BFE6A89D0508AD
:105B8000A09D0508DDE911321344109A0D93002AF7
:105B900006DC109B0D9AC3F101031A4413460D92C3
:105BA00023EAE3730793672678E6089B1DA85C1C2D
:105BB0001AA919AA0223CDE90310029200930194B5
:105BC00053EC1A2B0A9800F02BFB8046472E40F02E
:105BD000D280FA0740F1C880462E08EB0401B7D006
:105BE0003CE61DA81AA919AA0323089C0292CDE934
:105BF00003100093019453EC1A2B0A9800F010FB49
:105C00008046E9E70A981FAA594601F05BFD002883
:105C10003FF483A9FFF704B84D4210316E4C1CDAF3
:105C200010260A9F04E009F10809103D102D14DD2B
:105C300001331032072BCDE92032C9E90046F2DDED
:105C40001FAA5946384601F03DFD00287EF4E7AF13
:105C5000DDE920320DF1B009E7E701332A44072BD3
:105C6000CDE92032C9E9004571DC09F1080948E6AF
:105C70000DF17B052846594C00E01046A4FB03219A
:105C8000C90801EB8102A3EB42023032092900F876
:105C9000012C0B4600F1FF32EFDC30330238DBB26F
:105CA000854202F8013C75D90DF16E00114601E004
:105CB00011F8013B00F8013B8D42F9D11FAB9B1A53
:105CC0000DF16E021344C8E6B5EE40ABF1EE10FAEA
:105CD0003FF443AFC4F1010419942144BEE523EA23
:105CE000E37207920D936726D8E5109B129A13442E
:105CF000089A1A4422EAE2730D920793CEE518EE51
:105D0000903A002B19DB9DF85F300C93344A354BE9
:105D1000FFF719BA17F0010310937FF4A7AE0D9B9C
:105D200023EAE3730793B9E54B463AE663B9FF0705
:105D30000AD4012307930D93B0E54FF02D088DF899
:105D40005F80CDF83080E1E7129B0133D0E71FAAD6
:105D500059460A9801F0B6FC00287EF460AFDDE9F0
:105D600020320DF1B009CCE51D9B199A1092A3EBDE
:105D70000803119352E608EB04016FE50E9C9AF8B4
:105D80000160236843EAE3730893231D82460E9360
:105D9000FEF76FBE0DF16E035FE68DF85F10FEF744
:105DA00072BF089C12E78DF85F10FFF74FBA8DF8AD
:105DB0005F10FFF703BA8DF85F10FFF7A9B98DF8F0
:105DC0005F10FFF784B98DF85F10FFF745B98DF8C4
:105DD0005F10FFF7BFB800BFDC9D0508CDCCCCCC71
:105DE000749D0508709D050810B4044C13460A46BE
:105DF000014620685DF8044BFEF7BABD4408002454
:105E00002DE9F0410C46ADF58D6D8989666EE58909
:105E1000199621F002010646E069ADF80C1017460C
:105E20004FF48061626AADF80E5098461AAD0023B7
:105E3000079016A809920693009504950291059182
:105E4000FCF780FA43463A4669463046FEF790FD35
:105E5000051E07DB30466946FBF716FC002818BF15
:105E60004FF0FF35BDF80C305B0603D5A38943F036
:105E70004003A3811698FCF767FA28460DF58D6D4F
:105E8000BDE8F08170B5141E9AB005462CDB1A46A9
:105E90004FF4027300910491ADF80C3013D0013C23
:105EA0004FF6FF761E9B029469460594ADF80E608E
:105EB000FDF76EFB421C01DA8B232B60009B002256
:105EC0001A701AB070BD1E9B02944FF6FF76694699
:105ED0000594ADF80E60FDF75BFB431C01DB1AB0C7
:105EE00070BD8B232B60FAE78B2303604FF0FF30EC
:105EF000F5E700BF10B582B0054C00932468134647
:105F00000A4601462046FFF7BDFF02B010BD00BFA4
:105F100044080024F8B50D461446064610B1836BBC
:105F2000002B43D0B4F90C20A369A36091B20807F9
:105F30001BD52369CBB1EDB289042F4622D5226847
:105F40006169D31A994229DD0133A168501C0139D6
:105F5000A1602060157062699A422AD0A389DB078C
:105F600001D50A2D25D03846F8BD2146304600F02F
:105F70004DF820BBB4F90C20236991B2EDB289042D
:105F80002F46DCD4616E42F4005221F40051A2810C
:105F9000226861666169D31A9942D5DC2146304690
:105FA000FBF772FB58B922680123CEE7FBF7F2FB3F
:105FB000B8E721463046FBF767FB0028D3D04FF007
:105FC000FF37D0E721B1FF2A04D80A7001207047BB
:105FD000084670478A2303604FF0FF30704700BFC8
:105FE00070B50D46084C114606461A462846002351
:105FF0002360F2F7CDFA431C00D070BD2368002B5C
:10600000FBD0336070BD00BF8CB9002438B5314B74
:106010001B6805460C4613B19A6B002A3AD0B4F9B6
:106020000C2093B218070CD52069A8B113F0010217
:1060300020D0636900225B42A361A26000B300200C
:1060400038BDD9063ED5580728D4206942F0080348
:10605000A3819BB20028E9D103F42072B2F5007F3E
:10606000E4D028462146FCF7A3F9A389206913F060
:106070000102DED1990758BF6269A2600028DED113
:10608000B4F90C301A06DBD543F04003A3814FF07E
:10609000FF3038BD1846FBF77DFBC0E7216B51B1DF
:1060A00004F14003994204D02846F1F78BFCB4F97F
:1060B0000C200023236300232069636022F0240264
:1060C0002060C3E742F0400209232B604FF0FF300D
:1060D000A28138BD4408002438B5074C002305468A
:1060E00008462360F2F7F0F9431C00D038BD23685E
:1060F000002BFBD02B6038BD8CB900242DE9F04F6C
:1061000003690F69BB4283B0C0F28680013F01F191
:10611000140900F1140A59F827205AF82730BC0056
:106120000132B3FBF2F80AEB0403009409EB040B11
:106130000193B8F1000F38D000252E46CE46D44644
:106140005EF8044BDCF80030A2B208FB0255220CCA
:106150002C0C08FB0242ADB2751B96B2C6EB13467F
:1061600015FA83F306EB23469BB243EA0643F34555
:106170004FEA12454CF8043B4FEA2646E0D2009B1A
:106180005AF803308BB9019A131F9A450CD252F872
:10619000043C4BB9A2F1080302E01A68043B1AB9A7
:1061A0009A4507F1FF37F8D30761044601F0CEF8AE
:1061B00000282DDB08F101085546002359F8041B7F
:1061C00028688AB29A1A0B0C12FA80F2C3EB1043B9
:1061D00003EB224392B242EA0342CB4545F8042B3B
:1061E0004FEA2343EAD25AF827200AEB87037AB909
:1061F0001A1F92450BD253F8042C42B9083B02E017
:106200001A68043B1AB99A4507F1FF37F8D327619A
:10621000404603B0BDE8F08F002003B0BDE8F08F2A
:106220002DE9F04F016C93B004461F4692469B4601
:1062300041B1426C4A60012393408B6000F096FEAE
:10624000002323643D1E1F9AB4BF01230023136063
:10625000BF4BBCBF25F00045AB46AB4300F0A5806B
:106260004BEC17ABB5EE407BF1EE10FACDE902AB8B
:106270000DD11E9A01231360209B002B00F0C280D9
:10628000B44E1E60013E304613B0BDE8F08F10AA38
:1062900011ABCDE900322046DDE9022301F0E8F838
:1062A0005FEA1559804640F09E80DDE9101301EB4E
:1062B000030909F23243202B40F38683C3F14003E4
:1062C00009F212429D402AFA02F32B4307EE903A5C
:1062D000B8EE677B09F1FF398DED027B0398DDE9AC
:1062E0000223A0F1F87301200D9043EC172BB7EEB9
:1062F000086B9FED914B37EE466B9FED917B9FEDC9
:10630000925BA6EE047B06EE909AB8EEE66BA6EEE4
:10631000057BFDEEC76BB5EEC07BF1EE10FACDED5F
:10632000026A00F1D381029A162A00F2C4818A4BD4
:1063300003EBC20393ED007B4BEC16ABB4EEC67BD4
:10634000F1EE10FA40F33A83531E029300230B93AD
:10635000A1EB0909B9F10103089344BF0023089395
:10636000029B4CBFC9F101094FF00009002BC0F29C
:10637000A581089A0A9311461944002308910593B0
:106380001C9B092B43D8052B40F31B83043B1C9318
:10639000002306931C9B023B032B00F2EF83DFE8F4
:1063A00013F039031A03430344041E9A42F20F7395
:1063B0001360BAF1000F0FD1C5F3130565B9209B27
:1063C000664E002B3FF45FAF06F10803209A30467B
:1063D000136013B0BDE8F08F209B614E002B3FF49B
:1063E00052AFF31CF2E70399C1F31301DDE9022375
:1063F000002041F07F53A9F2FF3943F44013109974
:106400000D9072E7574E304613B0BDE8F08F012370
:1064100000224FF0FF3506931C922F4609931D92E0
:10642000002161640C97204600F07AFD0E2D06468F
:10643000206400F2BE80069B002B00F0BA80029917
:106440000029CDE90EAB40F35883434A01F00F0316
:1064500002EBC3020B11DD0692ED006B40F10784E5
:10646000414A92ED087B4BEC15AB03F00F0303217F
:1064700085EE074B5BB13C4AD80704D592ED007B13
:10648000013126EE076B5B1002F10802F4D184EEB5
:10649000065B0B9B3BB1B7EE007BB4EEC75BF1EE46
:1064A00010FA00F14F8407EE901AB8EEE76BB1EEE8
:1064B0000C7BA6EE057B8DED067B079BDDE906AB2D
:1064C000A3F1507B002F00F0998302983A46BDEE6D
:1064D000C57B214917EE103A01EBC20111ED024BC9
:1064E00009993033B8EEC77BDBB235EE477B4BEC16
:1064F00016AB751C002900F0DE83B6EE003B83EE80
:10650000045B35EE465BB4EEC75BF1EE10FA337018
:106510004BDCB7EE003B33EE476BB4EEC65BF1EEFF
:1065200010FA00F35984012A41D0B2EE044B3244F0
:1065300026E000BFAFF3008061436F63A787D23FBF
:10654000B3C8608B288AC63FFB799F501344D33F62
:106550000000F07FA99D0508289E0508EC9D050810
:10656000F89D0508A89D0508009E050833EE476BB9
:10657000B4EEC56BF1EE10FA00F12E84954216D000
:1065800027EE047B25EE045BBDEEC76B16EE103ADA
:106590003033DBB2B8EEC66B37EE467BB4EEC57B6C
:1065A000F1EE10FA05F8013BE0D50290D7E1DDE904
:1065B0000EAB119B002B62DB029A0E2A5FDCBE4BF6
:1065C00003EBC20393ED003B1D9B002BC0F27482D2
:1065D0004BEC17AB87EE036BBDEEC66B012F16EECF
:1065E000103A03F13003B8EEC65B06F101053370D3
:1065F000A3EE457B21D0B2EE044B27EE047BB5EE33
:10660000407BF1EE10FA08D1A9E127EE047BB5EE4C
:10661000407BF1EE10FA00F0A28187EE036BBDEE35
:10662000C66B16EE103A303305F8013BAB1B9F42A8
:10663000B8EEC65BA5EE437BE7D137EE077BB4EE41
:10664000C37BF1EE10FA0ADCB4EE437BF1EE10FAF4
:1066500040F0858116EE103AD90740F1808115F897
:10666000013C05E0964200F04A8312F8013C1546D1
:10667000392B05F1FF32F5D0013313706FE1099A20
:1066800082B31C9A012A40F30A82059B7A1E934228
:10669000C0F2D5829A1A002FC0F2FE82089B3B44BA
:1066A0004D460893B944012120460D9200F0F8FCB4
:1066B0000D9A06901AE001230B9349E6029BA9EB81
:1066C00003095B42059300230A9359E6B8EEE66B93
:1066D000B4EE476BF1EE10FA3FF425AE029B013B9E
:1066E000029320E6099B059A06934D46002D0BDD8B
:1066F0000899002908DDA9420B46A8BF2B46A9EB43
:106700000309ED1ACB1A0893059B6BB1099900296F
:1067100000F08E829B1A002A40F0A38141461A465F
:10672000204600F06DFD80460121204600F0B8FCB7
:106730000A9A0590002A40F02C811C9B012B40F303
:1067400076810120089A104410F01F0000F01A8191
:10675000C0F12003042B40F36E83C0F11C000244FF
:10676000814405440892B9F1000F05DD41464A46CF
:10677000204600F095FD8046089B002B05DD1A465B
:106780000599204600F08CFD05900B9B002B73D1E2
:10679000002F40F30E82099B002B00F08980002D12
:1067A00000F376810A9B002B40F0D381DDF818902E
:1067B0000B96731E3B440AF001023746069E0A926E
:1067C0000993059D40462946FFF798FC31468246CD
:1067D000404600F0BBFD294683464A46204600F06D
:1067E000D1FDC3680AF130050146002B40F0DC8181
:1067F0000690404600F0AAFD069A089011462046F1
:1068000000F0B4FB089B33B91C9A22B90A9B002BF9
:1068100000F0E4821C9BBBF1000FC0F2188205D18E
:106820001C9A1AB90A9A002A00F01182002B07F16B
:10683000010A00F32182099B3D70BB4200F02F82C8
:10684000414600230A22204600F09AFB4E4580462E
:1068500031464FF000034FF00A02204600F09E81BF
:1068600000F08EFB4946064600230A22204600F02F
:1068700087FB57468146A4E70599404600F066FD30
:10688000002885DA029F414600230A222046013F64
:10689000029700F075FB099B8046002B40F0B68202
:1068A0000C9F002F04DC1C9B022B00F3C2820C9F68
:1068B000DDF81490354604E0289E050800F060FBE2
:1068C000804649464046FFF719FC00F1300C05F8B8
:1068D00001CBAB1B9F424FF00A024FF00003414631
:1068E0002046EBDCCDF820C04FF0000A41460122E3
:1068F000204600F0D5FC0599804600F027FD0028D1
:1069000015F8012C12DC06D1089BDB070ED402E03F
:1069100015F8022C1D46302A05F1FF33F8D00BE0A4
:106920009E4200F0528113F8012C1D46392A05F1D0
:10693000FF33F5D001321A700599204600F016FB9E
:10694000069B63B1BAF1000F05D09A4503D05146BA
:10695000204600F00BFB0699204600F007FB41465D
:10696000204600F003FB0022029B2A701E9A01338E
:106970001360209B002B3FF486AC30461D6013B0A3
:10698000BDE8F08F1C20089B034481440544089314
:10699000E9E60146204600F033FC1C9B0590012BE4
:1069A00040F3D28000230A93059A136902EB830314
:1069B000186900F025FBC0F12000C3E600230B930B
:1069C000C6E401230693E5E4C3F120030AFA03F3C6
:1069D00007EE903A7CE400230993029B1D9A13442E
:1069E0005F1C012FBC460C93B8BF4FF0010C002177
:1069F000BCF1170F61643D467FF715AD01220423FA
:106A00005B0003F114006045114602F10102F7D961
:106A1000616408E5002309931D9B002B40F3DB8094
:106A20000C931F469C46E2E701230993F4E7BAF171
:106A3000000F7FF486AECBF31303002B40F0688188
:106A40002BF000431B0D1B052BB1089B0133089352
:106A500009F1010901230A9A0A93002A3FF471AE51
:106A6000A2E706990D93204600F0CAFB4246014674
:106A70000690204600F01EFB41460590204600F09F
:106A800075FA059A0D9B9046002B3FF44DAE45E6F6
:106A90002A460699204600F003FC069082E60D9AED
:106AA000002A00F0378103F23343089A1A4408920F
:106AB0004D46059A9944F6E5002F3FF789AD40F021
:106AC000B080B1EE047B23EE073B4BEC17ABB4EE8A
:106AD000C73BF1EE10FACDE9057771DA029A31235E
:106AE000013202923370751C0599204600F03EFA7F
:106AF000069B002B7FF42FAF31E700F01E81029B35
:106B0000C04A5B4203F00F0102EBC10292ED005B51
:106B10009DED0E7B1B1127EE055B00F08781B0EE2B
:106B2000457BB94A00200221DD0705D592ED006BB7
:106B30000131012027EE067B5B1002F10802F3D140
:106B4000002805FE075BA4E4BAF1000F3FF473AF21
:106B500028E7069B2046596800F0E2F906990B6980
:106B600002339A0005460C310C30FBF7BBFF294677
:106B70000122204600F094FB814619E60025656459
:106B80002946204600F0CCF94FF0FF330C931F4606
:106B9000012306461D95206409930AE500F0F0F9EB
:106BA0005746064681460CE6204600F0DFF90123F1
:106BB00031E61C9B022B7FF7EEAD002F00F0AE807C
:106BC0001D9BDB43029335468EE7029A3123013247
:106BD00002923370B0E601251D952F4620E407EEA2
:106BE000901AB8EEE76BB1EE0C7BA6EE057B8DED4F
:106BF000067B079BDDE906ABA3F1507B4BEC16ABA4
:106C0000B1EE047B35EE477BB4EEC67BF1EE10FAB5
:106C10004DDCB1EE466BB4EEC67BF1EE10FA7FF5BB
:106C2000C6AC0023CDE90533CAE701230993D4E6B6
:106C30004146059A204600F0E3FA804674E5059B3C
:106C40000A990592D31A19440A91002223E5002BD0
:106C50000895069607F101050B9E00F392809DF8BA
:106C60002030DDF818A03B70CDF8189064E69DED5B
:106C70000E4B0221FFF7FEBB2B46392B08950696DB
:106C800055460B9E00F08F80089BDDF818A0CDF8CC
:106C9000189001333B704FE6A9EB070503E5334637
:106CA00008950B9ECDF8189055469A461EE600238F
:106CB000CDE9053312E7012A26EE045B337011D0CB
:106CC000B2EE044B324427EE047BBDEEC76B16EEEA
:106CD000103A303305F8013B9542B8EEC66B37EEFB
:106CE000467BF0D1B6EE006B35EE064BB4EEC74BEB
:106CF000F1EE10FA5ED5029015F8013CB8E43023AD
:106D00003370029B01330293324615F8013CB3E421
:106D10000023A0E6109BC3F13603C6E63B46059967
:106D20000522204600F02CF901460590404600F06F
:106D30000DFB00283FF7D2AE42E79DED0E5B02212E
:106D4000FFF7A7BB002F3FF44AAF0C9A002A7FF74A
:106D50002EACB2EE044BB1EE0C6B013107EE901A83
:106D600025EE045BB8EEE77BA5EE076B8DED066BB9
:106D7000079BDDE906ABA3F1507B029B581EFFF792
:106D8000A6BB41460122204600F08AFA05998046BA
:106D900000F0DCFA00282DDD089B392B03D00AF126
:106DA000310308935BE73922DDF818A03A70CDF87B
:106DB0001890BBE536EE456BB4EEC76BF1EE10FAFA
:106DC00002DCFFF7F4BB154615F8013C302B05F14A
:106DD000FF32F8D0FFF7E9BB029049E42B46392B8C
:106DE0000895069607F101050B9EDCD0BBF1000F5C
:106DF000D5DC34E77FF433AF089BDA077FF52FAF9C
:106E0000CAE700BF289E0508009E050806990023D2
:106E10000A22204600F0B4F80C9F0690002F3FF79E
:106E2000BEAC1C9B022B04DC0C9FB8E40221FFF7D4
:106E300030BB0C9FC1E63FF496ACC0F13C00A2E52C
:106E40000B78722B30B431D0772B2AD0612B04D041
:106E50001623036030BC002070474FF402750124F4
:106E60004FF4847011F8013F8BB1622B16D0782B50
:106E700011D02B2BF6D111F8013F20F01C0024F08B
:106E8000030440F0100044F00204002BEDD12C4329
:106E9000146030BC704744F40064E3E744F4803489
:106EA000E0E74FF4C06501240820DBE700252C460D
:106EB0000420D7E738B5074C002305460846236071
:106EC000F1F7D4FB431C00D038BD2368002BFBD066
:106ED0002B6038BD8CB90024044A054B1268506BF6
:106EE000002808BF1846F030704700BF440800244F
:106EF000700C002470B50D46084C114606461A4623
:106F0000284600232360F1F718FC431C00D070BD15
:106F10002368002BFBD0336070BD00BF8CB9002408
:106F2000C36C70B505460C464BB153F8240080B1D4
:106F3000026843F824200023C0E9033370BD2122F6
:106F40000421F0F788FC0346E8640028EDD1002016
:106F500070BD012101FA04F6721D28469200F0F777
:106F60007AFC0028F3D0C0E90146E4E731B1C36CF4
:106F70004A6853F82200086043F82210704700BFA7
:106F8000F0B50C6983B00D46064601F1140C0027DC
:106F9000DCF8000081B202FB0133010C180C02FB8B
:106FA00001019BB2013703EB0143BC424CF8043BA7
:106FB0004FEA1143ECDC3BB1AA68A24207DD05EBC6
:106FC0008402013453612C61284603B0F0BD696826
:106FD000019301313046FFF7A3FF2A69023205F120
:106FE0000C01074692000C30FBF77CFDF26C6968DF
:106FF000019B52F82100286042F821503D46DEE70F
:10700000020C12040346C2B90304102013F07F4F90
:1070100004BF1B02083013F0704F04BF1B01043083
:1070200013F0404F04BF9B000230002B04DB5B00D9
:1070300001D501307047202070470020E6E700BFEF
:10704000036813F00702014607D0DA071FD4980738
:107050001FD55B080B600120704798B2A0B11046A5
:1070600013F0FF0F04BF1B0A08301A0704BF1B09E7
:1070700004309A0704BF9B080230DA0702D45B0889
:107080000BD001300B6070471B0C1020E8E700208C
:1070900070479B080B60022070472020704700BF9C
:1070A00010B50C460121FFF73BFF0122C0E9042483
:1070B00010BD00BF2DE9F04F0E691469A64283B0E0
:1070C0000F46154604DA32462F4626460D4614462C
:1070D000D7E9011306EB04084345B8BF0131FFF7B8
:1070E0001FFF00F1140909EB880EF145009005D24D
:1070F0004B46002243F8042B9E45FBD805F1140AA9
:107100000AEB840407F11403A24503EB860C61D259
:10711000641B153C24F00304CDF804E0A24405F1FF
:1071200010029E4605E02D0C2BD1924509F1040971
:107130004ED052F8045F1FFA85FBBBF1000FF2D06E
:1071400077464E46002000E0264657F8041B346878
:107150008BB2A5B2090C240C0BFB035303440BFBAD
:10716000014000EB134034469BB243EA0043BC4568
:107170004FEA104044F8043BE6D8706015682D0CC7
:10718000D3D0D9F8003076461846CB46002100E02F
:10719000A3463488000C05FB040001449BB25C4606
:1071A00043EA014344F8043B56F8043BDBF804008F
:1071B0001B0C87B205FB037303EB1143B4454FEA85
:1071C0001341E5D89245CBF8043009F10409B0D158
:1071D000DDF804E0B8F1000F0BDD5EF8043CAEF121
:1071E000040E1BB105E05EF8043D13B9B8F10108C7
:1071F000F9D10098C0F8108003B0BDE8F08F00BF4F
:1072000012F003032DE9F041144607462ED10D4636
:10721000A4101CD0BE6C96B3E3074FF0000806D450
:10722000641014D03068A8B10646E307F8D532469A
:1072300029463846FFF73EFFB5B16A68FB6C64101B
:1072400053F82210296043F822500546EAD1284617
:10725000BDE8F081324631463846FFF72BFF3060FB
:10726000C0F800800646E0E70546D9E7013B0B4A37
:1072700052F823200023FFF783FE0546C8E70121CB
:107280003846FFF74DFE40F271234361012200238F
:1072900002610646B8640360BEE700BFF09E0508C1
:1072A0002DE9F04791460A690E464FEA6914D1E983
:1072B000011304EB020808F101059D42074604DDB5
:1072C0005B009D4201F10101FADC3846FFF728FE20
:1072D000002C00F1140337DD03EB8401002243F896
:1072E000042B8B42FBD1346906F1140319F01F09FA
:1072F00003EB840C20D0C9F1200E002200E051469F
:107300001C688A4604FA09F414434AF8044B53F8FB
:10731000042B634522FA0EF2F1D34A600AB108F158
:107320000205FB6C7268013D53F822100561316063
:1073300043F82260BDE8F087043953F8042B41F884
:10734000042F9C45F9D8ECE71946CCE730B40B691B
:1073500005460069C01A0FD19B0014351431194439
:107360002B4401E09D4207D253F8044D51F8042DFF
:107370009442F7D002D3012030BC70474FF0FF3069
:10738000FAE700BF2DE9F04113690D69ED1A002DF0
:107390000E46904601F1140402F1140714D19B002B
:1073A000E2183B4401E0A24259D952F804CD53F807
:1073B000041D8C45F7D009D2224633463C4646464A
:1073C00017469846012501E0F6DB00257168FFF7B6
:1073D000A7FDD8F810303669C56007EB830EBC46B0
:1073E00000F1140504EB860700235CF8041B54F835
:1073F000048B8AB213FA88F3090C9A1AC1EB18436A
:1074000003EB224392B242EA0342E64545F8042BDD
:107410004FEA2343E9D8A74217D9AE46A4465CF801
:10742000042B13FA82F3191401EB12419BB243EAC5
:10743000014267454EF8042B4FEA2143EFD8E4435D
:10744000274427F0030704373D44043D22B955F88B
:10745000043D013E002BFAD00661BDE8F081002119
:10746000FFF75EFD01220023C0E90423BDE8F0819F
:107470002DE9F04383B001211F4616460A9DFFF710
:107480004FFDC7F30A548146C7F313030CB143F40D
:107490008013002E019323D002A840F8086DFFF757
:1074A000CFFD002835D1DDE90023C9F81420002BD9
:1074B0000CBF01210221C9F81830C9F81010DCB93D
:1074C00009EB8103A0F2324028601869FFF798FDAC
:1074D0000B9BC0EB41101860484603B0BDE8F08339
:1074E00001A8FFF7ADFD019BC9F814300121203040
:1074F000C9F81010002CE3D0A4F2334808EB0003C5
:107500002B600B9BC0F135001860484603B0BDE806
:10751000F083DDE90013C0F1200203FA02F20A430E
:10752000C3400193C9F81420C1E700BF70B50D46F0
:10753000084C114606461A46284600232360F1F7F8
:1075400097F8431C00D070BD2368002BFBD033603C
:1075500070BD00BF8CB900242DE9F04F936883B053
:107560009046002B6CD017688D6882460C460868E0
:10757000083742E0A38913F4906F2DD0D4E90415A5
:1075800005EB4505A0EB010B05EBD575701C6D10E7
:107590005844A8422A4684BF05462A465B0536D58C
:1075A00011465046F0F7C2F900283AD05A462169F0
:1075B0000190FBF797FAA289019B22F4906242F0B6
:1075C0008002A281A5EB0B0203EB0B006561236136
:1075D0002060A2603546B3465A464946FBF71CFB7D
:1075E000D8F80830A2682068551B58449E1BA56037
:1075F0002060C8F808601EB3083757E90296AB460A
:10760000002EF9D0AE42B5D23546B346E4E7504637
:10761000F0F7F8F803460028D4D121695046F0F776
:10762000D1F90C23CAF80030A389002243F04003AB
:107630004FF0FF30A381C8E9012203B0BDE8F08F0D
:107640000020C8F8040003B0BDE8F08F2DE9F84F22
:107650004B6E9C0492462DD59368126843B30E4638
:10766000074602F1080959E9025B5FEA9B0815D059
:10767000043D002401E0A0450ED0324655F8041F19
:10768000384600F079F8431C04F10104F3D10023DB
:10769000CAE90133BDE8F88FDAF808302BF0030BA4
:1076A000A3EB0B03CAF8083009F10809002BDAD163
:1076B0000020ECE7FAF746FC0023CAE90133BDE8F5
:1076C000F88F00BF93680BB1FFF7C0BF10B4184626
:1076D00053605DF8044B70472DE9F04782B0814656
:1076E00088461446FAF720FE012803D108F1FF333B
:1076F000FE2B33D9424604F15C0301A9484600F051
:107700006DF8421C06462FD020B39DF804C000251A
:107710000DF1040A09E023685A1C226083F800C0B6
:107720000135B54216D215F80AC0A368013B002BFB
:10773000A360F0DAA769BB4261462246484602DBF5
:10774000BCF10A0FE7D1FEF7E5FB431CE8D102B01C
:10775000BDE8F087404602B0BDE8F0875FFA88FCDC
:1077600006468DF804C0D2E7A38943F04003A38105
:1077700002B0BDE8F08700BF30B50546506EB2F9E3
:107780000C30C007144683B09AB201D490051CD5C2
:10779000900406D4626E43F4005342F40052A38175
:1077A000626628462246FFF797FF636EDA070546B2
:1077B00002D4A3899B0502D5284603B030BDA06D35
:1077C000FAF7C6FD284603B030BDA06D0191FAF767
:1077D000BDFDB4F90C3001999AB2D9E7F0B5114C5E
:1077E000246885B00646646B1F4651B10E4D002CCF
:1077F00008BF2C46D4F8E040A047431C0CD005B08D
:10780000F0BD094A002C08BF14460A46D4F8E040EF
:1078100001A9A047431CF2D100228A233A603360B9
:1078200005B0F0BD44080024700C0024024B58221F
:107830001A604FF0FF3070478CB90024024B582279
:107840001A604FF0FF3070478CB90024F8B500BFC4
:10785000F8BC08BC9E467047F8B500BFF8BC08BC31
:107860009E467047576F726B696E6700436F6D700D
:107870006C65746500000000550A0408870404085C
:10788000850404080000000000000000050604084C
:1078900085060408AB040408FB0404087107040807
:1078A00055080408CD070408A9090408AF04040812
:1078B00013050408B5050408476967610000000066
:1078C00000000000000000002D0B0408490B040814
:1078D00067650408C35B0408D1580408BF5904084D
:1078E00009660408ED540408EF5404083D680408D0
:1078F0008D6804088D550408250C04086D0D0408D6
:107900005D550408250B04081D0D0408490D0408E5
:1079100075550408E10C0408ED0A0408F10A04088E
:10792000F30A0408F50A04080B0B04085F0B0408AB
:107930009F0B0408D30B0408FB0B0408290F040851
:107940002D0F0408310F0408100341007200640079
:10795000750069006E006F0000000000000000006C
:10796000391104084D1104082B1604087D5204082F
:1079700000000000000000006111040875110408F7
:10798000711704087D520408000000000000000088
:1079900011110408251104083B0F04087D52040846
:1079A0002D190408870404088504040880250000B4
:1079B00000000800FFFFFFFF5F72785F73697A6560
:1079C000203D3D2030005F74785F6C6973742E65D4
:1079D0006D7074792829005F72785F6C6973742EFA
:1079E000656D707479282900433A5C55736572732C
:1079F0005C5350616C617374726F5C417070446170
:107A000074615C4C6F63616C5C41726475696E6F2C
:107A100031355C7061636B616765735C617264755D
:107A2000696E6F5C68617264776172655C6D6265D6
:107A3000645F676967615C342E322E315C636F72FC
:107A400065735C61726475696E6F5C5553425C5519
:107A500053424344432E637070007265736F6C76BB
:107A600065722E76616C69642829000000000000B0
:107A700000000000C1100408F5100408550F0408A8
:107A8000591404087514040809120408611804083C
:107A90000B11040889110408430F0408490F040856
:107AA000451404084D0F0408350F0408370F040867
:107AB000390F04081603430044004300200044002B
:107AC000450056004900430045000000651E0408BB
:107AD0008704040885040408551E04088704040864
:107AE0008504040855534265767400433A5C557327
:107AF0006572735C5350616C617374726F5C41703A
:107B000070446174615C4C6F63616C5C417264755C
:107B1000696E6F31355C7061636B616765735C6161
:107B2000726475696E6F5C68617264776172655CBE
:107B30006D6265645F676967615C342E322E315C0B
:107B4000636F7265735C61726475696E6F2F6D62CD
:107B500065642F706C6174666F726D2F696E636CF3
:107B60007564652F706C6174666F726D2F43616C04
:107B70006C6261636B2E6800626F6F6C282A746898
:107B8000697329000000000000000000B91A040811
:107B9000151B0408550F040859140408751404082B
:107BA00009120408611804080B110408891104085B
:107BB000430F0408490F0408451404084D0F040836
:107BC0001F1A0408691C0408390F0408CD19040899
:107BD000F5190408451D0408611904086D19040805
:107BE0004D070408990704080908040871190408D6
:107BF000E10504084906040875190408D8FEFFFFCA
:107C000000000000051B0408331B0408537204081D
:107C100023720408857204081F7204081F72040886
:107C20001F720408897204088D720408897204089E
:107C3000351904083B190408471904084B190408AE
:107C400051190408571904085B190408ED190408B0
:107C5000171A04085D1904085F190408D4FEFFFF11
:107C6000000000000D1B04082B1B0408C0FEFFFFD2
:107C700000000000FD0504087F060408AB040408AA
:107C800073190408690704084D080408C7070408A5
:107C9000491E0408671904086F19040885190408A7
:107CA0000000000000000000C71E040852545820C5
:107CB00056352E352E33007274785F74696D657297
:107CC000007274785F69646C650000000000000059
:107CD00000000000000000000000000000000000A4
:107CE0000000000000000000000000000000000094
:107CF0000000000000000000000000000000000084
:107D00000000000005000000E8030000050000007E
:107D1000802100241000000000000000000000008E
:107D20000000000000000000000000000000000053
:107D30000000000000000000000000000000000043
:107D40000000000000000000000000000000000033
:107D5000000000000000000000100000787D050811
:107D6000B47D0508ED430408CD4304089C7D050857
:107D70000400000000000000C17C050800000000B5
:107D80008822002444000000D02200248003000048
:107D900001000000010000000000000000000000E1
:107DA00000000000C021002434000000F421002461
:107DB00050000000B77C05080000000044220024A9
:107DC00044000000502600240003000028000000AA
:107DD00001000000000000006D616C6C6F635F6D5E
:107DE0007574657800656E765F6D7574657800737F
:107DF000696E676C65746F6E5F6D75746578006D24
:107E000061696E00507265206D61696E20746872E0
:107E1000656164206E6F74206372656174656400CF
:107E20004661696C656420746F207374617274209C
:107E300052544F5300000000EF7D05080B00000076
:107E400034B200241C000000434D5349532D5254BA
:107E50004F53206572726F723A20537461636B20C6
:107E60006F766572666C6F7700434D5349532D52A0
:107E7000544F53206572726F723A20495352205109
:107E800075657565206F766572666C6F7700434D1A
:107E90005349532D52544F53206572726F723A20DA
:107EA000557365722054696D65722043616C6C6214
:107EB00061636B205175657565206F766572666CC0
:107EC0006F7700434D5349532D52544F53206572E1
:107ED000726F723A2053544420432F432B2B206C53
:107EE000696272617279206C696273706163652086
:107EF0006E6F7420617661696C61626C6500434DE0
:107F00005349532D52544F53206572726F723A2069
:107F100053544420432F432B2B206C6962726172AF
:107F200079206D7574657820696E697469616C6912
:107F30007A6174696F6E206661696C656400434D97
:107F40005349532D52544F53206572726F723A2029
:107F5000556E6B6E6F776E004E6F7420616C6C6F38
:107F600077656420696E2049535220636F6E746593
:107F700078740053797374656D206973206F75741C
:107F8000206F66206D656D6F727900506172616D52
:107F900065746572206572726F72005265736F75D9
:107FA000726365206E6F7420617661696C61626CCA
:107FB00065004F7065726174696F6E206E6F74201A
:107FC000636F6D706C657465642077697468696E41
:107FD000207468652074696D656F757420706572B2
:107FE000696F6400556E73706563696669656420C6
:107FF00052544F53206572726F720000587F05080B
:10800000737F05088B7F05089B7F0508B27F0508F5
:10801000E47F05082E2F6D6265642D6F732F636DED
:108020007369732F6465766963652F72746F732F3C
:10803000736F757263652F6D6265645F7274785FCC
:1080400069646C652E637070007469636B735F7331
:108050006C657074203C2072746F733A3A4B657291
:108060006E656C3A3A776169745F666F725F7533FB
:10807000325F6D61780066726571203D3D20313060
:1080800030300068616E646C6572203D3D20284987
:10809000525148616E646C65725F74294E56494353
:1080A0005F476574566563746F7228697271290041
:1080B0002E2F6D6265642D6F732F706C6174666F07
:1080C000726D2F696E636C7564652F706C61746678
:1080D0006F726D2F53696E676C65746F6E5074723A
:1080E0002E680070203D3D207265696E7465727067
:1080F0007265745F636173743C54202A3E28265F66
:108100006461746129002E2F6D6265642D6F732F79
:10811000647269766572732F736F757263652F531E
:10812000657269616C426173652E637070005F7384
:1081300074617469635F70696E6D6170203D3D208C
:108140004E554C4C000000000000000000000000F4
:108150005949040859490408ED4D0408554E0408CE
:108160000000000000000000C11E04080000000024
:108170000000000059490408594904085D500408EA
:108180007950040893500408E1500408DF4F0408B4
:10819000EB4F0408F74F0408FF4F04083950040858
:1081A0004B5004080750040878FFFFFF0000000050
:1081B000715004088D50040807510408D950040870
:1081C000E54F040803500408DB4F0408FB4F040884
:1081D000F5480408FF480408F14F0408351904085D
:1081E0003B19040847190408435004085550040873
:1081F000315004085B1904082E2F6D6265642D6FE1
:10820000732F647269766572732F7573622F736F43
:10821000757263652F4173796E634F702E63707052
:10822000005F77616974203D3D204E554C4C005FE6
:108230006C697374203D3D204E554C4C000000008D
:10824000000000000000000000000000000000002E
:10825000C11E04087D5204082E2F6D6265642D6FC7
:10826000732F647269766572732F7573622F736FE3
:10827000757263652F5553424465766963652E6355
:108280007070005F6C6F636B6564203E203000444B
:108290006576696365207374617465206973202253
:1082A000506F776572656422206F72202244657476
:1082B0006163686564220054686520656E64706F50
:1082C000696E74206973206E6F7420696E646578BE
:1082D00061626C652E005F7472616E736665722EEA
:1082E000757365725F63616C6C6261636B203D3DA9
:1082F000205265717565737458666572446F6E655A
:108300000054686520737461636B20697320776122
:108310006974696E67206F6E2061207573657220C5
:1083200063616C6C6261636B20666F722074686558
:108330002062756666657220746F2066696C6C20B9
:108340006F72207374617475732E005F7472616E46
:10835000736665722E757365725F63616C6C6261C2
:10836000636B203D3D20536574436F6E666967758E
:10837000726174696F6E005F7472616E73666572AC
:108380002E757365725F63616C6C6261636B203D17
:108390003D20536574496E74657266616365005F64
:1083A0007472616E736665722E757365725F636158
:1083B0006C6C6261636B203D3D2052657175657325
:1083C000740021636F6E66696775726564282900A1
:1083D0005468652073697A65206F6620746865202B
:1083E0006461746120746F20726561642069732018
:1083F0006C657373207468616E20746865206D61AC
:1084000078207061636B65742073697A6520666F8C
:1084100072207468697320656E64706F696E742E63
:108420000054686520656E64706F696E74206973AE
:10843000206E6F7420696E64657861626C650053AC
:10844000697A65206265696E672077726974746500
:108450006E20697320746F6F206C617267652E00E7
:108460002128696E666F2D3E666C61677320262039
:10847000454E44504F494E545F454E41424C454451
:1084800029006D61785F7061636B65745F73697AF1
:1084900065203C3D203130323400215F696E6974C3
:1084A00069616C697A6564000000000000000000EA
:1084B000000000000000000067650408C35B0408BA
:1084C000D1580408BF59040809660408ED5404088B
:1084D000EF5404083D6804088D6804088D550408AD
:1084E000F5540408C11E04085D55040865550408C8
:1084F000855504086D550408755504087D55040814
:10850000ED0A0408F10A0408F30A0408EB5404080D
:10851000C11E0408C11E0408C11E0408C11E0408AF
:10852000C11E0408CD550408F9550408AD550408CA
:108530000403090416033000310032003300340014
:108540003500360037003800390016035500530057
:108550004200200044004500560049004300450009
:10856000080355005300420012036D0062006500CD
:1085700064002E006F0072006700060330003100B7
:108580002E2F6D6265642D6F732F68616C2F736F72
:10859000757263652F6D6265645F63726974696388
:1085A000616C5F73656374696F6E5F6170692E6380
:1085B00000216172655F696E7465727275707473A3
:1085C0005F656E61626C656428290000D4850508CA
:1085D000602A0024A1DF0408F1DE040835DF040866
:1085E00049E1040871E1040801DF040811E304080B
:1085F000D1DE040801000000636F756C64206E6FAB
:10860000742070696E6F75740070696E6D61702092
:108610006D69732D6D617463680070696E6D617052
:10862000206E6F7420666F756E6420666F722070A6
:1086300065726970686572616C002E2F6D62656489
:108640002D6F732F68616C2F736F757263652F6D5B
:108650006265645F7469636B65725F6170692E63E4
:10866000006D617463685F7469636B20213D2071E4
:10867000756575652D3E7469636B5F6C6173745FBE
:1086800072656164005469636B657220667265711E
:1086900075656E6379206973207A65726F0054691D
:1086A000636B6572206E756D626572206F66206205
:1086B00069742069732067726561746572207468DB
:1086C000616E203332206F72206C65737320746882
:1086D000616E20342062697473000000E48605082E
:1086E000982A0024CDF00408E5F004082DF10408D0
:1086F00041F10408F1F004080DF104083D6F04088D
:10870000F1EF0408000000002E2F6D6265642D6FEC
:10871000732F68616C2F736F757263652F6D707541
:108720002F6D6265645F6D70755F76376D2E6300C7
:10873000726567696F6E73203E3D20340064656624
:1087400061756C7400000000000000000000000073
:1087500051700408B570040800000000000000001B
:108760000000000000000000C11E0408C11E040833
:10877000C11E0408C11E0408DB4F04083D71040833
:10878000F5480408FF480408417104083519040835
:108790003B190408471904084B1904085119040827
:1087A000571904085B1904082F002E2F6D626564A9
:1087B0002D6F732F706C6174666F726D2F736F7590
:1087C0007263652F46696C65506174682E637070C2
:1087D000006C656E20213D203000772B00537472B1
:1087E00065616D206F626A206661696C75726500F3
:1087F0000000000000000000000000000000000079
:10880000C11E0408C11E0408C11E0408C11E0408BC
:10881000DB4F04083D710408F5480408FF480408CC
:1088200041710408351904083B1904084719040864
:108830004B19040851190408571904085B19040856
:10884000FCFFFFFF0000000000000000000000002F
:108850000000000000000000000000000000000018
:108860005372040823720408857204081F720408F6
:108870001F7204081F720408897204088D720408AC
:1088800089720408351904083B19040847190408BB
:108890004B19040851190408571904085B190408F6
:1088A000C11E0408C11E04085D1904085F190408EC
:1088B000FCFFFFFF000000000000000000000000BF
:1088C0002E2F6D6265642D6F732F706C6174666FEF
:1088D000726D2F736F757263652F53797354696D61
:1088E00065722E63707000215F7469636B696E67D7
:1088F00000215F7469636B696E6720262620215F03
:1089000077616B655F74696D655F73657400000006
:108910000000000000000000AD7504080A52252D7B
:1089200034643A202530386C58000A5350202020F7
:108930003A202530386C580A4C522020203A202505
:1089400030386C580A50432020203A202530386CAB
:10895000580A78505352203A202530386C580A5023
:10896000535020203A202530386C580A4D5350205F
:10897000203A202530386C58000A43505549443A73
:10898000202530386C58000A48465352203A20259A
:1089900030386C580A4D4D4653523A202530386CC9
:1089A000580A42465352203A202530386C580A550E
:1089B000465352203A202530386C580A44465352C8
:1089C000203A202530386C580A41465352203A202C
:1089D0002530386C58000A4D4D4641523A2025301A
:1089E000386C58000A42464152203A202530386CF3
:1089F00058000A4D6F6465203A20546872656164BE
:108A0000000A50726976203A2055736572000A5048
:108A1000726976203A2050726976696C6567656480
:108A2000000A4D6F6465203A2048616E646C65727F
:108A3000000A537461636B3A20505350000A537418
:108A400061636B3A204D5350000A2B2B204D626519
:108A5000644F53204661756C742048616E646C6588
:108A600072202B2B0A0A4661756C74547970653A32
:108A700020004D656D4D616E6167654661756C7472
:108A8000004275734661756C740055736167654685
:108A900061756C7400486172644661756C74000A9B
:108AA0000A436F6E746578743A000A0A2D2D204DC2
:108AB0006265644F53204661756C742048616E6432
:108AC0006C6572202D2D0A0A004661756C74206554
:108AD0007863657074696F6E002E2E2E0A002E2F3B
:108AE0006D6265642D6F732F706C6174666F726D4B
:108AF0002F736F757263652F6D6265645F63726952
:108B0000746963616C2E6300637269746963616C7C
:108B10005F73656374696F6E5F7265656E747261B1
:108B20006E63795F636F756E746572203C20554982
:108B30004E5433325F4D4158003C756E6E616D6529
:108B4000643E00203C68616E646C65723E000A0AF7
:108B50002B2B204D6265644F53204572726F72203B
:108B6000496E666F202B2B0A4572726F7220537408
:108B7000617475733A203078255820436F64653AE4
:108B8000202564204D6F64756C653A2025640A4584
:108B900072726F72204D6573736167653A20004B86
:108BA00065726E656C204572726F723A203078255E
:108BB0006C582C20005468726561643A2030782526
:108BC0006C582C20004D757465783A203078256CEF
:108BD000582C200053656D6170686F72653A2030C3
:108BE00078256C582C20004D656D6F7279506F6F31
:108BF0006C3A203078256C582C20004576656E74D0
:108C0000466C6167733A203078256C582C200054EC
:108C1000696D65723A203078256C582C20004D65BE
:108C2000737361676551756575653A203078256C99
:108C3000582C2000417373657274696F6E206661F1
:108C4000696C65643A20000A4C6F636174696F6EE9
:108C50003A203078256C58000A46696C653A200045
:108C60002B2564000A4572726F722056616C75651F
:108C70003A203078256C58000A43757272656E741C
:108C8000205468726561643A202573257320496415
:108C90003A203078256C5820456E7472793A20302D
:108CA00078256C5820537461636B53697A653A2058
:108CB0003078256C5820537461636B4D656D3A2094
:108CC0003078256C582053503A203078256C582045
:108CD000000A466F72206D6F726520696E666F2C98
:108CE0002076697369743A2068747470733A2F2F10
:108CF0006D6265642E636F6D2F732F6572726F7274
:108D00003F6572726F723D307825303858266F7328
:108D10007665723D256C6426636F72653D307825FB
:108D200030386C5826636F6D703D25642676657209
:108D30003D256C75267467743D47494741000A2DEF
:108D40002D204D6265644F53204572726F72204929
:108D50006E666F202D2D0A00466174616C2052757D
:108D60006E2D74696D65206572726F720044656561
:108D700070536C6565704C6F636B206F76657266BF
:108D80006C6F7720283E20307846464646290044BE
:108D9000656570536C6565704C6F636B20756E64B0
:108DA0006572666C6F7720283C2030290045786317
:108DB000657074696F6E002E2F6D6265642D6F7320
:108DC0002F706C6174666F726D2F736F757263654F
:108DD0002F6D6265645F72657461726765742E637E
:108DE0007070002867756172642026204358415FC7
:108DF00047554152445F4D41534B29203D3D203062
:108E0000002867756172642026204358415F4755EA
:108E10004152445F4D41534B29203D3D2043584131
:108E20005F47554152445F494E49545F494E5F5038
:108E3000524F4752455353004572726F72202D2096
:108E400077726974696E6720746F20612066696C3F
:108E50006520696E20616E20495352206F72206335
:108E60007269746963616C2073656374696F6E0DF8
:108E70000A000D004572726F72202D2072656164C8
:108E8000696E672066726F6D20612066696C65206F
:108E9000696E20616E20495352206F72206372699F
:108EA000746963616C2073656374696F6E0D0A0089
:108EB0004F70657261746F72206E6577206F757484
:108EC000206F66206D656D6F72790D0A00000000DD
:108ED00000000000000000005D820408958804087E
:108EE000D98204088582040849820408598204084A
:108EF000DB4F040855820408F5480408FF480408BD
:108F00004F820408351904083B190408471904085E
:108F10004B19040851190408A98204085B190408B4
:108F2000FFFFFFFF09000000FFFFFFFF1700000029
:108F3000FFFFFFFF000000002F7374646572720072
:108F40002F737464696E002F7374646F7574002ED0
:108F50002F6D6265642D6F732F706C6174666F7214
:108F60006D2F736F757263652F6D6265645F7374C7
:108F70006174732E6300737461747320213D204EFD
:108F8000554C4C002E2F6D6265642D6F732F7274DB
:108F90006F732F736F757263652F4576656E7446B8
:108FA0006C6167732E637070005F6964006170703C
:108FB0006C69636174696F6E5F756E6E616D656417
:108FC0005F6576656E745F666C6167730061707073
:108FD0006C69636174696F6E5F756E6E616D6564F7
:108FE0005F6D75746578002E2F6D6265642D6F73EB
:108FF0002F72746F732F736F757263652F4D757455
:1090000065782E637070005F6964207C7C206D62DF
:1090100065645F6765745F6572726F725F696E5FCA
:1090200070726F67726573732829004D7574657867
:10903000206C6F636B206661696C6564004D7574AC
:10904000657820756E6C6F636B206661696C656412
:10905000002E2F6D6265642D6F732F72746F732FE6
:10906000736F757263652F53656D6170686F72659C
:109070002E637070005F696420213D206E756C6CFA
:109080007074720053656D6170686F726520616302
:109090007175697265206661696C6564002E2F6D5B
:1090A0006265642D6F732F72746F732F736F757297
:1090B00063652F546869735468726561642E6370C8
:1090C000700028666C616773203D3D206F73466CAD
:1090D0006167734572726F7254696D656F75742044
:1090E00026262072656C5F74696D6520213D2077AE
:1090F0006169745F666F725F7533325F666F726548
:1091000076657229207C7C2028666C616773203D1F
:109110003D206F73466C6167734572726F72526562
:10912000736F757263652026262072656C5F7469A3
:109130006D65203D3D2072656C5F74696D652E7AAA
:1091400065726F28292900737461747573203D3D21
:10915000206F734F4B006170706C69636174696F4D
:109160006E5F756E6E616D65645F74687265616473
:109170000000000000000000000000000D8E040848
:10918000498E0408018080808080808004808080F7
:1091900080808080088080808080808010808080B7
:1091A00080808080208080808080808040000408D3
:1091B00010204002040810204000010002000400BA
:1091C000060008000A000C0010002000400080008B
:1091D000000100000000010203040102030406076D
:1091E0000809000001000E0605000E0602000E062A
:1091F00000000E0602000E06000000000000000045
:1092000000440040D21F00000B000000001001408D
:10921000D21F00000B010000000C0058D20F00000C
:1092200010000000004C0040D22300001D00000090
:1092300000480040D21F00001F000000004C00400A
:10924000D22300002900000000500040D22300007B
:109250003300000000440040D21F00003B0000002B
:1092600000480040D21F00003E000000007C00408B
:10927000D22300004A00000000780040D21F000006
:109280005900000000780040D21F00006D0000006F
:1092900000140140D21F00006F00000000140140C4
:1092A000D21F0000FFFF0000FFFFFFFF00000000D3
:1092B0000100000000440040D21F00000C0000002C
:1092C00000100140D21F00000C010000000C0058EB
:1092D000D20F00000F000000004C0040D22300001D
:1092E0001E00000000480040D21F00001E010000C8
:1092F000004C0040D2230000280000000050004035
:10930000D22300003400000000440040D21F0000BF
:109310003C00000000480040D21F00003F00000059
:10932000007C0040D223000049000000007800408B
:10933000D21F00005800000000780040D21F00003B
:109340006800000000140140D21F00006C00000003
:1093500000140140D21F0000FFFF0000FFFFFFFFCD
:109360000000000001000000004C0040D22300007B
:109370000300000000440040D21F0000080000006D
:1093800000780040D22F00000A00000000100140C9
:10939000D21F00000A010000000C0058D20F00008C
:1093A0000B000000004C0040D21B00001300000026
:1093B00000780040D22F000015000000005000404F
:1093C000D23B00001700000000100140D21F000037
:1093D00017010000000C0058D22300001800000004
:1093E000004C0040D22300001B0000000048004059
:1093F000D21F00001C00000000500040D23B0000C3
:109400001F00000000100140D213000027000000E0
:1094100000140140D21F00002B0000000048004053
:10942000D21F00002B010000004C0040D22300009E
:1094300030000000004C0040D22300003200000049
:1094400000500040D22300003600000000440040DD
:10945000D21F00003900000000480040D21F000069
:1094600040000000007C0040D223000047000000C4
:1094700000780040D21F0000560000000078004035
:10948000D21F00006900000000140140D21F00003C
:109490007E000000004C0040D22300008900000044
:1094A000004C0040D223000099000000007C0040E6
:1094B000D2230000FFFF0000FFFFFFFF00000000BD
:1094C00000000000004C0040D22300000200000019
:1094D00000440040D21F00000900000000100140BD
:1094E000D21F000009010000000C0058D20F00003C
:1094F0000C000000004C0040D21B00000F000000D8
:1095000000780040D22F00001400000000780040D6
:10951000D22F00001600000000100140D21F0000F2
:109520001601000000500040D23B0000160200006F
:10953000000C0058D223000019000000004C00402D
:10954000D22300001A00000000480040D21F000093
:109550001D00000000500040D23B00001E00000033
:1095600000100140D213000026000000001401404A
:10957000D21F00002A00000000480040D21F000057
:109580002A010000004C0040D22300002C00000003
:1095900000500040D223000031000000004C004089
:1095A000D22300003500000000440040D21F00001C
:1095B0003800000000480040D21F000041000000B9
:1095C000007C0040D22300004800000000780040EA
:1095D000D21F00005700000000780040D21F00009A
:1095E0006E00000000140140D21F00007D0000004A
:1095F000004C0040D223000098000000007C004096
:10960000D2230000FFFF0000FFFFFFFF000000006B
:109610000B00000000000840D22B00000C000000EE
:1096200000000840D22B0000FFFF0000FFFFFFFFFB
:1096300000000000536574537973436C6F636B20B3
:109640006661696C65640A002E2F6D6265642D6F1A
:10965000732F746172676574732F54415247455478
:109660005F53544D2F5441524745545F53544D332B
:109670003248372F73657269616C5F646576696320
:10968000652E6300756172745F72747320213D20D2
:1096900028554152544E616D65294E4300756172E3
:1096A000745F63747320213D2028554152544E61EC
:1096B0006D65294E43002E2F6D6265642D6F732FEB
:1096C000746172676574732F5441524745545F53F8
:1096D000544D2F5553425068795F53544D33322EB9
:1096E00063707000687063642E494E5F65705B3014
:1096F0005D2E6D61787061636B6574203E3D2073F3
:10970000697A6500726574203D3D2048414C5F4F89
:109710004B0072657420213D2048414C5F425553F7
:1097200059006C656E203E3D206D61785F7061630D
:109730006B65740040000000400000004000000025
:109740004000000040000000800100000000000018
:109750000000000023D504085BD5040889D704085D
:109760000DD9040825D5040829D7040855D70408BD
:1097700021D5040821D5040829D504082FD50408CB
:109780002DD6040821D5040835D504083DD5040894
:109790006BD504084DD604088FD50408BDD5040840
:1097A00041D5040869D90408EDD50408A9D60408F0
:1097B000CDD6040885D604089BD50408F1D6040844
:1097C0000DD60408C9D804080005000031000000C7
:1097D0003C0000003C0000003F0000003F00000093
:1097E0003F0000003F0000000000000000000000FB
:1097F0000000000000000000000000000000000069
:1098000000000000000000000000000050696E6DC4
:109810006170206572726F723A2077726F6E672086
:10982000706F7274206E756D6265722E002E2F6DD2
:109830006265642D6F732F746172676574732F5442
:1098400041524745545F53544D2F6770696F5F61B4
:1098500070692E630070696E20213D202850696E6A
:109860004E616D65294E430048414C5F5243435F52
:109870004F7363436F6E666967204552524F520AB9
:109880000048414C5F52434345785F5065726970B0
:1098900068434C4B436F6E666967204552524F5286
:1098A0000A0048414C5F4C5054494D5F496E697401
:1098B000204552524F520A00008000001000000064
:1098C000007D0000100000002E2F6D6265642D6F7A
:1098D000732F746172676574732F544152474554F6
:1098E0005F53544D2F70696E6D61702E63000000E0
:1098F0000000000000000001010000000000000264
:109900002200000000000004230000000000000806
:10991000FFFF000000000000010000000200000046
:1099200004000000080000001000000020000000FB
:109930004000000080000000000100000002000064
:1099400000040000000800000010000000200000DB
:10995000004000000080000043616E6E6F7420695B
:109960006E697469616C697A65205541525420773B
:109970006974682062617564207261746520257560
:109980000A00506172697479206973206E6F7420C7
:10999000737570706F7274656420776974682039AC
:1099A0002D626974206461746120666F726D6174E8
:1099B000004F6E6C7920372C2038206F7220392DA3
:1099C000626974206461746120666F726D61747382
:1099D0002061726520737570706F727465640045E4
:1099E00072726F723A206E65772073657269616C6E
:1099F000206F626A656374206973207573696E678E
:109A00002073616D65205541525420617320535479
:109A100044494F002E2F6D6265642D6F732F746162
:109A200072676574732F5441524745545F53544DC8
:109A30002F73657269616C5F6170692E63006F627C
:109A40006A5F732D3E7561727420213D2028554157
:109A500052544E616D65294E43006F626A5F732DEB
:109A60003E696E646578203E3D203000466F72632B
:109A7000654F73634F75746F6644656570536C65AD
:109A8000657020636C6F636B2069737375650D0A75
:109A900000466F7263655065726970684F75746FC8
:109AA0006644656570536C65657020636C6F636BAD
:109AB0002069737375650D0A0000000040420F00B5
:109AC00020000000000000007374643A3A62616490
:109AD0005F657863657074696F6E00002C9C050883
:109AE000009B05082C9C0508209B0508B89B0508D1
:109AF000449B0508F89A05082C9C0508589B050806
:109B00004E31305F5F637878616269763131355FFD
:109B10005F666F726365645F756E77696E6445003A
:109B20004E31305F5F637878616269763131395FD9
:109B30005F666F726569676E5F657863657074698B
:109B40006F6E4500537431336261645F657863659D
:109B50007074696F6E0000005374396578636570C6
:109B600074696F6E0000000000000000EC9A0508A8
:109B7000BDFD0408C9FD0408C1FD0408B89B050823
:109B8000889B0508F49B05084E31305F5F63787849
:109B9000616269763132305F5F73695F636C6173F4
:109BA000735F747970655F696E666F4500000000D1
:109BB000000000007C9B050845FF040859FF0408CD
:109BC00061000508610005086101050891000508AC
:109BD00031000508B1FF040875FF04082C9C050836
:109BE000E49B0508537439747970655F696E666F1C
:109BF00000000000B89B0508009C0508DC9B0508D8
:109C00004E31305F5F637878616269763131375FFA
:109C10005F636C6173735F747970655F696E666FA3
:109C20004500000000000000F49B0508D500050871
:109C3000E9000508610005086100050861010508E3
:109C4000910005084901050805010508C900050836
:109C500000202020202020202020282828282820FC
:109C600020202020202020202020202020202020F4
:109C7000208810101010101010101010101010105C
:109C8000100404040404040404040410101010104C
:109C90001010414141414141010101010101010116
:109CA0000101010101010101010101011010101068
:109CB00010104242424242420202020202020202E8
:109CC000020202020202020202020202101010103C
:109CD0002000000000000000000000000000000064
:109CE0000000000000000000000000000000000074
:109CF0000000000000000000000000000000000064
:109D00000000000000000000000000000000000053
:109D10000000000000000000000000000000000043
:109D20000000000000000000000000000000000033
:109D30000000000000000000000000000000000023
:109D40000000000000000000000000000000000013
:109D5000000000004808002443000000504F534911
:109D6000580000002E000000494E4600696E660053
:109D70004E414E006E616E0030313233343536372D
:109D80003839414243444546000000003031323307
:109D90003435363738396162636465660000000027
:109DA000286E756C6C2900003000000020202020F7
:109DB0002020202020202020202020203030303063
:109DC00030303030303030303030303020202020D3
:109DD0002020202020202020202020203030303043
:109DE000303030303030303030303030496E6669AD
:109DF0006E697479000000004E614E0000000000A2
:109E00000080E03779C34143176E05B5B5B8934676
:109E1000F5F93FE9034F384D321D30F94877825A42
:109E20003CBF737FDD4F1575000000000000F03F60
:109E30000000000000002440000000000000594025
:109E40000000000000408F40000000000088C34078
:109E500000000000006AF8400000000080842E41ED
:109E600000000000D01263410000000084D7974139
:109E70000000000065CDCD41000000205FA002423F
:109E8000000000E876483742000000A2941A6D42B4
:109E9000000040E59C30A2420000901EC4BCD642A7
:109EA00000003426F56B0C430080E03779C3414352
:109EB00000A0D8855734764300C84E676DC1AB43C8
:109EC000003D9160E458E143408CB5781DAF1544E6
:109ED00050EFE2D6E41A4B4492D54D06CFF08044C1
:109EE000F64AE1C7022DB544B49DD9794378EA44D6
:109EF00005000000190000007D00000000000000C7
:109F000008B10181B0B000840000000008B10181F7
:109F1000B0B000840000000008B10181B0B000843E
:109F20000000000008B10181B0B000840000000012
:109F30000D54FF7FB0B0A800FFFF010008B1018100
:109F4000B0B000840000000008B10181B0B000840E
:109F500000000000E953FF7FB0AA0500FFFF0116D3
:109F60001614000036048C0100500400007404989C
:109F700001007C1C0000000008B10181B0B0008429
:109F80000000000008B10181B0B0008400000000B2
:109F9000AD53FF7FB0B0A800FFFF0100A153FF7FCA
:109FA000B0A80300FFFF010C040C000014143600DD
:109FB0003C0400008953FF7F8408B101B0B0B000B9
:109FC000FFFF01081E0436003C0400007153FF7FB0
:109FD000A908B100FFFF01006553FF7FB0B0AC00DE
:109FE000FFFF01141E04000024045A002E04580030
:109FF000360A4200540400004553FF7FB0A8090010
:10A00000FFFF010C060A00001C163C004204000081
:10A010002D53FF7FB0AA0D00FFFF010C0A0A0000BC
:10A020002A164200480400001553FF7FB0AD10000F
:10A03000FFFF010C0E1A000042165A0060040000D7
:10A0400008B10181B0B0008400000000F152FF7F30
:10A05000B0AB0A00FFFF0121060A000026048C01B4
:10A0600000300400005604960100600400008601E0
:10A070000498010092011E000000000008B1018157
:10A08000B0B000840000000008B10181B0B00084CD
:10A0900000000000A952FF7FB0AD0200FFFF0114D5
:10A0A0000C2000003004C201009E0104A40100BE87
:10A0B0000104000008B10181B0B00084000000007C
:10A0C0007D52FF7FB0AC0700FFFF012908100000A0
:10A0D0002E28E60100600400007C04D20100860105
:10A0E00004D00100980104B20100AC0104EE0100AB
:10A0F000CC0114000000000008B10181B0B0008460
:10A100000000000008B10181B0B000840000000030
:10A1100008B10181B0B000840000000008B10181E5
:10A12000B0B000840000000008B10181B0B000842C
:10A13000000000000952FF7FB0B0AC00FFFF010C2F
:10A14000082600003C047E00503A0000F151FF7FD9
:10A15000B0AC0100FFFF010C0824000040047200B5
:10A160007A04000008B10181B0B000840000000052
:10A17000CD51FF7FB0AF1800FF1019011124A607C1
:10A180000000EE0704D80901BA08A8010000010088
:10A1900000000000A951FF7FB0AF0400FF101D01B7
:10A1A00012200436012A042E017646BC0100C401A7
:10A1B0000400000100000000000000008151FF7F4A
:10A1C000A908B100FFFF01007551FF7F8408B101AC
:10A1D000B0B0B000FF1019010C020608010C041009
:10A1E000051C0A000001007F00007D000000000047
:10A1F0000000000008B10181B0B000840000000040
:10A2000008B10181B0B000840000000008B10181F4
:10A21000B0B000840000000008B10181B0B000843B
:04A22000000000003A
:10A22400B460FE7F010000002061FE7FD0FCFF7F50
:10A234003C61FE7FD4FCFF7F6461FE7F010000006F
:10A24400B061FE7FD0FCFF7FD861FE7FB0B0A880F4
:10A25400FC61FE7FCCFCFF7F2862FE7F01000000D2
:10A264003A62FE7FC8FCFF7F3E62FE7F0100000071
:10A274003A62FE7FB0B0AA807E62FE7FB0B0A88052
:10A284008E62FE7F01000000BC62FE7FB0A80180E8
:10A294002063FE7FA4FCFF7F4463FE7FB0B0AA80EE
:10A2A4005863FE7FB0B0B0805863FE7FB0A80180D1
:10A2B4009463FE7FB0B0AC80C263FE7FB0B0B08068
:10A2C400C063FE7FB0B0AA800864FE7FA93F02800D
:10A2D4007864FE7FA908B1808C64FE7FB0B0B08042
:10A2E4008C64FE7FB0B0A880AC64FE7FA908B18006
:10A2F400D264FE7FB0B0B080D064FE7FB0B0A880DE
:10A304000465FE7FA908B1804065FE7FB0B0B080CF
:10A314004065FE7FB0B0A8808C65FE7FAD08B1803B
:10A324000C66FE7F010000002066FE7F18FCFF7FA4
:10A334002466FE7F010000006C66FE7F14FCFF7F34
:10A344000867FE7F30FCFF7F0867FE7F34FCFF7FD9
:10A354000867FE7F010000009867FE7FB0B0A88008
:10A36400A667FE7FA908B180B867FE7F01000000E0
:10A37400B867FE7F18FCFF7FCC67FE7F01000000FA
:10A38400DA67FE7FB0AB02801268FE7FB0B0AA80AD
:10A394006668FE7FAB08B1808868FE7FB0AA05803E
:10A3A4001069FE7F010000003469FE7FA908B180B6
:10A3B4006869FE7F010000008C69FE7FB0B0A88050
:10A3C400A869FE7FB0AC0380206AFE7FB0AA01803A
:10A3D400446AFE7FB0B0A8807A6AFE7FBCFBFF7F30
:10A3E400B26AFE7FB0B0A880BC6AFE7FC4FBFF7F68
:10A3F400046BFE7FB0B0A8802C6BFE7F01000000D0
:10A40400BC6CFE7FC4FBFF7FE86CFE7F0100000094
:10A41400746DFE7FA908B180EC6DFE7FB0AC018045
:10A424006E6EFE7FB0B0A880A86EFE7FB0B0AA802A
:10A43400F86EFE7F01000000F86EFE7F98FBFF7F40
:10A44400586FFE7FB0B0AA80F86FFE7FB0B0A880CE
:10A454000470FE7FA908B1801870FE7FAB08B1803C
:10A464008070FE7F90FBFF7FC870FE7FA0FBFF7FA4
:10A474002471FE7FB0B0A8804C71FE7FAD08B1801E
:10A48400A671FE7FB0AB0480EC71FE7F98FBFF7F6A
:10A494006472FE7FB0B0A8808472FE7F0100000069
:10A4A400CC72FE7FB0A902802273FE7F01000000FF
:10A4B4005073FE7F88FBFF7F5473FE7F0100000012
:10A4C4009C73FE7F84FBFF7F5874FE7FACFBFF7F91
:10A4D4005874FE7FB0FBFF7F5874FE7F01000000BC
:10A4E4008274FE7FB0B0B0808074FE7F01000000F3
:10A4F4008074FE7FB0B0A8808874FE7FB0B0B08056
:10A504008874FE7FA908B180C074FE7F0084028035
:10A51400D874FE7FB0B0B080D874FE7F008402800F
:10A52400F274FE7FB0B0B080F274FE7FAD08B180EB
:10A534002475FE7F010000005075FE7FA908B180DC
:10A544006E75FE7F01000000F075FE7F44FBFF7F07
:10A55400B876FE7FA908B180CA76FE7F01000000AC
:10A56400D476FE7FB0B0A880FC76FE7FAB08B180C5
:10A574002477FE7F010000006A77FE7F34FBFF7FB3
:10A584007077FE7F01000000B877FE7F30FBFF7F0D
:10A59400B478FE7FB0B0B080B478FE7F01000000D4
:10A5A400B078FE7F50FBFF7FB078FE7F54FBFF7FC7
:10A5B400B078FE7F58FBFF7FB078FE7F010000007B
:10A5C400FC78FE7F54FBFF7FFA78FE7FB0AF0480F7
:10A5D4005C7AFE7F01000000F47AFE7FA908B18056
:10A5E400007BFE7FB0AA0980327BFE7F0100000061
:10A5F400487BFE7FB0B0A880947BFE7F0100000002
:10A60400A47BFE7F00840280C07BFE7F01000000EB
:10A61400BC7BFE7F10FBFF7FD07BFE7F0100000030
:10A624000C7CFE7F0CFBFF7F987CFE7F1CFBFF7F76
:10A634001C7DFE7F01000000744BFF7FAB08B180DE
:10A644002C4CFF7F1CFBFF7F5C4CFF7FAB08B18071
:10A65400E84CFF7F18FBFF7FC451FF7F010000001F
:10A664001852FF7F2CFBFF7FEC52FF7F4CFBFF7FD8
:10A674006453FF7F01000000F453FF7F48FBFF7F1A
:10A684001454FF7F010000002054FF7F64FBFF7F10
:10A694002054FF7F68FBFF7F2C54FF7F01000000E4
:10A6A4005054FF7FB0AB0280F854FF7F01000000DC
:10A6B400C455FF7FB0B0A8800056FF7F01000000A2
:10A6C4005056FF7FAB08B1808056FF7FB0B0A880A2
:10A6D400E856FF7F010000005459FF7FB0B0AC8002
:10A6E4007859FF7F01000000A459FF7FB0AA0380BE
:10A6F400D459FF7F01000000C85EFF7FB0A902802B
:10A70400645FFF7FB0B0A880B45FFF7F01000000EA
:10A71400C05FFF7FB0B0AA80F85FFF7FAE71B280E8
:10A72400B860FF7F01000000B460FF7FAB3F38805A
:10A734000C61FF7F010000001861FF7FB0B0AA80A8
:10A744005461FF7F01000000F861FF7FAB0EB2800F
:10A754006062FF7FB0AF08802C65FF7F01000000BE
:10A764003065FF7FAC3F0380A867FF7F01000000D6
:10A774008469FF7F008404809869FF7F01000000E2
:10A784009469FF7FB0AD0480506CFF7FB0A8038054
:10A79400706CFF7F74FAFF7F746CFF7F78FAFF7F21
:08A7A400806CFF7F0100000042
:10A7AC000000000017000000000000000000000086
:10A7BC000000000009000000000000000000000084
:10A7CC00000000000300000000000000000000007A
:10A7DC00000000000200000000000000000000006B
:10A7EC0000000000980000000000000000000000C5
:10A7FC000000000007000000000000000000000046
:10A80C00000000003D0000000000000000000000FF
:10A81C000000000014000000000000000000000018
:10A82C000000000018000000000000000000000004
:10A83C0000000000190000000000000000000000F3
:10A84C0000000000A100000000000000000000005B
:10A85C00000000009A000000000000000000000052
:10A86C00000000009B000000000000000000000041
:10A87C000000000076000000000000000000000056
:10A88C00000000006E00000000000000000000004E
:10A89C000000000027000000000000000000000085
:10A8AC00000000007D00000000000000000000001F
:10A8BC000000000089000000000000000000000003
:10A8CC000000000035000000000000000000000047
:10A8DC000000000036000000000000000000000036
:10A8EC00000000001B000000000000000000000041
:10A8FC0000000000740000000000000000000000D8
:10A90C00000000009C00000000000000000000009F
:10A91C00000000006D0000000000000000000000BE
:10A92C00000000006C0000000000000000000000AF
:10A93C00000000009000000000000000000000007B
:10A94C00000000009E00000000000000000000005D
:10A95C00000000009100000000000000000000005A
:10A96C00000000009F00000000000000000000003C
:10A97C000000000092000000000000000000000039
:10A98C0000000000A3000000000000000000000018
:10A99C000000000093000000000000000000000018
:10A9AC0000000000A40000000000000000000000F7
:10A9BC0000000000940000000000000000000000F7
:10A9CC0000000000A50000000000000000000000D6
:10A9DC0000000000950000000000000000000000D6
:10A9EC0000000000A60000000000000000000000B5
:10A9FC0000000000960000000000000000000000B5
:10AA0C0000000000970000000000000000000000A3
:10AA1C00000000008E00000000000000000000009C
:10AA2C0000000000460000000000000000000000D4
:10AA3C0000000000A7000000000000000000000063
:10AA4C00000000008F00000000000000000000006B
:10AA5C00000000008A000000000000000000000060
:10AA6C00000000006A000000000000000000000070
:10AA7C00000000008D00000000000000000000003D
:10AA8C00000000007F00000000000000000000003B
:10AA9C000000000012000000000000000000000098
:10AAAC0000000000A00000000000000000000000FA
:10AABC000000000044000000000000000000000046
:10AACC00000000008B0000000000000000000000EF
:10AADC000000000045000000000000000000000025
:10AAEC0000000000A20000000000000000000000B8
:10AAFC0000000000670000000000000000000000E3
:10AB0C0000000000850000000000000000000000B4
:10AB1C0000000000780000000000000000000000B1
:10AB2C000000000006000000000000000000000013
:10AB3C000000000099000000000000000000000070
:10AB4C000000000087000000000000000000000072
:10AB5C000000000086000000000000000000000063
:10AB6C000000000084000000000000000000000055
:10AB7C00000000007E00000000000000000000004B
:10AB8C00000000006B00000000000000000000004E
:10AB9C00000000007B00000000000000000000002E
:10ABAC00000000007A00000000000000000000001F
:10ABBC000000000079000000000000000000000010
:10ABCC000000000001000000000000000000000078
:10ABDC000000000034000000000000000000000035
:10ABEC000000000026000000000000000000000033
:10ABFC0000000000800000000000000000000000C9
:10AC0C0000000000810000000000000000000000B7
:10AC1C0000000000820000000000000000000000A6
:10AC2C000000000083000000000000000000000095
:10AC3C0000000000210000000000000000000000E7
:10AC4C00000000001C0000000000000000000000DC
:10AC5C0000000000330000000000000000000000B5
:10AC6C0000000000240000000000000000000000B4
:10AC7C0000000000250000000000000000000000A3
:10AC8C0000000000100000000000000000000000A8
:10AC9C000000000011000000000000000000000097
:10ACAC000000000023000000000000000000000075
:10ACBC000000000022000000000000000000000066
:10ACCC000000000020000000000000000000000058
:10ACDC000000000000000000000000000000000068
:10ACEC000000000004000000000000000000000054
:10ACFC000000000005000000000000000000000043
:10AD0C00000000008C0000000000000000000000AB
:10AD1C00000000009D00000000000000000000008A
:10AD2C0000000000430000000000000000000000D4
:10AD3C00000000006900000000000000000000009E
:10AD4C0000000000370000000000000000000000C0
:10AD5C0000000000130000000000000000000000D4
:10AD6C00000000000F0000000000000000000000C8
:10AD7C0000000000150000000000000000000000B2
:10AD8C00000000001D00000000000000000000009A
:10AD9C00000000008800000000000000000000001F
:10ADAC00000000001A00000000000000000000007D
:10ADBC000000000077000000000000000000000010
:10ADCC000000000063000000000000000000000014
:10ADDC00000000000A00000000000000000000005D
:10ADEC00000000002D00000000000000000000002A
:10ADFC000000000016010000000000000000000030
:10AE0C00000000007C0000000000000000000000BA
:10AE1C0000000000AC7C0508D3B3FB02000000006E
:10AE2C000000000000000000000000000000000016
:10AE3C000000000000000000000000000000000006
:10AE4C0000000000000000000000000000000000F6
:10AE5C0000000000000000000000000000000000E6
:10AE6C0000000000000000000000000000000000D6
:10AE7C0000000000000000000000000000000000C6
:10AE8C0000000000000000000000000000000000B6
:10AE9C0000000000000000000000000000000000A6
:10AEAC000000000000000000000000000000000096
:10AEBC00000000000000000005470408536E040861
:10AECC00536E0408FFFFFFFFFFFFFFFFFFFFFFFFB5
:10AEDC000000000000000000000000000000000066
:10AEEC000000000000000000000000000000000056
:10AEFC000000000000000000000000000000000046
:10AF0C000000000000000000000000000000000035
:10AF1C000000000000000000000000000000000025
:10AF2C000000000000000000000000000000000015
:10AF3C000000000000000000000000000000000005
:10AF4C0000000000000000000000000000000000F5
:10AF5C0000000000000000000000000000000000E5
:10AF6C0000000000000000000000000000000000D5
:10AF7C0000000000000000000000000000000000C5
:10AF8C0000000000000000000000000000000000B5
:10AF9C0000000000000000000000000000000000A5
:10AFAC000000000000000000000000000000000095
:10AFBC000000000000000000000000000000000085
:10AFCC0000000000B8B900240100000010000000CF
:10AFDC000090D0030090D003010000002D830408E2
:10AFEC0099FA04084808002400000000340B0024DF
:10AFFC009C0B0024040C0024000000000000000046
:10B00C000000000000000000000000000000000034
:10B01C000000000000000000000000000000000024
:10B02C000000000000000000000000000000000014
:10B03C000000000000000000000000000000000004
:10B04C0000000000000000000000000000000000F4
:10B05C0000000000000000000000000000000000E4
:10B06C0000000000000000000000000000000000D4
:10B07C0000000000000000000000000000000000C4
:10B08C0000000000000000000000000000000000B4
:10B09C0001000000000000000E33CDAB34126DE651
:10B0AC00ECDE05000B0000000000000000000000BA
:10B0BC000000000000000000000000000000000084
:10B0CC000000000000000000000000000000000074
:10B0DC000000000000000000000000000000000064
:10B0EC000000000000000000000000000000000054
:10B0FC000000000000000000000000000000000044
:10B10C000000000000000000000000000000000033
:10B11C000000000000000000000000000000000023
:10B12C000000000000000000000000000000000013
:10B13C000000000000000000000000000000000003
:10B14C0000000000000000000000000000000000F3
:10B15C0000000000000000000000000000000000E3
:10B16C0000000000000000000000000000000000D3
:10B17C0000000000000000000000000000000000C3
:10B18C0000000000000000000000000000000000B3
:10B19C0000000000000000000000000000000000A3
:10B1AC000000000000000000000000000000000093
:10B1BC000000000000000000000000000000000083
:10B1CC000000000000000000000000000000000073
:10B1DC000000000000000000000000000000000063
:10B1EC000000000000000000000000000000000053
:10B1FC000000000000000000000000000000000043
:10B20C000000000000000000000000000000000032
:10B21C000000000000000000000000000000000022
:10B22C000000000000000000000000000000000012
:10B23C000000000000000000000000000000000002
:10B24C0000000000000000000000000000000000F2
:10B25C0000000000000000000000000000000000E2
:10B26C0000000000000000000000000000000000D2
:10B27C0000000000000000000000000000000000C2
:10B28C0000000000000000000000000000000000B2
:10B29C0000000000000000000000000000000000A2
:10B2AC000000000000000000000000000000000092
:10B2BC000000000000000000000000000000000082
:10B2CC000000000000000000000000000000000072
:10B2DC000000000000000000000000000000000062
:10B2EC000000000000000000000000000000000052
:10B2FC000000000000000000000000000000000042
:10B30C000000000000000000000000000000000031
:10B31C000000000000000000000000000000000021
:10B32C000000000000000000000000000000000011
:10B33C000000000000000000000000000000000001
:10B34C0000000000000000000000000000000000F1
:10B35C0000000000000000000000000000000000E1
:10B36C0000000000000000000000000000000000D1
:10B37C0000000000000000000000000000000000C1
:10B38C0000000000000000000000000000000000B1
:10B39C0000000000000000000000000000000000A1
:10B3AC000000000000000000000000000000000091
:10B3BC000000000000000000000000000000000081
:10B3CC000000000000000000000000000000000071
:10B3DC000000000000000000000000000000000061
:10B3EC000000000000000000000000000000000051
:10B3FC000000000000000000000000000000000041
:10B40C000000000000000000000000000000000030
:10B41C0043000000000000000000000000000000DD
:10B42C000000000000000000000000000000000010
:10B43C0043000000000000000000000000000000BD
:10B44C0000000000000000000000000000000000F0
:10B45C00430000000000000000000000000000009D
:10B46C0000000000000000000000000000000000D0
:10B47C00430000000000000000000000000000007D
:10B48C0000000000000000000000000000000000B0
:10B49C00430000000000000000000000000000005D
:10B4AC000000000000000000000000000000000090
:10B4BC00430000000000000000000000000000003D
:10B4CC000000000000000000000000000000000070
:10B4DC00430000000000000000000000000000001D
:10B4EC000000000000000000000000000000000050
:10B4FC00C55F0508AD29050800000000509C050833
:10B50C00649D0508889D0508889D0508889D05088B
:10B51C00889D0508889D0508889D0508889D050857
:10B52C00889D0508889D0508FFFFFFFFFFFFFFFFB3
:10B53C00FFFFFFFFFFFF000001004153434949009B
:10B54C0000000000000000000000000000000000EF
:10B55C000000000000000000000041534349490076
:10B56C0000000000000000000000000000000000CF
:10B57C0000000000000000000000000000000000BF
:10B58C0000000000DC0D0024DC0D0024E40D002480
:10B59C00E40D0024EC0D0024EC0D0024F40D00242B
:10B5AC00F40D0024FC0D0024FC0D0024040E0024DA
:10B5BC00040E00240C0E00240C0E0024140E002487
:10B5CC00140E00241C0E00241C0E0024240E002437
:10B5DC00240E00242C0E00242C0E0024340E0024E7
:10B5EC00340E00243C0E00243C0E0024440E002497
:10B5FC00440E00244C0E00244C0E0024540E002447
:10B60C00540E00245C0E00245C0E0024640E0024F6
:10B61C00640E00246C0E00246C0E0024740E0024A6
:10B62C00740E00247C0E00247C0E0024840E002456
:10B63C00840E00248C0E00248C0E0024940E002406
:10B64C00940E00249C0E00249C0E0024A40E0024B6
:10B65C00A40E0024AC0E0024AC0E0024B40E002466
:10B66C00B40E0024BC0E0024BC0E0024C40E002416
:10B67C00C40E0024CC0E0024CC0E0024D40E0024C6
:10B68C00D40E0024DC0E0024DC0E0024E40E002476
:10B69C00E40E0024EC0E0024EC0E0024F40E002426
:10B6AC00F40E0024FC0E0024FC0E0024040F0024D5
:10B6BC00040F00240C0F00240C0F0024140F002482
:10B6CC00140F00241C0F00241C0F0024240F002432
:10B6DC00240F00242C0F00242C0F0024340F0024E2
:10B6EC00340F00243C0F00243C0F0024440F002492
:10B6FC00440F00244C0F00244C0F0024540F002442
:10B70C00540F00245C0F00245C0F0024640F0024F1
:10B71C00640F00246C0F00246C0F0024740F0024A1
:10B72C00740F00247C0F00247C0F0024840F002451
:10B73C00840F00248C0F00248C0F0024940F002401
:10B74C00940F00249C0F00249C0F0024A40F0024B1
:10B75C00A40F0024AC0F0024AC0F0024B40F002461
:10B76C00B40F0024BC0F0024BC0F0024C40F002411
:10B77C00C40F0024CC0F0024CC0F0024D40F0024C1
:10B78C00D40F0024DC0F0024DC0F0024E40F002471
:10B79C00E40F0024EC0F0024EC0F0024F40F002421
:10B7AC00F40F0024FC0F0024FC0F002404100024D0
:10B7BC00041000240C1000240C100024141000247D
:10B7CC00141000241C1000241C100024241000242D
:10B7DC00241000242C1000242C10002434100024DD
:10B7EC00341000243C1000243C100024441000248D
:10B7FC00441000244C1000244C100024541000243D
:10B80C00541000245C1000245C10002464100024EC
:10B81C00641000246C1000246C100024741000249C
:10B82C00741000247C1000247C100024841000244C
:10B83C00841000248C1000248C10002494100024FC
:10B84C00941000249C1000249C100024A4100024AC
:10B85C00A4100024AC100024AC100024B41000245C
:10B86C00B4100024BC100024BC100024C41000240C
:10B87C00C4100024CC100024CC100024D4100024BC
:10B88C00D4100024DC100024DC100024E41000246C
:10B89C00E4100024EC100024EC100024F41000241C
:10B8AC00F4100024FC100024FC10002404110024CB
:10B8BC00041100240C1100240C1100241411002478
:10B8CC00141100241C1100241C1100242411002428
:10B8DC00241100242C1100242C11002434110024D8
:10B8EC00341100243C1100243C1100244411002488
:10B8FC00441100244C1100244C1100245411002438
:10B90C00541100245C1100245C11002464110024E7
:10B91C00641100246C1100246C1100247411002497
:10B92C00741100247C1100247C1100248411002447
:10B93C00841100248C1100248C11002494110024F7
:10B94C00941100249C1100249C110024A4110024A7
:10B95C00A4110024AC110024AC110024B411002457
:10B96C00B4110024BC110024BC110024C411002407
:10B97C00C4110024CC110024CC110024D4110024B7
:10B98C00D4110024FFFFFFFF0000020000000000A4
:10B99C00BD020408A10304085D0A04086D1E040816
:10B9AC0071200408F12104081D48040855480408B6
:10B9BC0075480408518F04081DFF0408000000009E
:08B9CC009902040800000000CC
:040000050804D11505
:00000001FF
